model,predictor,row_id,value,run,sample
full2_reduced,court_independence_lag1,1,0.21699999272823334,autocracy_reduced_01,autocracy
full2_reduced,court_independence_lag1,2,0.21699999272823334,autocracy_reduced_01,autocracy
full2_reduced,court_independence_lag1,24,-2.3450000286102295,autocracy_reduced_01,autocracy
full2_reduced,court_independence_lag1,29,-1.4769999980926514,autocracy_reduced_01,autocracy
full2_reduced,court_independence_lag1,30,-1.4769999980926514,autocracy_reduced_01,autocracy
full2_reduced,court_independence_lag1,31,-1.0889999866485596,autocracy_reduced_01,autocracy
full2_reduced,court_independence_lag1,40,-1.156000018119812,autocracy_reduced_01,autocracy
full2_reduced,court_independence_lag1,41,-1.156000018119812,autocracy_reduced_01,autocracy
full2_reduced,court_independence_lag1,42,-1.156000018119812,autocracy_reduced_01,autocracy
full2_reduced,court_independence_lag1,46,-1.5149999856948853,autocracy_reduced_01,autocracy
full2_reduced,court_independence_lag1,101,-0.7549999952316284,autocracy_reduced_01,autocracy
full2_reduced,court_independence_lag1,102,-0.7549999952316284,autocracy_reduced_01,autocracy
full2_reduced,court_independence_lag1,103,-0.6320000290870667,autocracy_reduced_01,autocracy
full2_reduced,court_independence_lag1,104,-0.5899999737739563,autocracy_reduced_01,autocracy
full2_reduced,court_independence_lag1,105,-0.949999988079071,autocracy_reduced_01,autocracy
full2_reduced,court_independence_lag1,109,-0.7509999871253967,autocracy_reduced_01,autocracy
full2_reduced,court_independence_lag1,150,-0.7580000162124634,autocracy_reduced_01,autocracy
full2_reduced,court_independence_lag1,152,-1.2929999828338623,autocracy_reduced_01,autocracy
full2_reduced,court_independence_lag1,153,-2.053999900817871,autocracy_reduced_01,autocracy
full2_reduced,court_independence_lag1,154,-2.053999900817871,autocracy_reduced_01,autocracy
full2_reduced,court_independence_lag1,155,-1.597000002861023,autocracy_reduced_01,autocracy
full2_reduced,court_independence_lag1,156,-1.597000002861023,autocracy_reduced_01,autocracy
full2_reduced,court_independence_lag1,157,-1.597000002861023,autocracy_reduced_01,autocracy
full2_reduced,court_independence_lag1,158,-1.597000002861023,autocracy_reduced_01,autocracy
full2_reduced,court_independence_lag1,159,-1.9019999504089355,autocracy_reduced_01,autocracy
full2_reduced,court_independence_lag1,160,1.9079999923706055,autocracy_reduced_01,autocracy
full2_reduced,court_independence_lag1,165,1.5420000553131104,autocracy_reduced_01,autocracy
full2_reduced,court_independence_lag1,166,1.8020000457763672,autocracy_reduced_01,autocracy
full2_reduced,court_independence_lag1,167,1.593999981880188,autocracy_reduced_01,autocracy
full2_reduced,court_independence_lag1,168,1.593999981880188,autocracy_reduced_01,autocracy
full2_reduced,court_independence_lag1,175,0.8999999761581421,autocracy_reduced_01,autocracy
full2_reduced,court_independence_lag1,176,0.972000002861023,autocracy_reduced_01,autocracy
full2_reduced,court_independence_lag1,178,-0.10100000351667404,autocracy_reduced_01,autocracy
full2_reduced,court_independence_lag1,180,-0.23800000548362732,autocracy_reduced_01,autocracy
full2_reduced,court_independence_lag1,181,-0.3610000014305115,autocracy_reduced_01,autocracy
full2_reduced,court_independence_lag1,182,0.7889999747276306,autocracy_reduced_01,autocracy
full2_reduced,court_independence_lag1,188,-0.23999999463558197,autocracy_reduced_01,autocracy
full2_reduced,court_independence_lag1,189,-0.23999999463558197,autocracy_reduced_01,autocracy
full2_reduced,court_independence_lag1,190,-0.17599999904632568,autocracy_reduced_01,autocracy
full2_reduced,court_independence_lag1,192,-0.9750000238418579,autocracy_reduced_01,autocracy
full2_reduced,court_independence_lag1,207,0.8420000076293945,autocracy_reduced_01,autocracy
full2_reduced,court_independence_lag1,210,-0.6620000004768372,autocracy_reduced_01,autocracy
full2_reduced,court_independence_lag1,211,-0.010999999940395355,autocracy_reduced_01,autocracy
full2_reduced,court_independence_lag1,212,-0.14100000262260437,autocracy_reduced_01,autocracy
full2_reduced,court_independence_lag1,213,-0.164000004529953,autocracy_reduced_01,autocracy
full2_reduced,court_independence_lag1,214,-0.164000004529953,autocracy_reduced_01,autocracy
full2_reduced,court_independence_lag1,215,0.6970000267028809,autocracy_reduced_01,autocracy
full2_reduced,court_independence_lag1,216,-0.23000000417232513,autocracy_reduced_01,autocracy
full2_reduced,court_independence_lag1,217,0.0010000000474974513,autocracy_reduced_01,autocracy
full2_reduced,court_independence_lag1,220,-0.3370000123977661,autocracy_reduced_01,autocracy
full2_reduced,court_independence_lag1,222,0.4880000054836273,autocracy_reduced_01,autocracy
full2_reduced,court_independence_lag1,224,0.1850000023841858,autocracy_reduced_01,autocracy
full2_reduced,court_independence_lag1,225,0.375,autocracy_reduced_01,autocracy
full2_reduced,court_independence_lag1,226,0.375,autocracy_reduced_01,autocracy
full2_reduced,court_independence_lag1,227,0.11500000208616257,autocracy_reduced_01,autocracy
full2_reduced,court_independence_lag1,242,-1.0379999876022339,autocracy_reduced_01,autocracy
full2_reduced,court_independence_lag1,245,0.01600000075995922,autocracy_reduced_01,autocracy
full2_reduced,court_independence_lag1,246,0.37400001287460327,autocracy_reduced_01,autocracy
full2_reduced,court_independence_lag1,247,0.37400001287460327,autocracy_reduced_01,autocracy
full2_reduced,court_independence_lag1,248,0.13199999928474426,autocracy_reduced_01,autocracy
full2_reduced,court_independence_lag1,249,0.41600000858306885,autocracy_reduced_01,autocracy
full2_reduced,court_independence_lag1,277,0.6510000228881836,autocracy_reduced_01,autocracy
full2_reduced,court_independence_lag1,281,-2.121000051498413,autocracy_reduced_01,autocracy
full2_reduced,court_independence_lag1,282,-2.0769999027252197,autocracy_reduced_01,autocracy
full2_reduced,court_independence_lag1,286,0.5090000033378601,autocracy_reduced_01,autocracy
full2_reduced,court_independence_lag1,287,0.9940000176429749,autocracy_reduced_01,autocracy
full2_reduced,court_independence_lag1,288,0.9940000176429749,autocracy_reduced_01,autocracy
full2_reduced,court_independence_lag1,289,-0.3799999952316284,autocracy_reduced_01,autocracy
full2_reduced,court_independence_lag1,290,-0.7699999809265137,autocracy_reduced_01,autocracy
full2_reduced,court_independence_lag1,291,-0.6610000133514404,autocracy_reduced_01,autocracy
full2_reduced,court_independence_lag1,292,-0.6610000133514404,autocracy_reduced_01,autocracy
full2_reduced,court_independence_lag1,306,0.5009999871253967,autocracy_reduced_01,autocracy
full2_reduced,court_independence_lag1,309,0.15600000321865082,autocracy_reduced_01,autocracy
full2_reduced,court_independence_lag1,313,-0.7889999747276306,autocracy_reduced_01,autocracy
full2_reduced,court_independence_lag1,315,-0.06400000303983688,autocracy_reduced_01,autocracy
full2_reduced,court_independence_lag1,316,-0.06400000303983688,autocracy_reduced_01,autocracy
full2_reduced,court_independence_lag1,317,-0.06400000303983688,autocracy_reduced_01,autocracy
full2_reduced,court_independence_lag1,318,-0.10100000351667404,autocracy_reduced_01,autocracy
full2_reduced,court_independence_lag1,320,-0.5440000295639038,autocracy_reduced_01,autocracy
full2_reduced,court_independence_lag1,321,-0.5440000295639038,autocracy_reduced_01,autocracy
full2_reduced,court_independence_lag1,322,-0.9559999704360962,autocracy_reduced_01,autocracy
full2_reduced,court_independence_lag1,389,-2.684999942779541,autocracy_reduced_01,autocracy
full2_reduced,court_independence_lag1,394,-0.843999981880188,autocracy_reduced_01,autocracy
full2_reduced,court_independence_lag1,395,-0.843999981880188,autocracy_reduced_01,autocracy
full2_reduced,court_independence_lag1,396,-0.843999981880188,autocracy_reduced_01,autocracy
full2_reduced,court_independence_lag1,397,-0.843999981880188,autocracy_reduced_01,autocracy
full2_reduced,court_independence_lag1,398,-0.843999981880188,autocracy_reduced_01,autocracy
full2_reduced,court_independence_lag1,401,1.4220000505447388,autocracy_reduced_01,autocracy
full2_reduced,court_independence_lag1,402,1.4220000505447388,autocracy_reduced_01,autocracy
full2_reduced,court_independence_lag1,403,0.5239999890327454,autocracy_reduced_01,autocracy
full2_reduced,court_independence_lag1,404,1.0190000534057617,autocracy_reduced_01,autocracy
full2_reduced,court_independence_lag1,405,0.09200000017881393,autocracy_reduced_01,autocracy
full2_reduced,court_independence_lag1,408,0.41200000047683716,autocracy_reduced_01,autocracy
full2_reduced,court_independence_lag1,409,0.5059999823570251,autocracy_reduced_01,autocracy
full2_reduced,court_independence_lag1,410,0.3619999885559082,autocracy_reduced_01,autocracy
full2_reduced,court_independence_lag1,411,0.5059999823570251,autocracy_reduced_01,autocracy
full2_reduced,court_independence_lag1,412,0.41200000047683716,autocracy_reduced_01,autocracy
full2_reduced,court_independence_lag1,432,-1.0889999866485596,autocracy_reduced_01,autocracy
full2_reduced,court_independence_lag1,496,-0.7549999952316284,autocracy_reduced_01,autocracy
full2_reduced,court_independence_lag1,497,-0.5899999737739563,autocracy_reduced_01,autocracy
full2_reduced,court_independence_lag1,553,-0.0560000017285347,autocracy_reduced_01,autocracy
full2_reduced,court_independence_lag1,554,-0.33000001311302185,autocracy_reduced_01,autocracy
full2_reduced,court_independence_lag1,557,-0.7580000162124634,autocracy_reduced_01,autocracy
full2_reduced,court_independence_lag1,560,-1.2929999828338623,autocracy_reduced_01,autocracy
full2_reduced,court_independence_lag1,561,-1.597000002861023,autocracy_reduced_01,autocracy
full2_reduced,court_independence_lag1,562,-1.597000002861023,autocracy_reduced_01,autocracy
full2_reduced,court_independence_lag1,563,-1.597000002861023,autocracy_reduced_01,autocracy
full2_reduced,court_independence_lag1,564,-1.597000002861023,autocracy_reduced_01,autocracy
full2_reduced,court_independence_lag1,565,-1.597000002861023,autocracy_reduced_01,autocracy
full2_reduced,court_independence_lag1,566,-1.597000002861023,autocracy_reduced_01,autocracy
full2_reduced,court_independence_lag1,569,1.5420000553131104,autocracy_reduced_01,autocracy
full2_reduced,court_independence_lag1,570,1.3329999446868896,autocracy_reduced_01,autocracy
full2_reduced,court_independence_lag1,571,1.8020000457763672,autocracy_reduced_01,autocracy
full2_reduced,court_independence_lag1,572,1.593999981880188,autocracy_reduced_01,autocracy
full2_reduced,court_independence_lag1,573,1.593999981880188,autocracy_reduced_01,autocracy
full2_reduced,court_independence_lag1,575,-0.10100000351667404,autocracy_reduced_01,autocracy
full2_reduced,court_independence_lag1,576,-0.10100000351667404,autocracy_reduced_01,autocracy
full2_reduced,court_independence_lag1,577,-0.23800000548362732,autocracy_reduced_01,autocracy
full2_reduced,court_independence_lag1,578,-0.23800000548362732,autocracy_reduced_01,autocracy
full2_reduced,court_independence_lag1,579,-0.23800000548362732,autocracy_reduced_01,autocracy
full2_reduced,court_independence_lag1,582,-0.23999999463558197,autocracy_reduced_01,autocracy
full2_reduced,court_independence_lag1,583,-0.23999999463558197,autocracy_reduced_01,autocracy
full2_reduced,court_independence_lag1,584,-0.23999999463558197,autocracy_reduced_01,autocracy
full2_reduced,court_independence_lag1,585,-0.23999999463558197,autocracy_reduced_01,autocracy
full2_reduced,court_independence_lag1,586,-0.23999999463558197,autocracy_reduced_01,autocracy
full2_reduced,court_independence_lag1,587,-0.23999999463558197,autocracy_reduced_01,autocracy
full2_reduced,court_independence_lag1,588,-0.23999999463558197,autocracy_reduced_01,autocracy
full2_reduced,court_independence_lag1,589,-0.23999999463558197,autocracy_reduced_01,autocracy
full2_reduced,court_independence_lag1,590,-0.23999999463558197,autocracy_reduced_01,autocracy
full2_reduced,court_independence_lag1,591,-0.23999999463558197,autocracy_reduced_01,autocracy
full2_reduced,court_independence_lag1,592,-0.17599999904632568,autocracy_reduced_01,autocracy
full2_reduced,court_independence_lag1,604,0.8420000076293945,autocracy_reduced_01,autocracy
full2_reduced,court_independence_lag1,606,0.48899999260902405,autocracy_reduced_01,autocracy
full2_reduced,court_independence_lag1,608,-0.14100000262260437,autocracy_reduced_01,autocracy
full2_reduced,court_independence_lag1,609,0.6970000267028809,autocracy_reduced_01,autocracy
full2_reduced,court_independence_lag1,610,-0.164000004529953,autocracy_reduced_01,autocracy
full2_reduced,court_independence_lag1,611,-0.164000004529953,autocracy_reduced_01,autocracy
full2_reduced,court_independence_lag1,612,-0.4099999964237213,autocracy_reduced_01,autocracy
full2_reduced,court_independence_lag1,613,-0.4099999964237213,autocracy_reduced_01,autocracy
full2_reduced,court_independence_lag1,617,0.2240000069141388,autocracy_reduced_01,autocracy
full2_reduced,court_independence_lag1,625,0.37400001287460327,autocracy_reduced_01,autocracy
full2_reduced,court_independence_lag1,626,0.37400001287460327,autocracy_reduced_01,autocracy
full2_reduced,court_independence_lag1,627,0.13199999928474426,autocracy_reduced_01,autocracy
full2_reduced,court_independence_lag1,628,0.13199999928474426,autocracy_reduced_01,autocracy
full2_reduced,court_independence_lag1,629,0.13199999928474426,autocracy_reduced_01,autocracy
full2_reduced,court_independence_lag1,678,0.9940000176429749,autocracy_reduced_01,autocracy
full2_reduced,court_independence_lag1,679,-0.3799999952316284,autocracy_reduced_01,autocracy
full2_reduced,court_independence_lag1,680,-0.3799999952316284,autocracy_reduced_01,autocracy
full2_reduced,court_independence_lag1,681,-0.3799999952316284,autocracy_reduced_01,autocracy
full2_reduced,court_independence_lag1,682,-0.3799999952316284,autocracy_reduced_01,autocracy
full2_reduced,court_independence_lag1,683,-0.3799999952316284,autocracy_reduced_01,autocracy
full2_reduced,court_independence_lag1,684,-0.3799999952316284,autocracy_reduced_01,autocracy
full2_reduced,court_independence_lag1,685,-0.3799999952316284,autocracy_reduced_01,autocracy
full2_reduced,court_independence_lag1,686,-0.3799999952316284,autocracy_reduced_01,autocracy
full2_reduced,court_independence_lag1,687,-0.3799999952316284,autocracy_reduced_01,autocracy
full2_reduced,court_independence_lag1,688,-0.3799999952316284,autocracy_reduced_01,autocracy
full2_reduced,court_independence_lag1,689,0.6320000290870667,autocracy_reduced_01,autocracy
full2_reduced,court_independence_lag1,690,-0.3799999952316284,autocracy_reduced_01,autocracy
full2_reduced,court_independence_lag1,691,-0.7699999809265137,autocracy_reduced_01,autocracy
full2_reduced,court_independence_lag1,692,-0.6610000133514404,autocracy_reduced_01,autocracy
full2_reduced,court_independence_lag1,714,1.4589999914169312,autocracy_reduced_01,autocracy
full2_reduced,court_independence_lag1,715,1.4589999914169312,autocracy_reduced_01,autocracy
full2_reduced,court_independence_lag1,716,1.4589999914169312,autocracy_reduced_01,autocracy
full2_reduced,court_independence_lag1,720,1.1510000228881836,autocracy_reduced_01,autocracy
full2_reduced,court_independence_lag1,722,0.5009999871253967,autocracy_reduced_01,autocracy
full2_reduced,court_independence_lag1,723,1.1510000228881836,autocracy_reduced_01,autocracy
full2_reduced,court_independence_lag1,724,1.1510000228881836,autocracy_reduced_01,autocracy
full2_reduced,court_independence_lag1,725,1.1510000228881836,autocracy_reduced_01,autocracy
full2_reduced,court_independence_lag1,727,1.1510000228881836,autocracy_reduced_01,autocracy
full2_reduced,court_independence_lag1,728,0.5009999871253967,autocracy_reduced_01,autocracy
full2_reduced,court_independence_lag1,729,0.5009999871253967,autocracy_reduced_01,autocracy
full2_reduced,court_independence_lag1,731,1.0520000457763672,autocracy_reduced_01,autocracy
full2_reduced,court_independence_lag1,736,0.15600000321865082,autocracy_reduced_01,autocracy
full2_reduced,court_independence_lag1,737,0.15600000321865082,autocracy_reduced_01,autocracy
full2_reduced,court_independence_lag1,739,0.09300000220537186,autocracy_reduced_01,autocracy
full2_reduced,court_independence_lag1,744,0.13099999725818634,autocracy_reduced_01,autocracy
full2_reduced,court_independence_lag1,746,0.13099999725818634,autocracy_reduced_01,autocracy
full2_reduced,court_independence_lag1,747,0.13099999725818634,autocracy_reduced_01,autocracy
full2_reduced,court_independence_lag1,749,-0.06400000303983688,autocracy_reduced_01,autocracy
full2_reduced,court_independence_lag1,750,-0.8360000252723694,autocracy_reduced_01,autocracy
full2_reduced,court_independence_lag1,751,-0.10100000351667404,autocracy_reduced_01,autocracy
full2_reduced,court_independence_lag1,752,-0.10100000351667404,autocracy_reduced_01,autocracy
full2_reduced,court_independence_lag1,753,-0.9559999704360962,autocracy_reduced_01,autocracy
full2_reduced,court_independence_lag1,754,-0.9559999704360962,autocracy_reduced_01,autocracy
full2_reduced,court_independence_lag1,1063,-1.8839999437332153,autocracy_reduced_01,autocracy
full2_reduced,court_independence_lag1,1064,-0.843999981880188,autocracy_reduced_01,autocracy
full2_reduced,court_independence_lag1,1065,-0.843999981880188,autocracy_reduced_01,autocracy
full2_reduced,court_independence_lag1,1067,-0.843999981880188,autocracy_reduced_01,autocracy
full2_reduced,court_independence_lag1,1068,1.0190000534057617,autocracy_reduced_01,autocracy
full2_reduced,court_independence_lag1,1071,0.41200000047683716,autocracy_reduced_01,autocracy
full2_reduced,court_independence_lag1,1072,0.41200000047683716,autocracy_reduced_01,autocracy
full2_reduced,court_independence_lag1,1073,0.41200000047683716,autocracy_reduced_01,autocracy
full2_reduced,court_independence_lag1,1075,-0.3700000047683716,autocracy_reduced_01,autocracy
full2_reduced,v2jupurge_lag1,1,-0.7020000219345093,autocracy_reduced_01,autocracy
full2_reduced,v2jupurge_lag1,2,-0.6340000033378601,autocracy_reduced_01,autocracy
full2_reduced,v2jupurge_lag1,24,-0.017999999225139618,autocracy_reduced_01,autocracy
full2_reduced,v2jupurge_lag1,29,0.8190000057220459,autocracy_reduced_01,autocracy
full2_reduced,v2jupurge_lag1,30,0.8190000057220459,autocracy_reduced_01,autocracy
full2_reduced,v2jupurge_lag1,31,-1.0989999771118164,autocracy_reduced_01,autocracy
full2_reduced,v2jupurge_lag1,40,-0.4819999933242798,autocracy_reduced_01,autocracy
full2_reduced,v2jupurge_lag1,41,-0.4819999933242798,autocracy_reduced_01,autocracy
full2_reduced,v2jupurge_lag1,42,-0.4819999933242798,autocracy_reduced_01,autocracy
full2_reduced,v2jupurge_lag1,46,-1.7580000162124634,autocracy_reduced_01,autocracy
full2_reduced,v2jupurge_lag1,101,0.30799999833106995,autocracy_reduced_01,autocracy
full2_reduced,v2jupurge_lag1,102,0.30799999833106995,autocracy_reduced_01,autocracy
full2_reduced,v2jupurge_lag1,103,-0.00800000037997961,autocracy_reduced_01,autocracy
full2_reduced,v2jupurge_lag1,104,-0.7549999952316284,autocracy_reduced_01,autocracy
full2_reduced,v2jupurge_lag1,105,-0.781000018119812,autocracy_reduced_01,autocracy
full2_reduced,v2jupurge_lag1,109,0.5979999899864197,autocracy_reduced_01,autocracy
full2_reduced,v2jupurge_lag1,150,1.4509999752044678,autocracy_reduced_01,autocracy
full2_reduced,v2jupurge_lag1,152,1.2369999885559082,autocracy_reduced_01,autocracy
full2_reduced,v2jupurge_lag1,153,0.7630000114440918,autocracy_reduced_01,autocracy
full2_reduced,v2jupurge_lag1,154,0.6650000214576721,autocracy_reduced_01,autocracy
full2_reduced,v2jupurge_lag1,155,0.8429999947547913,autocracy_reduced_01,autocracy
full2_reduced,v2jupurge_lag1,156,0.8429999947547913,autocracy_reduced_01,autocracy
full2_reduced,v2jupurge_lag1,157,0.6330000162124634,autocracy_reduced_01,autocracy
full2_reduced,v2jupurge_lag1,158,0.8410000205039978,autocracy_reduced_01,autocracy
full2_reduced,v2jupurge_lag1,159,0.7170000076293945,autocracy_reduced_01,autocracy
full2_reduced,v2jupurge_lag1,160,0.6800000071525574,autocracy_reduced_01,autocracy
full2_reduced,v2jupurge_lag1,165,0.7360000014305115,autocracy_reduced_01,autocracy
full2_reduced,v2jupurge_lag1,166,0.859000027179718,autocracy_reduced_01,autocracy
full2_reduced,v2jupurge_lag1,167,1.1119999885559082,autocracy_reduced_01,autocracy
full2_reduced,v2jupurge_lag1,168,1.1119999885559082,autocracy_reduced_01,autocracy
full2_reduced,v2jupurge_lag1,175,0.23000000417232513,autocracy_reduced_01,autocracy
full2_reduced,v2jupurge_lag1,176,1.4299999475479126,autocracy_reduced_01,autocracy
full2_reduced,v2jupurge_lag1,178,0.968999981880188,autocracy_reduced_01,autocracy
full2_reduced,v2jupurge_lag1,180,0.6349999904632568,autocracy_reduced_01,autocracy
full2_reduced,v2jupurge_lag1,181,1.0679999589920044,autocracy_reduced_01,autocracy
full2_reduced,v2jupurge_lag1,182,2.361999988555908,autocracy_reduced_01,autocracy
full2_reduced,v2jupurge_lag1,188,-0.4359999895095825,autocracy_reduced_01,autocracy
full2_reduced,v2jupurge_lag1,189,-0.4359999895095825,autocracy_reduced_01,autocracy
full2_reduced,v2jupurge_lag1,190,0.46799999475479126,autocracy_reduced_01,autocracy
full2_reduced,v2jupurge_lag1,192,0.9070000052452087,autocracy_reduced_01,autocracy
full2_reduced,v2jupurge_lag1,207,1.3309999704360962,autocracy_reduced_01,autocracy
full2_reduced,v2jupurge_lag1,210,-0.8360000252723694,autocracy_reduced_01,autocracy
full2_reduced,v2jupurge_lag1,211,0.8349999785423279,autocracy_reduced_01,autocracy
full2_reduced,v2jupurge_lag1,212,1.3339999914169312,autocracy_reduced_01,autocracy
full2_reduced,v2jupurge_lag1,213,1.3289999961853027,autocracy_reduced_01,autocracy
full2_reduced,v2jupurge_lag1,214,1.3289999961853027,autocracy_reduced_01,autocracy
full2_reduced,v2jupurge_lag1,215,1.88100004196167,autocracy_reduced_01,autocracy
full2_reduced,v2jupurge_lag1,216,1.88100004196167,autocracy_reduced_01,autocracy
full2_reduced,v2jupurge_lag1,217,0.7519999742507935,autocracy_reduced_01,autocracy
full2_reduced,v2jupurge_lag1,220,-1.281999945640564,autocracy_reduced_01,autocracy
full2_reduced,v2jupurge_lag1,222,0.2590000033378601,autocracy_reduced_01,autocracy
full2_reduced,v2jupurge_lag1,224,0.32899999618530273,autocracy_reduced_01,autocracy
full2_reduced,v2jupurge_lag1,225,-0.4390000104904175,autocracy_reduced_01,autocracy
full2_reduced,v2jupurge_lag1,226,0.5460000038146973,autocracy_reduced_01,autocracy
full2_reduced,v2jupurge_lag1,227,1.0770000219345093,autocracy_reduced_01,autocracy
full2_reduced,v2jupurge_lag1,242,-1.065000057220459,autocracy_reduced_01,autocracy
full2_reduced,v2jupurge_lag1,245,2.5280001163482666,autocracy_reduced_01,autocracy
full2_reduced,v2jupurge_lag1,246,2.5280001163482666,autocracy_reduced_01,autocracy
full2_reduced,v2jupurge_lag1,247,2.5280001163482666,autocracy_reduced_01,autocracy
full2_reduced,v2jupurge_lag1,248,2.5280001163482666,autocracy_reduced_01,autocracy
full2_reduced,v2jupurge_lag1,249,2.5280001163482666,autocracy_reduced_01,autocracy
full2_reduced,v2jupurge_lag1,277,0.746999979019165,autocracy_reduced_01,autocracy
full2_reduced,v2jupurge_lag1,281,-0.017999999225139618,autocracy_reduced_01,autocracy
full2_reduced,v2jupurge_lag1,282,-0.20600000023841858,autocracy_reduced_01,autocracy
full2_reduced,v2jupurge_lag1,286,1.7979999780654907,autocracy_reduced_01,autocracy
full2_reduced,v2jupurge_lag1,287,1.7979999780654907,autocracy_reduced_01,autocracy
full2_reduced,v2jupurge_lag1,288,1.7979999780654907,autocracy_reduced_01,autocracy
full2_reduced,v2jupurge_lag1,289,0.8859999775886536,autocracy_reduced_01,autocracy
full2_reduced,v2jupurge_lag1,290,1.9229999780654907,autocracy_reduced_01,autocracy
full2_reduced,v2jupurge_lag1,291,1.3559999465942383,autocracy_reduced_01,autocracy
full2_reduced,v2jupurge_lag1,292,1.5549999475479126,autocracy_reduced_01,autocracy
full2_reduced,v2jupurge_lag1,306,-1.871000051498413,autocracy_reduced_01,autocracy
full2_reduced,v2jupurge_lag1,309,-2.7739999294281006,autocracy_reduced_01,autocracy
full2_reduced,v2jupurge_lag1,313,-1.565999984741211,autocracy_reduced_01,autocracy
full2_reduced,v2jupurge_lag1,315,-0.22100000083446503,autocracy_reduced_01,autocracy
full2_reduced,v2jupurge_lag1,316,1.3619999885559082,autocracy_reduced_01,autocracy
full2_reduced,v2jupurge_lag1,317,1.3619999885559082,autocracy_reduced_01,autocracy
full2_reduced,v2jupurge_lag1,318,1.3619999885559082,autocracy_reduced_01,autocracy
full2_reduced,v2jupurge_lag1,320,1.5959999561309814,autocracy_reduced_01,autocracy
full2_reduced,v2jupurge_lag1,321,1.9700000286102295,autocracy_reduced_01,autocracy
full2_reduced,v2jupurge_lag1,322,1.3600000143051147,autocracy_reduced_01,autocracy
full2_reduced,v2jupurge_lag1,389,-1.5809999704360962,autocracy_reduced_01,autocracy
full2_reduced,v2jupurge_lag1,394,0.5440000295639038,autocracy_reduced_01,autocracy
full2_reduced,v2jupurge_lag1,395,0.8870000243186951,autocracy_reduced_01,autocracy
full2_reduced,v2jupurge_lag1,396,0.8870000243186951,autocracy_reduced_01,autocracy
full2_reduced,v2jupurge_lag1,397,0.8870000243186951,autocracy_reduced_01,autocracy
full2_reduced,v2jupurge_lag1,398,0.8870000243186951,autocracy_reduced_01,autocracy
full2_reduced,v2jupurge_lag1,401,0.7720000147819519,autocracy_reduced_01,autocracy
full2_reduced,v2jupurge_lag1,402,1.0720000267028809,autocracy_reduced_01,autocracy
full2_reduced,v2jupurge_lag1,403,2.3340001106262207,autocracy_reduced_01,autocracy
full2_reduced,v2jupurge_lag1,404,-0.7440000176429749,autocracy_reduced_01,autocracy
full2_reduced,v2jupurge_lag1,405,-2.059999942779541,autocracy_reduced_01,autocracy
full2_reduced,v2jupurge_lag1,408,-0.032999999821186066,autocracy_reduced_01,autocracy
full2_reduced,v2jupurge_lag1,409,-0.032999999821186066,autocracy_reduced_01,autocracy
full2_reduced,v2jupurge_lag1,410,0.5210000276565552,autocracy_reduced_01,autocracy
full2_reduced,v2jupurge_lag1,411,0.8790000081062317,autocracy_reduced_01,autocracy
full2_reduced,v2jupurge_lag1,412,1.8109999895095825,autocracy_reduced_01,autocracy
full2_reduced,v2jupurge_lag1,432,-1.0989999771118164,autocracy_reduced_01,autocracy
full2_reduced,v2jupurge_lag1,496,0.30799999833106995,autocracy_reduced_01,autocracy
full2_reduced,v2jupurge_lag1,497,-0.7549999952316284,autocracy_reduced_01,autocracy
full2_reduced,v2jupurge_lag1,553,0.6100000143051147,autocracy_reduced_01,autocracy
full2_reduced,v2jupurge_lag1,554,0.6100000143051147,autocracy_reduced_01,autocracy
full2_reduced,v2jupurge_lag1,557,1.4509999752044678,autocracy_reduced_01,autocracy
full2_reduced,v2jupurge_lag1,560,1.2369999885559082,autocracy_reduced_01,autocracy
full2_reduced,v2jupurge_lag1,561,0.8429999947547913,autocracy_reduced_01,autocracy
full2_reduced,v2jupurge_lag1,562,0.8429999947547913,autocracy_reduced_01,autocracy
full2_reduced,v2jupurge_lag1,563,0.8429999947547913,autocracy_reduced_01,autocracy
full2_reduced,v2jupurge_lag1,564,0.8429999947547913,autocracy_reduced_01,autocracy
full2_reduced,v2jupurge_lag1,565,0.8429999947547913,autocracy_reduced_01,autocracy
full2_reduced,v2jupurge_lag1,566,0.6330000162124634,autocracy_reduced_01,autocracy
full2_reduced,v2jupurge_lag1,569,0.7360000014305115,autocracy_reduced_01,autocracy
full2_reduced,v2jupurge_lag1,570,0.7360000014305115,autocracy_reduced_01,autocracy
full2_reduced,v2jupurge_lag1,571,0.859000027179718,autocracy_reduced_01,autocracy
full2_reduced,v2jupurge_lag1,572,1.1119999885559082,autocracy_reduced_01,autocracy
full2_reduced,v2jupurge_lag1,573,1.1119999885559082,autocracy_reduced_01,autocracy
full2_reduced,v2jupurge_lag1,575,0.968999981880188,autocracy_reduced_01,autocracy
full2_reduced,v2jupurge_lag1,576,0.968999981880188,autocracy_reduced_01,autocracy
full2_reduced,v2jupurge_lag1,577,0.6349999904632568,autocracy_reduced_01,autocracy
full2_reduced,v2jupurge_lag1,578,0.6349999904632568,autocracy_reduced_01,autocracy
full2_reduced,v2jupurge_lag1,579,0.6349999904632568,autocracy_reduced_01,autocracy
full2_reduced,v2jupurge_lag1,582,-0.4359999895095825,autocracy_reduced_01,autocracy
full2_reduced,v2jupurge_lag1,583,-0.4359999895095825,autocracy_reduced_01,autocracy
full2_reduced,v2jupurge_lag1,584,-0.4359999895095825,autocracy_reduced_01,autocracy
full2_reduced,v2jupurge_lag1,585,-0.4359999895095825,autocracy_reduced_01,autocracy
full2_reduced,v2jupurge_lag1,586,-0.4359999895095825,autocracy_reduced_01,autocracy
full2_reduced,v2jupurge_lag1,587,-0.4359999895095825,autocracy_reduced_01,autocracy
full2_reduced,v2jupurge_lag1,588,-0.4359999895095825,autocracy_reduced_01,autocracy
full2_reduced,v2jupurge_lag1,589,-0.4359999895095825,autocracy_reduced_01,autocracy
full2_reduced,v2jupurge_lag1,590,-0.4359999895095825,autocracy_reduced_01,autocracy
full2_reduced,v2jupurge_lag1,591,-0.4359999895095825,autocracy_reduced_01,autocracy
full2_reduced,v2jupurge_lag1,592,0.46799999475479126,autocracy_reduced_01,autocracy
full2_reduced,v2jupurge_lag1,604,1.3309999704360962,autocracy_reduced_01,autocracy
full2_reduced,v2jupurge_lag1,606,0.699999988079071,autocracy_reduced_01,autocracy
full2_reduced,v2jupurge_lag1,608,1.3339999914169312,autocracy_reduced_01,autocracy
full2_reduced,v2jupurge_lag1,609,1.3289999961853027,autocracy_reduced_01,autocracy
full2_reduced,v2jupurge_lag1,610,1.3289999961853027,autocracy_reduced_01,autocracy
full2_reduced,v2jupurge_lag1,611,1.88100004196167,autocracy_reduced_01,autocracy
full2_reduced,v2jupurge_lag1,612,0.7519999742507935,autocracy_reduced_01,autocracy
full2_reduced,v2jupurge_lag1,613,0.7519999742507935,autocracy_reduced_01,autocracy
full2_reduced,v2jupurge_lag1,617,1.0770000219345093,autocracy_reduced_01,autocracy
full2_reduced,v2jupurge_lag1,625,2.5280001163482666,autocracy_reduced_01,autocracy
full2_reduced,v2jupurge_lag1,626,2.5280001163482666,autocracy_reduced_01,autocracy
full2_reduced,v2jupurge_lag1,627,2.5280001163482666,autocracy_reduced_01,autocracy
full2_reduced,v2jupurge_lag1,628,2.5280001163482666,autocracy_reduced_01,autocracy
full2_reduced,v2jupurge_lag1,629,2.5280001163482666,autocracy_reduced_01,autocracy
full2_reduced,v2jupurge_lag1,678,1.7979999780654907,autocracy_reduced_01,autocracy
full2_reduced,v2jupurge_lag1,679,0.8859999775886536,autocracy_reduced_01,autocracy
full2_reduced,v2jupurge_lag1,680,0.8859999775886536,autocracy_reduced_01,autocracy
full2_reduced,v2jupurge_lag1,681,0.8859999775886536,autocracy_reduced_01,autocracy
full2_reduced,v2jupurge_lag1,682,0.8859999775886536,autocracy_reduced_01,autocracy
full2_reduced,v2jupurge_lag1,683,0.8859999775886536,autocracy_reduced_01,autocracy
full2_reduced,v2jupurge_lag1,684,0.8859999775886536,autocracy_reduced_01,autocracy
full2_reduced,v2jupurge_lag1,685,0.8859999775886536,autocracy_reduced_01,autocracy
full2_reduced,v2jupurge_lag1,686,0.8859999775886536,autocracy_reduced_01,autocracy
full2_reduced,v2jupurge_lag1,687,0.8859999775886536,autocracy_reduced_01,autocracy
full2_reduced,v2jupurge_lag1,688,0.8859999775886536,autocracy_reduced_01,autocracy
full2_reduced,v2jupurge_lag1,689,0.8859999775886536,autocracy_reduced_01,autocracy
full2_reduced,v2jupurge_lag1,690,0.8859999775886536,autocracy_reduced_01,autocracy
full2_reduced,v2jupurge_lag1,691,1.9229999780654907,autocracy_reduced_01,autocracy
full2_reduced,v2jupurge_lag1,692,1.3559999465942383,autocracy_reduced_01,autocracy
full2_reduced,v2jupurge_lag1,714,-1.3309999704360962,autocracy_reduced_01,autocracy
full2_reduced,v2jupurge_lag1,715,-1.3309999704360962,autocracy_reduced_01,autocracy
full2_reduced,v2jupurge_lag1,716,-1.3309999704360962,autocracy_reduced_01,autocracy
full2_reduced,v2jupurge_lag1,720,-1.7589999437332153,autocracy_reduced_01,autocracy
full2_reduced,v2jupurge_lag1,722,-1.7589999437332153,autocracy_reduced_01,autocracy
full2_reduced,v2jupurge_lag1,723,-1.7589999437332153,autocracy_reduced_01,autocracy
full2_reduced,v2jupurge_lag1,724,-1.7589999437332153,autocracy_reduced_01,autocracy
full2_reduced,v2jupurge_lag1,725,-1.7589999437332153,autocracy_reduced_01,autocracy
full2_reduced,v2jupurge_lag1,727,-1.7589999437332153,autocracy_reduced_01,autocracy
full2_reduced,v2jupurge_lag1,728,-1.871000051498413,autocracy_reduced_01,autocracy
full2_reduced,v2jupurge_lag1,729,-1.871000051498413,autocracy_reduced_01,autocracy
full2_reduced,v2jupurge_lag1,731,-1.871000051498413,autocracy_reduced_01,autocracy
full2_reduced,v2jupurge_lag1,736,-2.7739999294281006,autocracy_reduced_01,autocracy
full2_reduced,v2jupurge_lag1,737,-2.7739999294281006,autocracy_reduced_01,autocracy
full2_reduced,v2jupurge_lag1,739,-1.8849999904632568,autocracy_reduced_01,autocracy
full2_reduced,v2jupurge_lag1,744,-1.565999984741211,autocracy_reduced_01,autocracy
full2_reduced,v2jupurge_lag1,746,-1.565999984741211,autocracy_reduced_01,autocracy
full2_reduced,v2jupurge_lag1,747,-1.565999984741211,autocracy_reduced_01,autocracy
full2_reduced,v2jupurge_lag1,749,1.3619999885559082,autocracy_reduced_01,autocracy
full2_reduced,v2jupurge_lag1,750,1.3619999885559082,autocracy_reduced_01,autocracy
full2_reduced,v2jupurge_lag1,751,1.3619999885559082,autocracy_reduced_01,autocracy
full2_reduced,v2jupurge_lag1,752,1.3619999885559082,autocracy_reduced_01,autocracy
full2_reduced,v2jupurge_lag1,753,1.3600000143051147,autocracy_reduced_01,autocracy
full2_reduced,v2jupurge_lag1,754,1.3600000143051147,autocracy_reduced_01,autocracy
full2_reduced,v2jupurge_lag1,1063,-0.656000018119812,autocracy_reduced_01,autocracy
full2_reduced,v2jupurge_lag1,1064,0.5440000295639038,autocracy_reduced_01,autocracy
full2_reduced,v2jupurge_lag1,1065,0.5440000295639038,autocracy_reduced_01,autocracy
full2_reduced,v2jupurge_lag1,1067,0.8870000243186951,autocracy_reduced_01,autocracy
full2_reduced,v2jupurge_lag1,1068,-0.7440000176429749,autocracy_reduced_01,autocracy
full2_reduced,v2jupurge_lag1,1071,-0.032999999821186066,autocracy_reduced_01,autocracy
full2_reduced,v2jupurge_lag1,1072,-0.032999999821186066,autocracy_reduced_01,autocracy
full2_reduced,v2jupurge_lag1,1073,0.5210000276565552,autocracy_reduced_01,autocracy
full2_reduced,v2jupurge_lag1,1075,0.07599999755620956,autocracy_reduced_01,autocracy
full2_reduced,wdj_expression_lag1,1,0.0,autocracy_reduced_01,autocracy
full2_reduced,wdj_expression_lag1,2,0.0,autocracy_reduced_01,autocracy
full2_reduced,wdj_expression_lag1,24,0.6851851940155029,autocracy_reduced_01,autocracy
full2_reduced,wdj_expression_lag1,29,0.0555555559694767,autocracy_reduced_01,autocracy
full2_reduced,wdj_expression_lag1,30,0.0555555559694767,autocracy_reduced_01,autocracy
full2_reduced,wdj_expression_lag1,31,0.0555555559694767,autocracy_reduced_01,autocracy
full2_reduced,wdj_expression_lag1,40,0.0,autocracy_reduced_01,autocracy
full2_reduced,wdj_expression_lag1,41,0.0,autocracy_reduced_01,autocracy
full2_reduced,wdj_expression_lag1,42,0.0,autocracy_reduced_01,autocracy
full2_reduced,wdj_expression_lag1,46,-0.1111111119389534,autocracy_reduced_01,autocracy
full2_reduced,wdj_expression_lag1,101,0.0,autocracy_reduced_01,autocracy
full2_reduced,wdj_expression_lag1,102,0.0,autocracy_reduced_01,autocracy
full2_reduced,wdj_expression_lag1,103,0.0,autocracy_reduced_01,autocracy
full2_reduced,wdj_expression_lag1,104,0.0,autocracy_reduced_01,autocracy
full2_reduced,wdj_expression_lag1,105,0.0,autocracy_reduced_01,autocracy
full2_reduced,wdj_expression_lag1,109,0.3274853825569153,autocracy_reduced_01,autocracy
full2_reduced,wdj_expression_lag1,150,0.4941520392894745,autocracy_reduced_01,autocracy
full2_reduced,wdj_expression_lag1,152,0.44708994030952454,autocracy_reduced_01,autocracy
full2_reduced,wdj_expression_lag1,153,0.0,autocracy_reduced_01,autocracy
full2_reduced,wdj_expression_lag1,154,0.0,autocracy_reduced_01,autocracy
full2_reduced,wdj_expression_lag1,155,0.0,autocracy_reduced_01,autocracy
full2_reduced,wdj_expression_lag1,156,0.8730158805847168,autocracy_reduced_01,autocracy
full2_reduced,wdj_expression_lag1,157,0.8730158805847168,autocracy_reduced_01,autocracy
full2_reduced,wdj_expression_lag1,158,0.8730158805847168,autocracy_reduced_01,autocracy
full2_reduced,wdj_expression_lag1,159,0.8730158805847168,autocracy_reduced_01,autocracy
full2_reduced,wdj_expression_lag1,160,0.0,autocracy_reduced_01,autocracy
full2_reduced,wdj_expression_lag1,165,0.7777777910232544,autocracy_reduced_01,autocracy
full2_reduced,wdj_expression_lag1,166,0.7777777910232544,autocracy_reduced_01,autocracy
full2_reduced,wdj_expression_lag1,167,0.8518518805503845,autocracy_reduced_01,autocracy
full2_reduced,wdj_expression_lag1,168,0.8518518805503845,autocracy_reduced_01,autocracy
full2_reduced,wdj_expression_lag1,175,-0.03703703731298447,autocracy_reduced_01,autocracy
full2_reduced,wdj_expression_lag1,176,0.0,autocracy_reduced_01,autocracy
full2_reduced,wdj_expression_lag1,178,0.6339869499206543,autocracy_reduced_01,autocracy
full2_reduced,wdj_expression_lag1,180,0.6339869499206543,autocracy_reduced_01,autocracy
full2_reduced,wdj_expression_lag1,181,0.6339869499206543,autocracy_reduced_01,autocracy
full2_reduced,wdj_expression_lag1,182,0.6339869499206543,autocracy_reduced_01,autocracy
full2_reduced,wdj_expression_lag1,188,0.7111111283302307,autocracy_reduced_01,autocracy
full2_reduced,wdj_expression_lag1,189,0.7111111283302307,autocracy_reduced_01,autocracy
full2_reduced,wdj_expression_lag1,190,0.7111111283302307,autocracy_reduced_01,autocracy
full2_reduced,wdj_expression_lag1,192,0.0,autocracy_reduced_01,autocracy
full2_reduced,wdj_expression_lag1,207,0.9074074029922485,autocracy_reduced_01,autocracy
full2_reduced,wdj_expression_lag1,210,0.0,autocracy_reduced_01,autocracy
full2_reduced,wdj_expression_lag1,211,0.0,autocracy_reduced_01,autocracy
full2_reduced,wdj_expression_lag1,212,0.0,autocracy_reduced_01,autocracy
full2_reduced,wdj_expression_lag1,213,0.0,autocracy_reduced_01,autocracy
full2_reduced,wdj_expression_lag1,214,0.0,autocracy_reduced_01,autocracy
full2_reduced,wdj_expression_lag1,215,0.0,autocracy_reduced_01,autocracy
full2_reduced,wdj_expression_lag1,216,0.0,autocracy_reduced_01,autocracy
full2_reduced,wdj_expression_lag1,217,0.0,autocracy_reduced_01,autocracy
full2_reduced,wdj_expression_lag1,220,0.0,autocracy_reduced_01,autocracy
full2_reduced,wdj_expression_lag1,222,0.0,autocracy_reduced_01,autocracy
full2_reduced,wdj_expression_lag1,224,0.0,autocracy_reduced_01,autocracy
full2_reduced,wdj_expression_lag1,225,0.5333333611488342,autocracy_reduced_01,autocracy
full2_reduced,wdj_expression_lag1,226,0.5333333611488342,autocracy_reduced_01,autocracy
full2_reduced,wdj_expression_lag1,227,0.35947713255882263,autocracy_reduced_01,autocracy
full2_reduced,wdj_expression_lag1,242,0.0,autocracy_reduced_01,autocracy
full2_reduced,wdj_expression_lag1,245,0.0,autocracy_reduced_01,autocracy
full2_reduced,wdj_expression_lag1,246,0.0,autocracy_reduced_01,autocracy
full2_reduced,wdj_expression_lag1,247,0.0,autocracy_reduced_01,autocracy
full2_reduced,wdj_expression_lag1,248,0.3055555522441864,autocracy_reduced_01,autocracy
full2_reduced,wdj_expression_lag1,249,0.3055555522441864,autocracy_reduced_01,autocracy
full2_reduced,wdj_expression_lag1,277,0.0,autocracy_reduced_01,autocracy
full2_reduced,wdj_expression_lag1,281,0.0,autocracy_reduced_01,autocracy
full2_reduced,wdj_expression_lag1,282,0.0,autocracy_reduced_01,autocracy
full2_reduced,wdj_expression_lag1,286,0.0,autocracy_reduced_01,autocracy
full2_reduced,wdj_expression_lag1,287,0.0,autocracy_reduced_01,autocracy
full2_reduced,wdj_expression_lag1,288,0.0,autocracy_reduced_01,autocracy
full2_reduced,wdj_expression_lag1,289,0.0,autocracy_reduced_01,autocracy
full2_reduced,wdj_expression_lag1,290,0.0,autocracy_reduced_01,autocracy
full2_reduced,wdj_expression_lag1,291,0.0,autocracy_reduced_01,autocracy
full2_reduced,wdj_expression_lag1,292,0.0,autocracy_reduced_01,autocracy
full2_reduced,wdj_expression_lag1,306,0.0,autocracy_reduced_01,autocracy
full2_reduced,wdj_expression_lag1,309,0.0,autocracy_reduced_01,autocracy
full2_reduced,wdj_expression_lag1,313,0.6190476417541504,autocracy_reduced_01,autocracy
full2_reduced,wdj_expression_lag1,315,0.0,autocracy_reduced_01,autocracy
full2_reduced,wdj_expression_lag1,316,0.0,autocracy_reduced_01,autocracy
full2_reduced,wdj_expression_lag1,317,0.0,autocracy_reduced_01,autocracy
full2_reduced,wdj_expression_lag1,318,0.0,autocracy_reduced_01,autocracy
full2_reduced,wdj_expression_lag1,320,0.0,autocracy_reduced_01,autocracy
full2_reduced,wdj_expression_lag1,321,0.0,autocracy_reduced_01,autocracy
full2_reduced,wdj_expression_lag1,322,0.7555555701255798,autocracy_reduced_01,autocracy
full2_reduced,wdj_expression_lag1,389,0.405303031206131,autocracy_reduced_01,autocracy
full2_reduced,wdj_expression_lag1,394,0.0,autocracy_reduced_01,autocracy
full2_reduced,wdj_expression_lag1,395,0.0,autocracy_reduced_01,autocracy
full2_reduced,wdj_expression_lag1,396,0.0,autocracy_reduced_01,autocracy
full2_reduced,wdj_expression_lag1,397,0.0,autocracy_reduced_01,autocracy
full2_reduced,wdj_expression_lag1,398,0.0,autocracy_reduced_01,autocracy
full2_reduced,wdj_expression_lag1,401,-0.2222222238779068,autocracy_reduced_01,autocracy
full2_reduced,wdj_expression_lag1,402,-0.2222222238779068,autocracy_reduced_01,autocracy
full2_reduced,wdj_expression_lag1,403,-0.2222222238779068,autocracy_reduced_01,autocracy
full2_reduced,wdj_expression_lag1,404,0.0,autocracy_reduced_01,autocracy
full2_reduced,wdj_expression_lag1,405,0.0,autocracy_reduced_01,autocracy
full2_reduced,wdj_expression_lag1,408,0.0,autocracy_reduced_01,autocracy
full2_reduced,wdj_expression_lag1,409,0.0,autocracy_reduced_01,autocracy
full2_reduced,wdj_expression_lag1,410,0.0,autocracy_reduced_01,autocracy
full2_reduced,wdj_expression_lag1,411,0.0,autocracy_reduced_01,autocracy
full2_reduced,wdj_expression_lag1,412,0.0,autocracy_reduced_01,autocracy
full2_reduced,wdj_expression_lag1,432,0.0555555559694767,autocracy_reduced_01,autocracy
full2_reduced,wdj_expression_lag1,496,0.0,autocracy_reduced_01,autocracy
full2_reduced,wdj_expression_lag1,497,0.0,autocracy_reduced_01,autocracy
full2_reduced,wdj_expression_lag1,553,0.39393940567970276,autocracy_reduced_01,autocracy
full2_reduced,wdj_expression_lag1,554,0.39393940567970276,autocracy_reduced_01,autocracy
full2_reduced,wdj_expression_lag1,557,0.4941520392894745,autocracy_reduced_01,autocracy
full2_reduced,wdj_expression_lag1,560,0.44708994030952454,autocracy_reduced_01,autocracy
full2_reduced,wdj_expression_lag1,561,0.0,autocracy_reduced_01,autocracy
full2_reduced,wdj_expression_lag1,562,0.8730158805847168,autocracy_reduced_01,autocracy
full2_reduced,wdj_expression_lag1,563,0.8730158805847168,autocracy_reduced_01,autocracy
full2_reduced,wdj_expression_lag1,564,0.8730158805847168,autocracy_reduced_01,autocracy
full2_reduced,wdj_expression_lag1,565,0.8730158805847168,autocracy_reduced_01,autocracy
full2_reduced,wdj_expression_lag1,566,0.8730158805847168,autocracy_reduced_01,autocracy
full2_reduced,wdj_expression_lag1,569,0.7777777910232544,autocracy_reduced_01,autocracy
full2_reduced,wdj_expression_lag1,570,0.7777777910232544,autocracy_reduced_01,autocracy
full2_reduced,wdj_expression_lag1,571,0.7777777910232544,autocracy_reduced_01,autocracy
full2_reduced,wdj_expression_lag1,572,0.8518518805503845,autocracy_reduced_01,autocracy
full2_reduced,wdj_expression_lag1,573,0.8518518805503845,autocracy_reduced_01,autocracy
full2_reduced,wdj_expression_lag1,575,0.6339869499206543,autocracy_reduced_01,autocracy
full2_reduced,wdj_expression_lag1,576,0.6339869499206543,autocracy_reduced_01,autocracy
full2_reduced,wdj_expression_lag1,577,0.6339869499206543,autocracy_reduced_01,autocracy
full2_reduced,wdj_expression_lag1,578,0.6339869499206543,autocracy_reduced_01,autocracy
full2_reduced,wdj_expression_lag1,579,0.6339869499206543,autocracy_reduced_01,autocracy
full2_reduced,wdj_expression_lag1,582,0.7111111283302307,autocracy_reduced_01,autocracy
full2_reduced,wdj_expression_lag1,583,0.7111111283302307,autocracy_reduced_01,autocracy
full2_reduced,wdj_expression_lag1,584,0.7111111283302307,autocracy_reduced_01,autocracy
full2_reduced,wdj_expression_lag1,585,0.7111111283302307,autocracy_reduced_01,autocracy
full2_reduced,wdj_expression_lag1,586,0.7111111283302307,autocracy_reduced_01,autocracy
full2_reduced,wdj_expression_lag1,587,0.7111111283302307,autocracy_reduced_01,autocracy
full2_reduced,wdj_expression_lag1,588,0.7111111283302307,autocracy_reduced_01,autocracy
full2_reduced,wdj_expression_lag1,589,0.7111111283302307,autocracy_reduced_01,autocracy
full2_reduced,wdj_expression_lag1,590,0.7111111283302307,autocracy_reduced_01,autocracy
full2_reduced,wdj_expression_lag1,591,0.7111111283302307,autocracy_reduced_01,autocracy
full2_reduced,wdj_expression_lag1,592,0.7111111283302307,autocracy_reduced_01,autocracy
full2_reduced,wdj_expression_lag1,604,0.9074074029922485,autocracy_reduced_01,autocracy
full2_reduced,wdj_expression_lag1,606,0.9074074029922485,autocracy_reduced_01,autocracy
full2_reduced,wdj_expression_lag1,608,0.0,autocracy_reduced_01,autocracy
full2_reduced,wdj_expression_lag1,609,0.0,autocracy_reduced_01,autocracy
full2_reduced,wdj_expression_lag1,610,0.0,autocracy_reduced_01,autocracy
full2_reduced,wdj_expression_lag1,611,0.0,autocracy_reduced_01,autocracy
full2_reduced,wdj_expression_lag1,612,0.0,autocracy_reduced_01,autocracy
full2_reduced,wdj_expression_lag1,613,0.0,autocracy_reduced_01,autocracy
full2_reduced,wdj_expression_lag1,617,0.35947713255882263,autocracy_reduced_01,autocracy
full2_reduced,wdj_expression_lag1,625,0.0,autocracy_reduced_01,autocracy
full2_reduced,wdj_expression_lag1,626,0.0,autocracy_reduced_01,autocracy
full2_reduced,wdj_expression_lag1,627,0.3055555522441864,autocracy_reduced_01,autocracy
full2_reduced,wdj_expression_lag1,628,0.3055555522441864,autocracy_reduced_01,autocracy
full2_reduced,wdj_expression_lag1,629,0.3055555522441864,autocracy_reduced_01,autocracy
full2_reduced,wdj_expression_lag1,678,0.0,autocracy_reduced_01,autocracy
full2_reduced,wdj_expression_lag1,679,0.0,autocracy_reduced_01,autocracy
full2_reduced,wdj_expression_lag1,680,0.0,autocracy_reduced_01,autocracy
full2_reduced,wdj_expression_lag1,681,0.0,autocracy_reduced_01,autocracy
full2_reduced,wdj_expression_lag1,682,0.0,autocracy_reduced_01,autocracy
full2_reduced,wdj_expression_lag1,683,0.0,autocracy_reduced_01,autocracy
full2_reduced,wdj_expression_lag1,684,0.0,autocracy_reduced_01,autocracy
full2_reduced,wdj_expression_lag1,685,0.0,autocracy_reduced_01,autocracy
full2_reduced,wdj_expression_lag1,686,0.0,autocracy_reduced_01,autocracy
full2_reduced,wdj_expression_lag1,687,0.0,autocracy_reduced_01,autocracy
full2_reduced,wdj_expression_lag1,688,0.0,autocracy_reduced_01,autocracy
full2_reduced,wdj_expression_lag1,689,0.0,autocracy_reduced_01,autocracy
full2_reduced,wdj_expression_lag1,690,0.0,autocracy_reduced_01,autocracy
full2_reduced,wdj_expression_lag1,691,0.0,autocracy_reduced_01,autocracy
full2_reduced,wdj_expression_lag1,692,0.0,autocracy_reduced_01,autocracy
full2_reduced,wdj_expression_lag1,714,0.0,autocracy_reduced_01,autocracy
full2_reduced,wdj_expression_lag1,715,0.0,autocracy_reduced_01,autocracy
full2_reduced,wdj_expression_lag1,716,0.0,autocracy_reduced_01,autocracy
full2_reduced,wdj_expression_lag1,720,0.0,autocracy_reduced_01,autocracy
full2_reduced,wdj_expression_lag1,722,0.0,autocracy_reduced_01,autocracy
full2_reduced,wdj_expression_lag1,723,0.0,autocracy_reduced_01,autocracy
full2_reduced,wdj_expression_lag1,724,0.0,autocracy_reduced_01,autocracy
full2_reduced,wdj_expression_lag1,725,0.0,autocracy_reduced_01,autocracy
full2_reduced,wdj_expression_lag1,727,0.0,autocracy_reduced_01,autocracy
full2_reduced,wdj_expression_lag1,728,0.0,autocracy_reduced_01,autocracy
full2_reduced,wdj_expression_lag1,729,0.0,autocracy_reduced_01,autocracy
full2_reduced,wdj_expression_lag1,731,0.0,autocracy_reduced_01,autocracy
full2_reduced,wdj_expression_lag1,736,0.0,autocracy_reduced_01,autocracy
full2_reduced,wdj_expression_lag1,737,0.0,autocracy_reduced_01,autocracy
full2_reduced,wdj_expression_lag1,739,0.6190476417541504,autocracy_reduced_01,autocracy
full2_reduced,wdj_expression_lag1,744,0.6190476417541504,autocracy_reduced_01,autocracy
full2_reduced,wdj_expression_lag1,746,0.6190476417541504,autocracy_reduced_01,autocracy
full2_reduced,wdj_expression_lag1,747,0.6190476417541504,autocracy_reduced_01,autocracy
full2_reduced,wdj_expression_lag1,749,0.0,autocracy_reduced_01,autocracy
full2_reduced,wdj_expression_lag1,750,0.0,autocracy_reduced_01,autocracy
full2_reduced,wdj_expression_lag1,751,0.0,autocracy_reduced_01,autocracy
full2_reduced,wdj_expression_lag1,752,0.0,autocracy_reduced_01,autocracy
full2_reduced,wdj_expression_lag1,753,0.7555555701255798,autocracy_reduced_01,autocracy
full2_reduced,wdj_expression_lag1,754,0.7555555701255798,autocracy_reduced_01,autocracy
full2_reduced,wdj_expression_lag1,1063,0.405303031206131,autocracy_reduced_01,autocracy
full2_reduced,wdj_expression_lag1,1064,0.0,autocracy_reduced_01,autocracy
full2_reduced,wdj_expression_lag1,1065,0.0,autocracy_reduced_01,autocracy
full2_reduced,wdj_expression_lag1,1067,0.0,autocracy_reduced_01,autocracy
full2_reduced,wdj_expression_lag1,1068,0.0,autocracy_reduced_01,autocracy
full2_reduced,wdj_expression_lag1,1071,0.0,autocracy_reduced_01,autocracy
full2_reduced,wdj_expression_lag1,1072,0.0,autocracy_reduced_01,autocracy
full2_reduced,wdj_expression_lag1,1073,0.0,autocracy_reduced_01,autocracy
full2_reduced,wdj_expression_lag1,1075,0.0,autocracy_reduced_01,autocracy
