model,predictor,grid_value,outcome,outcome_code_stata,probability,lower,upper,se_probability,N,run,sample
full2_reduced,court_independence_lag1,-2.684999942779541,Mixed Outcome,2,0.19937279927971643,0.058437090170087115,0.4997880996785332,0.1131531129686,193,autocracy_reduced_01,autocracy
full2_reduced,court_independence_lag1,-2.684999942779541,Contracts Expression,1,0.7115644918448201,0.46612911181082656,0.8745366413692046,0.1087674979952417,193,autocracy_reduced_01,autocracy
full2_reduced,court_independence_lag1,-2.684999942779541,Expands Expression,3,0.08906270887546307,0.03315502677686962,0.21798922828364647,0.04336881722663929,193,autocracy_reduced_01,autocracy
full2_reduced,court_independence_lag1,-2.593139944076538,Mixed Outcome,2,0.1959523431755051,0.059453612900944634,0.48442765218239725,0.10848003431447978,193,autocracy_reduced_01,autocracy
full2_reduced,court_independence_lag1,-2.593139944076538,Contracts Expression,1,0.7096483602515609,0.4746081472230751,0.8686424437839803,0.10463747037893908,193,autocracy_reduced_01,autocracy
full2_reduced,court_independence_lag1,-2.593139944076538,Expands Expression,3,0.09439929657293412,0.03637194698699146,0.2235283062128374,0.04430817834959089,193,autocracy_reduced_01,autocracy
full2_reduced,court_independence_lag1,-2.5012799453735353,Mixed Outcome,2,0.19245995426457255,0.06044617331714538,0.46890088457221724,0.10384307572466878,193,autocracy_reduced_01,autocracy
full2_reduced,court_independence_lag1,-2.5012799453735353,Contracts Expression,1,0.7075053566826582,0.48258878152179474,0.8625070571892546,0.10061891961037206,193,autocracy_reduced_01,autocracy
full2_reduced,court_independence_lag1,-2.5012799453735353,Expands Expression,3,0.10003468905276894,0.039909318181057356,0.2291246514671715,0.04517908403507338,193,autocracy_reduced_01,autocracy
full2_reduced,court_independence_lag1,-2.4094199466705324,Mixed Outcome,2,0.18889517234949346,0.06141207855681187,0.4532271115918673,0.09924409268087979,193,autocracy_reduced_01,autocracy
full2_reduced,court_independence_lag1,-2.4094199466705324,Contracts Expression,1,0.705125309249232,0.4900369167285373,0.8561294546469347,0.09671623921826908,193,autocracy_reduced_01,autocracy
full2_reduced,court_independence_lag1,-2.4094199466705324,Expands Expression,3,0.10597951840127462,0.043794624185583206,0.23478187712590998,0.04597186892337154,193,autocracy_reduced_01,autocracy
full2_reduced,court_independence_lag1,-2.3175599479675295,Mixed Outcome,2,0.18525796178798282,0.06234854442969169,0.4374280906285218,0.09468539228807814,193,autocracy_reduced_01,autocracy
full2_reduced,court_independence_lag1,-2.3175599479675295,Contracts Expression,1,0.7024980344066811,0.4969216529928123,0.8495092342393552,0.09293340537558789,193,autocracy_reduced_01,autocracy
full2_reduced,court_independence_lag1,-2.3175599479675295,Expands Expression,3,0.11224400380533582,0.04805652894838711,0.2405044283542461,0.04667683695094155,193,autocracy_reduced_01,autocracy
full2_reduced,court_independence_lag1,-2.225699949264526,Mixed Outcome,2,0.1815487543572621,0.06325265781845157,0.42152829428642036,0.0901698054586327,193,autocracy_reduced_01,autocracy
full2_reduced,court_independence_lag1,-2.225699949264526,Contracts Expression,1,0.6996133995782594,0.5032156351327567,0.8426464709024347,0.08927385974371281,193,autocracy_reduced_01,autocracy
full2_reduced,court_independence_lag1,-2.225699949264526,Expands Expression,3,0.11883784606447785,0.05272465168092214,0.24629764527129283,0.04728441609676691,193,autocracy_reduced_01,autocracy
full2_reduced,court_independence_lag1,-2.1338399505615233,Mixed Outcome,2,0.17776848980388266,0.06412132425794637,0.40555517814821684,0.08570076385676839,193,autocracy_reduced_01,autocracy
full2_reduced,court_independence_lag1,-2.1338399505615233,Contracts Expression,1,0.6964613916151419,0.5088953289044887,0.835541536332562,0.08574039610056446,193,autocracy_reduced_01,autocracy
full2_reduced,court_independence_lag1,-2.1338399505615233,Expands Expression,3,0.1257701185809761,0.05782926876753302,0.2521678376160454,0.047785336428867564,193,autocracy_reduced_01,autocracy
full2_reduced,court_independence_lag1,-2.0419799518585204,Mixed Outcome,2,0.1739186529048155,0.06495119770698411,0.3895394309651266,0.08128238097015157,193,autocracy_reduced_01,autocracy
full2_reduced,court_independence_lag1,-2.0419799518585204,Contracts Expression,1,0.693032190683186,0.5139412118088514,0.828194900328674,0.08233505916204872,193,autocracy_reduced_01,autocracy
full2_reduced,court_independence_lag1,-2.0419799518585204,Expands Expression,3,0.1330491564119982,0.06340093312744796,0.258122372796941,0.04817083143045855,193,autocracy_reduced_01,autocracy
full2_reduced,court_independence_lag1,-1.9501199531555176,Mixed Outcome,2,0.17000130582395123,0.06573858899838741,0.3735151934002256,0.07691953679239497,193,autocracy_reduced_01,autocracy
full2_reduced,court_independence_lag1,-1.9501199531555176,Contracts Expression,1,0.6893162490263225,0.5183378632925344,0.8206069327475708,0.07905906560586318,193,autocracy_reduced_01,autocracy
full2_reduced,court_independence_lag1,-1.9501199531555176,Expands Expression,3,0.14068244514972564,0.0694700018830165,0.2641697805428246,0.04843286250862573,193,autocracy_reduced_01,autocracy
full2_reduced,court_independence_lag1,-1.8582599544525147,Mixed Outcome,2,0.1660191145448033,0.06647934883327626,0.35752023106378444,0.07261796579757465,193,autocracy_reduced_01,autocracy
full2_reduced,court_independence_lag1,-1.8582599544525147,Contracts Expression,1,0.6853043739184556,0.5220739388481308,0.8127777312860969,0.07591275896658053,193,autocracy_reduced_01,autocracy
full2_reduced,court_independence_lag1,-1.8582599544525147,Expands Expression,3,0.14867651153674127,0.07606606341329948,0.2703198797055462,0.048564366833431405,193,autocracy_reduced_01,autocracy
full2_reduced,court_independence_lag1,-1.7663999557495118,Mixed Outcome,2,0.16197536820003672,0.06716872031847182,0.34159604873719107,0.06838434835294113,193,autocracy_reduced_01,autocracy
full2_reduced,court_independence_lag1,-1.7663999557495118,Contracts Expression,1,0.6809878139842125,0.5251420135674181,0.8047070050629064,0.07289561089551184,193,autocracy_reduced_01,autocracy
full2_reduced,court_independence_lag1,-1.7663999557495118,Expands Expression,3,0.15703681781575088,0.08321725538803776,0.2765839348289255,0.048559528991361164,193,autocracy_reduced_01,autocracy
full2_reduced,court_independence_lag1,-1.6745399570465087,Mixed Outcome,2,0.15787399020489726,0.06780115508413033,0.3257879349914635,0.06422640626516744,193,autocracy_reduced_01,autocracy
full2_reduced,court_independence_lag1,-1.6745399570465087,Contracts Expression,1,0.6763583479480326,0.5275382820188965,0.7963940474991151,0.07000628164138196,193,autocracy_reduced_01,autocracy
full2_reduced,court_independence_lag1,-1.6745399570465087,Expands Expression,3,0.16576766184707023,0.09094946581188575,0.28297485297219005,0.048414077730788097,193,autocracy_reduced_01,autocracy
full2_reduced,court_independence_lag1,-1.5826799583435058,Mixed Outcome,2,0.15371954023622658,0.06837008573041181,0.3101449310163778,0.06015300408562038,193,autocracy_reduced_01,autocracy
full2_reduced,court_independence_lag1,-1.5826799583435058,Contracts Expression,1,0.6714083747655681,0.5292621046481893,0.7878378327467257,0.06724275165011069,193,autocracy_reduced_01,autocracy
full2_reduced,court_independence_lag1,-1.5826799583435058,Expands Expression,3,0.1748720849982056,0.099285409305859,0.28950743485013236,0.048125610378202933,193,autocracy_reduced_01,autocracy
full2_reduced,court_independence_lag1,-1.490819959640503,Mixed Outcome,2,0.14951720628084664,0.06886764620290597,0.29471972307580985,0.05617425865520524,193,autocracy_reduced_01,autocracy
full2_reduced,court_independence_lag1,-1.490819959640503,Contracts Expression,1,0.6661310040057966,0.5303153942435869,0.7790372686832792,0.06460253471835803,193,autocracy_reduced_01,autocracy
full2_reduced,court_independence_lag1,-1.490819959640503,Expands Expression,3,0.1843517897133567,0.10824357146506741,0.2961986967715423,0.04769394868919351,193,autocracy_reduced_01,autocracy
full2_reduced,court_independence_lag1,-1.3989599609374999,Mixed Outcome,2,0.14527278620340764,0.06928433073193455,0.2795684653295724,0.05230166031379239,193,autocracy_reduced_01,autocracy
full2_reduced,court_independence_lag1,-1.3989599609374999,Contracts Expression,1,0.6605201452907435,0.5307018425896245,0.7699916339844146,0.06208297970573057,193,autocracy_reduced_01,autocracy
full2_reduced,court_independence_lag1,-1.3989599609374999,Expands Expression,3,0.1942070685058486,0.11783701399547138,0.30306828417113,0.04712153196760044,193,autocracy_reduced_01,autocracy
full2_reduced,court_independence_lag1,-1.307099962234497,Mixed Outcome,2,0.14099265854839135,0.0696085821736707,0.26475054702125284,0.048548209575641384,193,autocracy_reduced_01,autocracy
full2_reduced,court_independence_lag1,-1.307099962234497,Contracts Expression,1,0.6545705955662331,0.5304259934690914,0.7607012192772392,0.05968166410377257,193,autocracy_reduced_01,autocracy
full2_reduced,court_independence_lag1,-1.307099962234497,Expands Expression,3,0.20443674588537494,0.12807203403449002,0.3101389998164467,0.04641385484830646,193,autocracy_reduced_01,autocracy
full2_reduced,court_independence_lag1,-1.215239963531494,Mixed Outcome,2,0.13668374258523672,0.06982630353015287,0.2503283233279361,0.0449285720680203,193,autocracy_reduced_01,autocracy
full2_reduced,court_independence_lag1,-1.215239963531494,Contracts Expression,1,0.6482781229744207,0.5294921779326198,0.7511681800703325,0.057396876896192835,193,autocracy_reduced_01,autocracy
full2_reduced,court_independence_lag1,-1.215239963531494,Expands Expression,3,0.21503813444034237,0.1389466726257196,0.31743747129159167,0.04557995841001237,193,autocracy_reduced_01,autocracy
full2_reduced,court_independence_lag1,-1.1233799648284912,Mixed Outcome,2,0.13235344791854767,0.06992029501837925,0.23636682921238342,0.041459250654359014,193,autocracy_reduced_01,autocracy
full2_reduced,court_independence_lag1,-1.1233799648284912,Contracts Expression,1,0.6416395461288442,0.5279033375205118,0.7413975945654547,0.055228181848215256,193,autocracy_reduced_01,autocracy
full2_reduced,court_independence_lag1,-1.1233799648284912,Expands Expression,3,0.22600700595260756,0.15044907242662794,0.32499497929145843,0.0446329825502218,193,autocracy_reduced_01,autocracy
full2_reduced,court_independence_lag1,-1.0315199661254884,Mixed Outcome,2,0.12800961430410399,0.06986963909361468,0.22293348318405368,0.03815876373887754,193,autocracy_reduced_01,autocracy
full2_reduced,court_independence_lag1,-1.0315199661254884,Contracts Expression,1,0.6346528076555862,0.5256597750617067,0.7313986997727293,0.05317704379393843,193,autocracy_reduced_01,autocracy
full2_reduced,court_independence_lag1,-1.0315199661254884,Expands Expression,3,0.23733757804031,0.16255569595073496,0.3328484589894737,0.04359078366639202,193,autocracy_reduced_01,autocracy
full2_reduced,court_independence_lag1,-0.9396599674224853,Mixed Outcome,2,0.12366044262186593,0.06964909582999287,0.2100977546331765,0.03504779857409554,193,autocracy_reduced_01,autocracy
full2_reduced,court_independence_lag1,-0.9396599674224853,Contracts Expression,1,0.6273170409584282,0.5227578917128564,0.7211862536414305,0.05124748921956408,193,autocracy_reduced_01,autocracy
full2_reduced,court_independence_lag1,-0.9396599674224853,Expands Expression,3,0.24902251641970616,0.17522944159313386,0.34104166066505154,0.04247660966832328,193,autocracy_reduced_01,autocracy
full2_reduced,court_independence_lag1,-0.8477999687194824,Mixed Outcome,2,0.11931441824483698,0.06922864460770946,0.1979306989017856,0.03214927073452531,193,autocracy_reduced_01,autocracy
full2_reduced,court_independence_lag1,-0.8477999687194824,Contracts Expression,1,0.6196326292883431,0.5191889937299341,0.7107819385508851,0.049446758165291725,193,autocracy_reduced_01,autocracy
full2_reduced,court_independence_lag1,-0.8477999687194824,Expands Expression,3,0.2610529524668203,0.18841774297908412,0.34962640761663866,0.041319800838006744,193,autocracy_reduced_01,autocracy
full2_reduced,court_independence_lag1,-0.7559399700164795,Mixed Outcome,2,0.11498022829366478,0.06857342875098817,0.1865041453228539,0.029488159093511573,193,autocracy_reduced_01,autocracy
full2_reduced,court_independence_lag1,-0.7559399700164795,Contracts Expression,1,0.6116012563432004,0.5149382886539217,0.7002156781085728,0.047785884578611215,193,autocracy_reduced_01,autocracy
full2_reduced,court_independence_lag1,-0.7559399700164795,Expands Expression,3,0.27341851536313494,0.20205082517719392,0.35866379926819575,0.04015644047873405,193,autocracy_reduced_01,autocracy
full2_reduced,court_independence_lag1,-0.6640799713134764,Mixed Outcome,2,0.11066667446892169,0.06764453066616706,0.1758891508405603,0.027090898121270898,193,autocracy_reduced_01,autocracy
full2_reduced,court_independence_lag1,-0.6640799713134764,Contracts Expression,1,0.6032259477853996,0.5099842376654553,0.689526685234501,0.046280116975636984,193,autocracy_reduced_01,autocracy
full2_reduced,court_independence_lag1,-0.6640799713134764,Expands Expression,3,0.2861073777456785,0.21604043084820448,0.36822506577669634,0.039029808140113316,193,autocracy_reduced_01,autocracy
full2_reduced,court_independence_lag1,-0.5722199726104735,Mixed Outcome,2,0.10638258329621743,0.06640118451467382,0.16615314793206362,0.024984018135314878,193,autocracy_reduced_01,autocracy
full2_reduced,court_independence_lag1,-0.5722199726104735,Contracts Expression,1,0.5945111032353283,0.5042984841181033,0.6787640000326672,0.044949063014929486,193,autocracy_reduced_01,autocracy
full2_reduced,court_independence_lag1,-0.5722199726104735,Expands Expression,3,0.2991063134684546,0.2302795264804292,0.378391579756936,0.03799038684505081,193,autocracy_reduced_01,autocracy
full2_reduced,court_independence_lag1,-0.48035997390747065,Mixed Outcome,2,0.10213671569691363,0.0648050829588883,0.1573551586327782,0.023191701009074937,193,autocracy_reduced_01,autocracy
full2_reduced,court_independence_lag1,-0.48035997390747065,Contracts Expression,1,0.5854625184681316,0.49784662316703754,0.6679862259317609,0.04381641774176483,193,autocracy_reduced_01,autocracy
full2_reduced,court_independence_lag1,-0.48035997390747065,Expands Expression,3,0.31240076583495535,0.24464371802104973,0.3892533077026118,0.03709506237275518,193,autocracy_reduced_01,autocracy
full2_reduced,court_independence_lag1,-0.3884999752044678,Mixed Outcome,2,0.0979376778060809,0.06282708383192293,0.14953878787781824,0.021732103377392117,193,autocracy_reduced_01,autocracy
full2_reduced,court_independence_lag1,-0.3884999752044678,Contracts Expression,1,0.5760873977014487,0.4905900859364596,0.6572601605697471,0.04290913003737277,193,autocracy_reduced_01,autocracy
full2_reduced,court_independence_lag1,-0.3884999752044678,Expands Expression,3,0.32597492449247084,0.25899523517753953,0.4009048495437606,0.03640508364649623,193,autocracy_reduced_01,autocracy
full2_reduced,court_independence_lag1,-0.2966399765014649,Mixed Outcome,2,0.09379383490002267,0.0604555950359448,0.1427237262760804,0.020612833710319415,193,autocracy_reduced_01,autocracy
full2_reduced,court_independence_lag1,-0.2966399765014649,Contracts Expression,1,0.5663943560037952,0.48248933390574716,0.6466580932974324,0.042255900403365215,193,autocracy_reduced_01,autocracy
full2_reduced,court_independence_lag1,-0.2966399765014649,Expands Expression,3,0.33981180909618197,0.2731901730224614,0.41343838074783673,0.03598243593097262,193,autocracy_reduced_01,autocracy
full2_reduced,court_independence_lag1,-0.20477997779846202,Mixed Outcome,2,0.08971323017241097,0.05770435072062012,0.13689804712562947,0.01982678113598604,193,autocracy_reduced_01,autocracy
full2_reduced,court_independence_lag1,-0.20477997779846202,Contracts Expression,1,0.5563934119701542,0.47350835470840624,0.6362537451741616,0.04188500622915603,193,autocracy_reduced_01,autocracy
full2_reduced,court_independence_lag1,-0.20477997779846202,Expands Expression,3,0.3538933578574346,0.2870889591773739,0.4269335277396358,0.03588463993544484,193,autocracy_reduced_01,autocracy
full2_reduced,court_independence_lag1,-0.1129199790954587,Mixed Outcome,2,0.08570350991822344,0.054616200205776004,0.13201466383274418,0.019350059882697633,193,autocracy_reduced_01,autocracy
full2_reduced,court_independence_lag1,-0.1129199790954587,Contracts Expression,1,0.5460959708974198,0.46362011267475145,0.6261171663769227,0.04182162149643156,193,autocracy_reduced_01,autocracy
full2_reduced,court_independence_lag1,-0.1129199790954587,Expands Expression,3,0.3682005191843567,0.30056871109945643,0.44144550692759477,0.036158647298266754,193,autocracy_reduced_01,autocracy
full2_reduced,court_independence_lag1,-0.021059980392455824,Mixed Outcome,2,0.08177185645823949,0.0512603434844655,0.12799449331313767,0.019143414934899978,193,autocracy_reduced_01,autocracy
full2_reduced,court_independence_lag1,-0.021059980392455824,Contracts Expression,1,0.5355147987448379,0.45281220869836464,0.616309307168438,0.042084999747198766,193,autocracy_reduced_01,autocracy
full2_reduced,court_independence_lag1,-0.021059980392455824,Expands Expression,3,0.38271334479692243,0.3135347466324807,0.4569942557787279,0.03683521043727515,193,autocracy_reduced_01,autocracy
full2_reduced,court_independence_lag1,0.07080001831054705,Mixed Outcome,2,0.07792492987565788,0.04772333187366828,0.12473597975819771,0.019156941975448632,193,autocracy_reduced_01,autocracy
full2_reduced,court_independence_lag1,0.07080001831054705,Contracts Expression,1,0.5246639871830269,0.44109172314910033,0.606877263809452,0.0426860315284356,193,autocracy_reduced_01,autocracy
full2_reduced,court_independence_lag1,0.07080001831054705,Expands Expression,3,0.39741108294131505,0.3259280002945459,0.47355779182764984,0.037925360620066274,193,autocracy_reduced_01,autocracy
full2_reduced,court_independence_lag1,0.16266001701354993,Mixed Outcome,2,0.07416881935316304,0.04409711864318904,0.12212766309354005,0.0193364317976137,193,autocracy_reduced_01,autocracy
full2_reduced,court_independence_lag1,0.16266001701354993,Contracts Expression,1,0.5135589100223831,0.42848823244589973,0.5978511891859907,0.043625679305462975,193,autocracy_reduced_01,autocracy
full2_reduced,court_independence_lag1,0.16266001701354993,Expands Expression,3,0.4122722706244538,0.337726207066467,0.49107192392229926,0.03942006301471968,193,autocracy_reduced_01,autocracy
full2_reduced,court_independence_lag1,0.2545200157165528,Mixed Outcome,2,0.07050900460643852,0.0404682216019629,0.12005969784643478,0.01962922954622083,193,autocracy_reduced_01,autocracy
full2_reduced,court_independence_lag1,0.2545200157165528,Contracts Expression,1,0.5022161712729208,0.4150543858818504,0.5892434686889095,0.0448945930620865,193,autocracy_reduced_01,autocracy
full2_reduced,court_independence_lag1,0.2545200157165528,Expands Expression,3,0.4272748241206411,0.3489390272020069,0.509436126057212,0.041292944342918435,193,autocracy_reduced_01,autocracy
full2_reduced,court_independence_lag1,0.3463800144195557,Mixed Outcome,2,0.06695032762093416,0.036910529395791314,0.11843175917212459,0.019988272195008667,193,autocracy_reduced_01,autocracy
full2_reduced,court_independence_lag1,0.3463800144195557,Contracts Expression,1,0.49065354503088915,0.40086405523629753,0.5810501432734347,0.046473894464729625,193,autocracy_reduced_01,autocracy
full2_reduced,court_independence_lag1,0.3463800144195557,Expands Expression,3,0.4423961273481767,0.3595993647028021,0.5285233033773408,0.04350493718429013,193,autocracy_reduced_01,autocracy
full2_reduced,court_independence_lag1,0.43824001312255856,Mixed Outcome,2,0.06349697462371746,0.03348213457831533,0.11715692410780366,0.02037407002575159,193,autocracy_reduced_01,autocracy
full2_reduced,court_independence_lag1,0.43824001312255856,Contracts Expression,1,0.47888990732256265,0.3860086470994395,0.5732539922014736,0.04833682804975958,193,autocracy_reduced_01,autocracy
full2_reduced,court_independence_lag1,0.43824001312255856,Expands Expression,3,0.4576131180537196,0.3697538113502998,0.5481904992506216,0.046009346626423454,193,autocracy_reduced_01,autocracy
full2_reduced,court_independence_lag1,0.5301000118255614,Mixed Outcome,2,0.06015246797081461,0.03022522738647138,0.11616246925125692,0.020755098244267474,193,autocracy_reduced_01,autocracy
full2_reduced,court_independence_lag1,0.5301000118255614,Contracts Expression,1,0.46694515997348107,0.37059245898816173,0.5658284049377587,0.05045083473149422,193,autocracy_reduced_01,autocracy
full2_reduced,court_independence_lag1,0.5301000118255614,Expands Expression,3,0.47290237205570385,0.3794544501686842,0.5682882888119967,0.04875620579457333,193,autocracy_reduced_01,autocracy
full2_reduced,court_independence_lag1,0.6219600105285643,Mixed Outcome,2,0.056919667409939874,0.027167759805024973,0.11538885508405729,0.02110724185641767,193,autocracy_reduced_01,autocracy
full2_reduced,court_independence_lag1,0.6219600105285643,Contracts Expression,1,0.4548401465234227,0.35472791704391593,0.5587412227775918,0.05277962979322145,193,autocracy_reduced_01,autocracy
full2_reduced,court_independence_lag1,0.6219600105285643,Expands Expression,3,0.4882401860666377,0.38875301409555013,0.5886678414783325,0.05169541983696434,193,autocracy_reduced_01,autocracy
full2_reduced,court_independence_lag1,0.7138200092315676,Mixed Outcome,2,0.0538007799941923,0.024325844786694445,0.11478791715676089,0.02141281516293129,193,autocracy_reduced_01,autocracy
full2_reduced,court_independence_lag1,0.7138200092315676,Contracts Expression,1,0.44259656018429266,0.33853127240466646,0.551957998712922,0.055285004377749886,193,autocracy_reduced_01,autocracy
full2_reduced,court_independence_lag1,0.7138200092315676,Expands Expression,3,0.5036026598215149,0.3976973932470761,0.6091856360856196,0.05477870835310778,193,autocracy_reduced_01,autocracy
full2_reduced,court_independence_lag1,0.8056800079345705,Mixed Outcome,2,0.050797377777286296,0.021706249554541153,0.11432089499642517,0.02165948154030776,193,autocracy_reduced_01,autocracy
full2_reduced,court_independence_lag1,0.8056800079345705,Contracts Expression,1,0.43023684384919336,0.3221190294357891,0.5454444341271132,0.05792822725394381,193,autocracy_reduced_01,autocracy
full2_reduced,court_independence_lag1,0.8056800079345705,Expands Expression,3,0.5189657783735198,0.40632998002067117,0.6297063156635389,0.057960611680717054,193,autocracy_reduced_01,autocracy
full2_reduced,court_independence_lag1,0.8975400066375734,Mixed Outcome,2,0.047910422316358454,0.01930866118519239,0.11395661524627383,0.021839239624388725,193,autocracy_reduced_01,autocracy
full2_reduced,court_independence_lag1,0.8975400066375734,Contracts Expression,1,0.4177840822131208,0.3056051438266913,0.5391679907423762,0.060671045263856416,193,autocracy_reduced_01,autocracy
full2_reduced,court_independence_lag1,0.8975400066375734,Expands Expression,3,0.534305495470521,0.4146872370452519,0.6501042726141574,0.061198877833179885,193,autocracy_reduced_01,autocracy
full2_reduced,court_independence_lag1,0.9894000053405763,Mixed Outcome,2,0.04514029494368723,0.017127603563442142,0.11366994828099258,0.02194754141091344,193,autocracy_reduced_01,autocracy
full2_reduced,court_independence_lag1,0.9894000053405763,Contracts Expression,1,0.4052618861630365,0.28909889654564885,0.5330988114067601,0.06347634897359015,193,autocracy_reduced_01,autocracy
full2_reduced,court_independence_lag1,0.9894000053405763,Expands Expression,3,0.5495978188932763,0.4227999726002849,0.6702644554459466,0.06445449450529057,193,autocracy_reduced_01,autocracy
full2_reduced,court_independence_lag1,1.0812600040435791,Mixed Outcome,2,0.042486831741606036,0.01515399126404095,0.11344055451316087,0.021982554653210012,193,autocracy_reduced_01,autocracy
full2_reduced,court_independence_lag1,1.0812600040435791,Contracts Expression,1,0.3926942697377999,0.2727033077879814,0.5272101260618947,0.06630859106451614,193,autocracy_reduced_01,autocracy
full2_reduced,court_independence_lag1,1.0812600040435791,Expands Expression,3,0.5648188985205942,0.4306939622527361,0.6900827348893136,0.06769155070962543,193,autocracy_reduced_01,autocracy
full2_reduced,court_independence_lag1,1.173120002746582,Mixed Outcome,2,0.039949362162045615,0.013376353783153454,0.11325189108734232,0.02194455810859294,193,autocracy_reduced_01,autocracy
full2_reduced,court_independence_lag1,1.173120002746582,Contracts Expression,1,0.3801055201435088,0.25651396208925026,0.5214783113995144,0.06913404029438497,193,autocracy_reduced_01,autocracy
full2_reduced,court_independence_lag1,1.173120002746582,Expands Expression,3,0.5799451176944452,0.43839069132152886,0.70946603285634,0.0708770423017859,193,autocracy_reduced_01,autocracy
full2_reduced,court_independence_lag1,1.264980001449585,Mixed Outcome,2,0.037526750269105874,0.011781779713782508,0.11309043525140944,0.021835450171185346,193,autocracy_reduced_01,autocracy
full2_reduced,court_independence_lag1,1.264980001449585,Contracts Expression,1,0.3675200615301029,0.24061814651698893,0.5158827389310129,0.07192093602602684,193,autocracy_reduced_01,autocracy
full2_reduced,court_independence_lag1,1.264980001449585,Expands Expression,3,0.594953188200791,0.4459080937067129,0.7283323194291033,0.07398068328539836,193,autocracy_reduced_01,autocracy
full2_reduced,court_independence_lag1,1.3568400001525882,Mixed Outcome,2,0.03521743764480976,0.01035663153910774,0.11294508067346049,0.021658350813927963,193,autocracy_reduced_01,autocracy
full2_reduced,court_independence_lag1,1.3568400001525882,Contracts Expression,1,0.3549623134804181,0.2250942360088179,0.5104055092911497,0.07463958900429843,193,autocracy_reduced_01,autocracy
full2_reduced,court_independence_lag1,1.3568400001525882,Expands Expression,3,0.6098202488747717,0.453261224180396,0.7466105247396921,0.0769747526402531,193,autocracy_reduced_01,autocracy
full2_reduced,court_independence_lag1,1.4486999988555906,Mixed Outcome,2,0.03301948707933724,0.009087076591732189,0.11280666862868143,0.021417279094425805,193,autocracy_reduced_01,autocracy
full2_reduced,court_independence_lag1,1.4486999988555906,Contracts Expression,1,0.34245654542010645,0.21001128608690017,0.5050311380886413,0.07726245710399157,193,autocracy_reduced_01,autocracy
full2_reduced,court_independence_lag1,1.4486999988555906,Expands Expression,3,0.6245239675005558,0.460462840857309,0.764240377576433,0.07983398554686622,193,autocracy_reduced_01,autocracy
full2_reduced,court_independence_lag1,1.540559997558594,Mixed Outcome,2,0.030930626262128745,0.007959472757032708,0.11266762305256042,0.021116891590187682,193,autocracy_reduced_01,autocracy
full2_reduced,court_independence_lag1,1.540559997558594,Contracts Expression,1,0.33002672841117997,0.19542881007013738,0.49974623446813543,0.07976421216885968,193,autocracy_reduced_01,autocracy
full2_reduced,court_independence_lag1,1.540559997558594,Expands Expression,3,0.6390426453266913,0.4675238928345328,0.7811721689503892,0.08253550800836441,193,autocracy_reduced_01,autocracy
full2_reduced,court_independence_lag1,1.6324199962615964,Mixed Outcome,2,0.02894829079399325,0.006960640613011188,0.1125216650620743,0.02076227008178314,193,autocracy_reduced_01,autocracy
full2_reduced,court_independence_lag1,1.6324199962615964,Contracts Expression,1,0.3176963860272994,0.18139672753874087,0.4945391958018587,0.08212180488477445,193,autocracy_reduced_01,autocracy
full2_reduced,court_independence_lag1,1.6324199962615964,Expands Expression,3,0.6533553231787074,0.47445391977869417,0.7973664328130508,0.0850588074698325,193,autocracy_reduced_01,autocracy
full2_reduced,court_independence_lag1,1.7242799949645997,Mixed Outcome,2,0.02706966594788763,0.006078047603884035,0.11236358821166226,0.020358749303583588,193,autocracy_reduced_01,autocracy
full2_reduced,court_independence_lag1,1.7242799949645997,Contracts Expression,1,0.3054884462100003,0.16795547406056213,0.4893999305033911,0.08431452882411826,193,autocracy_reduced_01,autocracy
full2_reduced,court_independence_lag1,1.7242799949645997,Expands Expression,3,0.6674418878421121,0.48126137297485,0.8127935385904416,0.08738573037341169,193,autocracy_reduced_01,autocracy
full2_reduced,court_independence_lag1,1.816139993667603,Mixed Outcome,2,0.02529172671300721,0.0052999247337581976,0.1121890801826761,0.01991177754910808,193,autocracy_reduced_01,autocracy
full2_reduced,court_independence_lag1,1.816139993667603,Contracts Expression,1,0.2934250961571615,0.15513626148483287,0.4843196139361393,0.08632408139445594,193,autocracy_reduced_01,autocracy
full2_reduced,court_independence_lag1,1.816139993667603,Expands Expression,3,0.6812831771298311,0.4879538698592466,0.8274331934205613,0.08950049630022708,193,autocracy_reduced_01,autocracy
full2_reduced,court_independence_lag1,1.9079999923706055,Mixed Outcome,2,0.02361127575961896,0.00461533207025592,0.11199458011677205,0.019426804443133532,193,autocracy_reduced_01,autocracy
full2_reduced,court_independence_lag1,1.9079999923706055,Contracts Expression,1,0.28152764238661027,0.1429614751951592,0.4792904786380114,0.0881346178141099,193,autocracy_reduced_01,autocracy
full2_reduced,court_independence_lag1,1.9079999923706055,Expands Expression,3,0.6948610818537709,0.4945383921806384,0.8412738582113063,0.09138971940417473,193,autocracy_reduced_01,autocracy
full2_reduced,v2jupurge_lag1,-2.7739999294281006,Mixed Outcome,2,0.06841364772033519,0.026770387043558445,0.16392499020099593,0.03193246400982685,193,autocracy_reduced_01,autocracy
full2_reduced,v2jupurge_lag1,-2.7739999294281006,Contracts Expression,1,0.48165607639608604,0.2450771212974616,0.7267559491513705,0.13395890478804184,193,autocracy_reduced_01,autocracy
full2_reduced,v2jupurge_lag1,-2.7739999294281006,Expands Expression,3,0.44993027588357903,0.2211572351902465,0.7020398543978728,0.13359601280210642,193,autocracy_reduced_01,autocracy
full2_reduced,v2jupurge_lag1,-2.6679599285125732,Mixed Outcome,2,0.06907261944437652,0.027846312268345486,0.1612127241899729,0.031225902812682914,193,autocracy_reduced_01,autocracy
full2_reduced,v2jupurge_lag1,-2.6679599285125732,Contracts Expression,1,0.48341092477075454,0.25282999668356076,0.721278870113498,0.12960379030717845,193,autocracy_reduced_01,autocracy
full2_reduced,v2jupurge_lag1,-2.6679599285125732,Expands Expression,3,0.447516455784869,0.2253623930996312,0.6928047970277155,0.12917239698595698,193,autocracy_reduced_01,autocracy
full2_reduced,v2jupurge_lag1,-2.561919927597046,Mixed Outcome,2,0.06973553606855559,0.02895474954524674,0.158573701043419,0.030513136081879874,193,autocracy_reduced_01,autocracy
full2_reduced,v2jupurge_lag1,-2.561919927597046,Contracts Expression,1,0.48516089442848576,0.2607072492000568,0.715764512309251,0.1252645782128863,193,autocracy_reduced_01,autocracy
full2_reduced,v2jupurge_lag1,-2.561919927597046,Expands Expression,3,0.4451035695029588,0.22960327203644765,0.6834351641297135,0.12476547352195809,193,autocracy_reduced_01,autocracy
full2_reduced,v2jupurge_lag1,-2.4558799266815186,Mixed Outcome,2,0.07040238375172746,0.03009541928216427,0.15600945483054912,0.029795122641295264,193,autocracy_reduced_01,autocracy
full2_reduced,v2jupurge_lag1,-2.4558799266815186,Contracts Expression,1,0.48690591027153307,0.26870259062285357,0.7102170427838512,0.120943040008155,193,autocracy_reduced_01,autocracy
full2_reduced,v2jupurge_lag1,-2.4558799266815186,Expands Expression,3,0.44269170597673957,0.23387758635988096,0.6739387924950193,0.12037673800958713,193,autocracy_reduced_01,autocracy
full2_reduced,v2jupurge_lag1,-2.349839925765991,Mixed Outcome,2,0.07107314803815834,0.031267821025408746,0.15352177099696218,0.02907295501458917,193,autocracy_reduced_01,autocracy
full2_reduced,v2jupurge_lag1,-2.349839925765991,Contracts Expression,1,0.4886458975191988,0.2768089600915773,0.7046411041955429,0.11664115049194185,193,autocracy_reduced_01,autocracy
full2_reduced,v2jupurge_lag1,-2.349839925765991,Expands Expression,3,0.44028095444264276,0.23818273549613514,0.6643242615823473,0.11600782901809509,193,autocracy_reduced_01,autocracy
full2_reduced,v2jupurge_lag1,-2.243799924850464,Mixed Outcome,2,0.0717478138573686,0.032471195083530975,0.1511127252764497,0.028347878427189603,193,autocracy_reduced_01,autocracy
full2_reduced,v2jupurge_lag1,-2.243799924850464,Contracts Expression,1,0.4903807817130315,0.28501845375710294,0.699041885593571,0.11236112438056682,193,autocracy_reduced_01,autocracy
full2_reduced,v2jupurge_lag1,-2.243799924850464,Expands Expression,3,0.4378714044296006,0.24251575305605286,0.6546009343771182,0.11166055384272647,193,autocracy_reduced_01,autocracy
full2_reduced,v2jupurge_lag1,-2.1377599239349365,Mixed Outcome,2,0.07242636552421844,0.033704478393342265,0.14878472821600675,0.02762131260619765,193,autocracy_reduced_01,autocracy
full2_reduced,v2jupurge_lag1,-2.1377599239349365,Contracts Expression,1,0.49211048872210095,0.2933222415194029,0.6934252077829447,0.10810546048892011,193,autocracy_reduced_01,autocracy
full2_reduced,v2jupurge_lag1,-2.1377599239349365,Expands Expression,3,0.4354631457536811,0.2468732450950866,0.6447790062824426,0.1073369198352328,193,autocracy_reduced_01,autocracy
full2_reduced,v2jupurge_lag1,-2.031719923019409,Mixed Outcome,2,0.07310878673924211,0.03496625398465622,0.14654057590550787,0.026894876677937152,193,autocracy_reduced_01,autocracy
full2_reduced,v2jupurge_lag1,-2.031719923019409,Contracts Expression,1,0.49383494474835127,0.30171046698369924,0.687797627217857,0.10387699553891586,193,autocracy_reduced_01,autocracy
full2_reduced,v2jupurge_lag1,-2.031719923019409,Expands Expression,3,0.43305626851240653,0.2512513148246392,0.6348695647070453,0.10303917268152418,193,autocracy_reduced_01,autocracy
full2_reduced,v2jupurge_lag1,-1.9256799221038818,Mixed Outcome,2,0.07379506058922752,0.0362546934198057,0.1443835075852772,0.02617041746789411,193,autocracy_reduced_01,autocracy
full2_reduced,v2jupurge_lag1,-1.9256799221038818,Contracts Expression,1,0.4955540763320305,0.31017212631567886,0.6821665627726713,0.09967896981573426,193,autocracy_reduced_01,autocracy
full2_reduced,v2jupurge_lag1,-1.9256799221038818,Expands Expression,3,0.4306508630787416,0.25564547009602234,0.6248846630806988,0.09876984353938055,193,autocracy_reduced_01,autocracy
full2_reduced,v2jupurge_lag1,-1.8196399211883545,Mixed Outcome,2,0.07448516954804225,0.037567491767645386,0.14231727048995815,0.02545004138523041,193,autocracy_reduced_01,autocracy
full2_reduced,v2jupurge_lag1,-1.8196399211883545,Contracts Expression,1,0.4972678103572028,0.31869492043680775,0.6765404509721711,0.09551510753978508,193,autocracy_reduced_01,autocracy
full2_reduced,v2jupurge_lag1,-1.8196399211883545,Expands Expression,3,0.42824702009475474,0.2600505092119354,0.6148374137655813,0.09453180729693499,193,autocracy_reduced_01,autocracy
full2_reduced,v2jupurge_lag1,-1.7135999202728271,Mixed Outcome,2,0.07517909547771169,0.03890179489899173,0.14034619220158945,0.02473614997948091,193,autocracy_reduced_01,autocracy
full2_reduced,v2jupurge_lag1,-1.7135999202728271,Contracts Expression,1,0.49897607405734584,0.3272650730792424,0.670928937172727,0.09138971583901785,193,autocracy_reduced_01,autocracy
full2_reduced,v2jupurge_lag1,-1.7135999202728271,Expands Expression,3,0.4258448304649427,0.26446037924937,0.6047421057410449,0.09032835492733213,193,autocracy_reduced_01,autocracy
full2_reduced,v2jupurge_lag1,-1.6075599193572998,Mixed Outcome,2,0.07587681962974296,0.04025411940757276,0.13847526015723574,0.024031478966449183,193,autocracy_reduced_01,autocracy
full2_reduced,v2jupurge_lag1,-1.6075599193572998,Contracts Expression,1,0.5006787950210331,0.3358671061888174,0.6653431111872445,0.0873078066636405,193,autocracy_reduced_01,autocracy
full2_reduced,v2jupurge_lag1,-1.6075599193572998,Expands Expression,3,0.4234443853492239,0.2688679990252745,0.5946143550922807,0.086163284008564,193,autocracy_reduced_01,autocracy
full2_reduced,v2jupurge_lag1,-1.5015199184417725,Mixed Outcome,2,0.07657832264670061,0.04162026622609129,0.13671020721717184,0.023339140127502475,193,autocracy_reduced_01,autocracy
full2_reduced,v2jupurge_lag1,-1.5015199184417725,Contracts Expression,1,0.502375901197706,0.34448356094815014,0.6597957990572592,0.08327524771772586,193,autocracy_reduced_01,autocracy
full2_reduced,v2jupurge_lag1,-1.5015199184417725,Expands Expression,3,0.4210457761555937,0.27326503704508953,0.5844712980395156,0.08204101232670936,193,autocracy_reduced_01,autocracy
full2_reduced,v2jupurge_lag1,-1.3954799175262451,Mixed Outcome,2,0.07728358456403318,0.042995230137912704,0.1350576011489579,0.022662664918322865,193,autocracy_reduced_01,autocracy
full2_reduced,v2jupurge_lag1,-1.3954799175262451,Contracts Expression,1,0.5040673209035333,0.3530946512162841,0.6543019241238964,0.07929894916372014,193,autocracy_reduced_01,autocracy
full2_reduced,v2jupurge_lag1,-1.3954799175262451,Expands Expression,3,0.41864909453243315,0.27764163128591207,0.5743318398814907,0.0779667213440083,193,autocracy_reduced_01,autocracy
full2_reduced,v2jupurge_lag1,-1.2894399166107178,Mixed Outcome,2,0.07799258481214796,0.04437310915736064,0.1335249339436635,0.022006047678591097,193,autocracy_reduced_01,autocracy
full2_reduced,v2jupurge_lag1,-1.2894399166107178,Contracts Expression,1,0.5057529828273635,0.36167783231433265,0.6488789544013736,0.07538709492647247,193,autocracy_reduced_01,autocracy
full2_reduced,v2jupurge_lag1,-1.2894399166107178,Expands Expression,3,0.4162544323604887,0.2819860341155264,0.5642169767454527,0.07394653809974737,193,autocracy_reduced_01,autocracy
full2_reduced,v2jupurge_lag1,-1.1833999156951904,Mixed Outcome,2,0.07870530221873727,0.045747019981629514,0.13212070485939104,0.021373785231973922,193,autocracy_reduced_01,autocracy
full2_reduced,v2jupurge_lag1,-1.1833999156951904,Contracts Expression,1,0.507432816036767,0.37020726658462894,0.643547454741748,0.07154942815507641,193,autocracy_reduced_01,autocracy
full2_reduced,v2jupurge_lag1,-1.1833999156951904,Expands Expression,3,0.4138618817444956,0.28628416111861027,0.5541502115451524,0.06998776642524036,193,autocracy_reduced_01,autocracy
full2_reduced,v2jupurge_lag1,-1.077359914779663,Mixed Outcome,2,0.07942171501135542,0.04710902883939521,0.13085448777609288,0.020770908031908033,193,autocracy_reduced_01,autocracy
full2_reduced,v2jupurge_lag1,-1.077359914779663,Contracts Expression,1,0.5091067499841747,0.37865316443365943,0.6383317649716852,0.06779760189958695,193,autocracy_reduced_01,autocracy
full2_reduced,v2jupurge_lag1,-1.077359914779663,Expands Expression,3,0.4114715350044698,0.29051901623380066,0.5441580920912198,0.06609918170858083,193,autocracy_reduced_01,autocracy
full2_reduced,v2jupurge_lag1,-0.9713199138641357,Mixed Outcome,2,0.08014180082024447,0.04845011066149398,0.12973696995140493,0.020202996195206394,193,autocracy_reduced_01,autocracy
full2_reduced,v2jupurge_lag1,-0.9713199138641357,Contracts Expression,1,0.5107747145131077,0.3869809821192323,0.6332608226292624,0.0641456047686877,193,autocracy_reduced_01,autocracy
full2_reduced,v2jupurge_lag1,-0.9713199138641357,Expands Expression,3,0.40908348466664773,0.29466996020669917,0.534270904536386,0.062291406152664576,193,autocracy_reduced_01,autocracy
full2_reduced,v2jupurge_lag1,-0.8652799129486084,Mixed Outcome,2,0.08086553668140863,0.04976015342811257,0.1287799453353782,0.019676171772152605,193,autocracy_reduced_01,autocracy
full2_reduced,v2jupurge_lag1,-0.8652799129486084,Contracts Expression,1,0.512436639864506,0.3951504631577543,0.628369143276546,0.06061026863639426,193,autocracy_reduced_01,autocracy
full2_reduced,v2jupurge_lag1,-0.8652799129486084,Expands Expression,3,0.4066978234540852,0.2987117831330148,0.5245235617281429,0.05857738478364045,193,autocracy_reduced_01,autocracy
full2_reduced,v2jupurge_lag1,-0.759239912033081,Mixed Outcome,2,0.0815928990399399,0.05102802804068217,0.12799624205649007,0.019197056833701803,193,autocracy_reduced_01,autocracy
full2_reduced,v2jupurge_lag1,-0.759239912033081,Contracts Expression,1,0.5140924566831463,0.403114530484935,0.6236979511135736,0.05721185521190555,193,autocracy_reduced_01,autocracy
full2_reduced,v2jupurge_lag1,-0.759239912033081,Expands Expression,3,0.40431464427691416,0.30261354023483417,0.51495672759589,0.054972983348680386,193,autocracy_reduced_01,autocracy
full2_reduced,v2jupurge_lag1,-0.6531999111175537,Mixed Outcome,2,0.08232386375358776,0.05224174571433775,0.12739956208686093,0.018772686168915684,193,autocracy_reduced_01,autocracy
full2_reduced,v2jupurge_lag1,-0.6531999111175537,Contracts Expression,1,0.5157420960241611,0.41081807505837387,0.6192964140360225,0.05397469883321377,193,autocracy_reduced_01,autocracy
full2_reduced,v2jupurge_lag1,-0.6531999111175537,Expands Expression,3,0.40193404022225143,0.30633711721260276,0.5056182115996002,0.0514977257385646,193,autocracy_reduced_01,autocracy
full2_reduced,v2jupurge_lag1,-0.5471599102020264,Mixed Outcome,2,0.08305840609657747,0.05338872290127274,0.12700421306732343,0.018410364463702353,193,autocracy_reduced_01,autocracy
full2_reduced,v2jupurge_lag1,-0.5471599102020264,Contracts Expression,1,0.517385489359652,0.41819676070270495,0.6152228631632245,0.050927845227463846,193,autocracy_reduced_01,autocracy
full2_reduced,v2jupurge_lag1,-0.5471599102020264,Expands Expression,3,0.39955610454377005,0.3098355215647748,0.49656463712764576,0.048175673380140116,193,autocracy_reduced_01,autocracy
full2_reduced,v2jupurge_lag1,-0.441119909286499,Mixed Outcome,2,0.08379650076367501,0.0544561659582329,0.12682472007807347,0.018117461903754198,193,autocracy_reduced_01,autocracy
full2_reduced,v2jupurge_lag1,-0.441119909286499,Contracts Expression,1,0.5190225685853981,0.4251760881060069,0.6115457537404145,0.04810556338875485,193,autocracy_reduced_01,autocracy
full2_reduced,v2jupurge_lag1,-0.441119909286499,Expands Expression,3,0.39718093065092747,0.31305096965448187,0.4878633143788641,0.0450364118568762,193,autocracy_reduced_01,autocracy
full2_reduced,v2jupurge_lag1,-0.3350799083709717,Mixed Outcome,2,0.08453812187449342,0.05543157261856302,0.12687532027532744,0.01790114998304094,193,autocracy_reduced_01,autocracy
full2_reduced,v2jupurge_lag1,-0.3350799083709717,Contracts Expression,1,0.5206532660276549,0.43167114366152787,0.6083439415334825,0.045547514588748825,193,autocracy_reduced_01,autocracy
full2_reduced,v2jupurge_lag1,-0.3350799083709717,Expands Expression,3,0.3948086120978514,0.3159129913450567,0.4795940963036662,0.0421160327582053,193,autocracy_reduced_01,autocracy
full2_reduced,v2jupurge_lag1,-0.22903990745544434,Mixed Outcome,2,0.08528324297804325,0.05630332503924169,0.12716936562463668,0.017768090792298175,193,autocracy_reduced_01,autocracy
full2_reduced,v2jupurge_lag1,-0.22903990745544434,Contracts Expression,1,0.5222775144500593,0.4375876815682577,0.6057056261111307,0.04329824878231401,193,autocracy_reduced_01,autocracy
full2_reduced,v2jupurge_lag1,-0.22903990745544434,Expands Expression,3,0.3924392425718975,0.31833705074703855,0.47185071928821926,0.039457857784579824,193,autocracy_reduced_01,autocracy
full2_reduced,v2jupurge_lag1,-0.12299990653991699,Mixed Outcome,2,0.0860318370575256,0.05706132327067718,0.12771868488547408,0.017724106384785974,193,autocracy_reduced_01,autocracy
full2_reduced,v2jupurge_lag1,-0.12299990653991699,Contracts Expression,1,0.523895247060615,0.44282536307550935,0.6037251369221571,0.0414056085009047,193,autocracy_reduced_01,autocracy
full2_reduced,v2jupurge_lag1,-0.12299990653991699,Expands Expression,3,0.3900729158818596,0.3202246044704126,0.4647407075651985,0.03711243654929484,193,autocracy_reduced_01,autocracy
full2_reduced,v2jupurge_lag1,-0.01695990562438965,Mixed Outcome,2,0.08678387653536138,0.05769758549668467,0.12853297848627754,0.017773866338601393,193,autocracy_reduced_01,autocracy
full2_reduced,v2jupurge_lag1,-0.01695990562438965,Contracts Expression,1,0.5255063975187808,0.4472839117904584,0.6024968030685532,0.039917651963404625,193,autocracy_reduced_01,autocracy
full2_reduced,v2jupurge_lag1,-0.01695990562438965,Expands Expression,3,0.38770972594585734,0.3214660143434404,0.45838242463515316,0.035136096213660886,193,autocracy_reduced_01,autocracy
full2_reduced,v2jupurge_lag1,0.0890800952911377,Mixed Outcome,2,0.08753933327846009,0.05820673125702897,0.12961933008655285,0.017920636776799687,193,autocracy_reduced_01,autocracy
full2_reduced,v2jupurge_lag1,0.0890800952911377,Contracts Expression,1,0.5271108999426474,0.45087236082707,0.6021057307809248,0.038878002123171045,193,autocracy_reduced_01,autocracy
full2_reduced,v2jupurge_lag1,0.0890800952911377,Expands Expression,3,0.3853497667788922,0.3219479721986188,0.4528976143887453,0.0335871968752386,193,autocracy_reduced_01,autocracy
full2_reduced,v2jupurge_lag1,0.19512009620666504,Mixed Outcome,2,0.08829817860372495,0.058586273268573394,0.13098190917711527,0.018166129173201172,193,autocracy_reduced_01,autocracy
full2_reduced,v2jupurge_lag1,0.19512009620666504,Contracts Expression,1,0.5287086889162002,0.4535203255886937,0.6026165546496834,0.03832015879404307,193,autocracy_reduced_01,autocracy
full2_reduced,v2jupurge_lag1,0.19512009620666504,Expands Expression,3,0.38299313248007477,0.32156641851988976,0.44839845037558973,0.03251958840561161,193,autocracy_reduced_01,autocracy
full2_reduced,v2jupurge_lag1,0.3011600971221924,Mixed Outcome,2,0.08906038328378847,0.058836672979441014,0.13262190965549583,0.01851047202852478,193,autocracy_reduced_01,autocracy
full2_reduced,v2jupurge_lag1,0.3011600971221924,Contracts Expression,1,0.530299699496679,0.45518868553916425,0.604062779036734,0.03826209939110788,193,autocracy_reduced_01,autocracy
full2_reduced,v2jupurge_lag1,0.3011600971221924,Expands Expression,3,0.38063991721953216,0.3202436850296353,0.4449703633605172,0.031973908907144195,193,autocracy_reduced_01,autocracy
full2_reduced,v2jupurge_lag1,0.4072000980377197,Mixed Outcome,2,0.0898259175529812,0.05896115753855618,0.1345377266209983,0.018952306515980104,193,autocracy_reduced_01,autocracy
full2_reduced,v2jupurge_lag1,0.4072000980377197,Contracts Expression,1,0.5318838672220181,0.45587622360788327,0.6064401608928769,0.038702919514071,193,autocracy_reduced_01,autocracy
full2_reduced,v2jupurge_lag1,0.4072000980377197,Expands Expression,3,0.3782902152250006,0.31794519918545466,0.442655309412956,0.031969091722217416,193,autocracy_reduced_01,autocracy
full2_reduced,v2jupurge_lag1,0.5132400989532471,Mixed Outcome,2,0.09059475111352969,0.05896533787099199,0.13672533174201118,0.01948898555756218,193,autocracy_reduced_01,autocracy
full2_reduced,v2jupurge_lag1,0.5132400989532471,Contracts Expression,1,0.5334611281183747,0.4556196711745288,0.6097066858436834,0.03962280939302612,193,autocracy_reduced_01,autocracy
full2_reduced,v2jupurge_lag1,0.5132400989532471,Expands Expression,3,0.37594412076809575,0.31468899666320227,0.44144223259169585,0.03249751504092708,193,autocracy_reduced_01,autocracy
full2_reduced,v2jupurge_lag1,0.6192800998687744,Mixed Outcome,2,0.09136685314197834,0.0588566967115334,0.13917877836916356,0.02011684074300438,193,autocracy_reduced_01,autocracy
full2_reduced,v2jupurge_lag1,0.6192800998687744,Contracts Expression,1,0.5350314187077392,0.45448711089846366,0.6137891851671619,0.04098639100346865,193,autocracy_reduced_01,autocracy
full2_reduced,v2jupurge_lag1,0.6192800998687744,Expands Expression,3,0.373601728150283,0.31054335817297113,0.4412694060077033,0.03352617775199939,193,autocracy_reduced_01,autocracy
full2_reduced,v2jupurge_lag1,0.7253201007843018,Mixed Outcome,2,0.09214219229583606,0.05864402507569598,0.14189075786770225,0.020831476499246212,193,autocracy_reduced_01,autocracy
full2_reduced,v2jupurge_lag1,0.7253201007843018,Contracts Expression,1,0.5365946760156234,0.45256723155125117,0.6185940993412512,0.04274815019155407,193,autocracy_reduced_01,autocracy
full2_reduced,v2jupurge_lag1,0.7253201007843018,Expands Expression,3,0.37126313168854047,0.3056136157236246,0.44203760632041555,0.0350033722117783,193,autocracy_reduced_01,autocracy
full2_reduced,v2jupurge_lag1,0.8313601016998291,Mixed Outcome,2,0.09292073672044524,0.05833687682270366,0.14485313760718438,0.021628055464338224,193,autocracy_reduced_01,autocracy
full2_reduced,v2jupurge_lag1,0.8313601016998291,Contracts Expression,1,0.5381508375788358,0.44995791284604436,0.6240189100943653,0.04485819954711976,193,autocracy_reduced_01,autocracy
full2_reduced,v2jupurge_lag1,0.8313601016998291,Expands Expression,3,0.3689284257007197,0.30002409608469083,0.4436281538624944,0.036867821121144895,193,autocracy_reduced_01,autocracy
full2_reduced,v2jupurge_lag1,0.9374001026153564,Mixed Outcome,2,0.09370245405606553,0.05794509105360234,0.14805743078871184,0.0225015492204431,193,autocracy_reduced_01,autocracy
full2_reduced,v2jupurge_lag1,0.9374001026153564,Contracts Expression,1,0.539699841453316,0.44675682423778973,0.6299615568496035,0.04726701237787999,193,autocracy_reduced_01,autocracy
full2_reduced,v2jupurge_lag1,0.9374001026153564,Expands Expression,3,0.3665977044906181,0.2939017070424003,0.4459193129699598,0.03905697342271198,193,autocracy_reduced_01,autocracy
full2_reduced,v2jupurge_lag1,1.0434401035308838,Mixed Outcome,2,0.09448731144517576,0.057478408760383154,0.1514951718032691,0.02344694059593097,193,autocracy_reduced_01,autocracy
full2_reduced,v2jupurge_lag1,1.0434401035308838,Contracts Expression,1,0.5412416262220597,0.4430551640771444,0.6363267111427742,0.0499285598542561,193,autocracy_reduced_01,autocracy
full2_reduced,v2jupurge_lag1,1.0434401035308838,Expands Expression,3,0.3642710623327648,0.2873647357279006,0.44879748314196305,0.04151264870086924,193,autocracy_reduced_01,autocracy
full2_reduced,v2jupurge_lag1,1.1494801044464111,Mixed Outcome,2,0.09527527553998538,0.05694619024556795,0.15515819055358546,0.0244593739811479,193,autocracy_reduced_01,autocracy
full2_reduced,v2jupurge_lag1,1.1494801044464111,Contracts Expression,1,0.5427761310030967,0.4389343827037711,0.6430290653399174,0.052801934439379576,193,autocracy_reduced_01,autocracy
full2_reduced,v2jupurge_lag1,1.1494801044464111,Expands Expression,3,0.3619485934569182,0.28051716434362967,0.45216287575150704,0.04418387949856315,193,autocracy_reduced_01,autocracy
full2_reduced,v2jupurge_lag1,1.2555201053619385,Mixed Outcome,2,0.09606631251015749,0.056357225836785575,0.15903879328428602,0.025534257371164548,193,autocracy_reduced_01,autocracy
full2_reduced,v2jupurge_lag1,1.2555201053619385,Contracts Expression,1,0.5443032954575451,0.43446512206673127,0.6499944030402217,0.05585185180859038,193,autocracy_reduced_01,autocracy
full2_reduced,v2jupurge_lag1,1.2555201053619385,Expands Expression,3,0.3596303920322974,0.273447071239098,0.4559311082849454,0.047027683001976184,193,autocracy_reduced_01,autocracy
full2_reduced,v2jupurge_lag1,1.3615601062774658,Mixed Outcome,2,0.09686038805073446,0.05571962495617935,0.16312986483571898,0.02666732371576222,193,autocracy_reduced_01,autocracy
full2_reduced,v2jupurge_lag1,1.3615601062774658,Contracts Expression,1,0.5458230597977239,0.42970752629599,0.6571592967186294,0.05904846183183759,193,autocracy_reduced_01,autocracy
full2_reduced,v2jupurge_lag1,1.3615601062774658,Expands Expression,3,0.35731655215154157,0.2662274051420044,0.46003242819012424,0.050008634107309095,193,autocracy_reduced_01,autocracy
full2_reduced,v2jupurge_lag1,1.4676001071929932,Mixed Outcome,2,0.097657467390269,0.055040766003097756,0.1674249099888694,0.027854660569799978,193,autocracy_reduced_01,autocracy
full2_reduced,v2jupurge_lag1,1.4676001071929932,Contracts Expression,1,0.5473353647953214,0.4247122547214985,0.6644701011126989,0.06236680824247689,193,autocracy_reduced_01,autocracy
full2_reduced,v2jupurge_lag1,1.4676001071929932,Expands Expression,3,0.3550071678144087,0.2589178280184333,0.46440987081728213,0.053097903137374045,193,autocracy_reduced_01,autocracy
full2_reduced,v2jupurge_lag1,1.5736401081085205,Mixed Outcome,2,0.09845751529915195,0.05432729041202185,0.17191805044891814,0.029092716561450557,193,autocracy_reduced_01,autocracy
full2_reduced,v2jupurge_lag1,1.5736401081085205,Contracts Expression,1,0.5488401517896273,0.419521757386495,0.6718816822998045,0.06578615994546205,193,autocracy_reduced_01,autocracy
full2_reduced,v2jupurge_lag1,1.5736401081085205,Expands Expression,3,0.35270233291122066,0.251566839086333,0.46901713880979373,0.056272157730703334,193,autocracy_reduced_01,autocracy
full2_reduced,v2jupurge_lag1,1.6796801090240479,Mixed Outcome,2,0.09926049609813699,0.05358512652487852,0.1766039919757429,0.030378292099695794,193,autocracy_reduced_01,autocracy
full2_reduced,v2jupurge_lag1,1.6796801090240479,Contracts Expression,1,0.5503373626958002,0.4141715625087118,0.6793561330793936,0.06928934046238819,193,autocracy_reduced_01,autocracy
full2_reduced,v2jupurge_lag1,1.6796801090240479,Expands Expression,3,0.3504021412060634,0.24421378493905052,0.47381659772415385,0.05951252855836023,193,autocracy_reduced_01,autocracy
full2_reduced,v2jupurge_lag1,1.7857201099395752,Mixed Outcome,2,0.10006637366705644,0.052819532037471154,0.1814779728588313,0.03170852011351927,193,autocracy_reduced_01,autocracy
full2_reduced,v2jupurge_lag1,1.7857201099395752,Contracts Expression,1,0.5518269400131975,0.40869145209462676,0.6868615984520262,0.07286211760916192,193,autocracy_reduced_01,autocracy
full2_reduced,v2jupurge_lag1,1.7857201099395752,Expands Expression,3,0.34810668631974645,0.2368905977050695,0.4787775460811228,0.06280371819591031,193,autocracy_reduced_01,autocracy
full2_reduced,v2jupurge_lag1,1.8917601108551025,Mixed Outcome,2,0.10087511145372617,0.05203514657981253,0.18653570229322256,0.03308084121690992,193,autocracy_reduced_01,autocracy
full2_reduced,v2jupurge_lag1,1.8917601108551025,Contracts Expression,1,0.5533088268337376,0.40310647922184195,0.6943712577797624,0.07649267630228733,193,autocracy_reduced_01,autocracy
full2_reduced,v2jupurge_lag1,1.8917601108551025,Expands Expression,3,0.34581606171253626,0.2296232298706608,0.4838747906399876,0.06613326797358565,193,autocracy_reduced_01,autocracy
full2_reduced,v2jupurge_lag1,1.9978001117706299,Mixed Outcome,2,0.10168667248303495,0.051236048540765716,0.19177329453787242,0.034492976359151065,193,autocracy_reduced_01,autocracy
full2_reduced,v2jupurge_lag1,1.9978001117706299,Contracts Expression,1,0.5547829668503039,0.3974378206752712,0.7018624699945014,0.08017117710912972,193,autocracy_reduced_01,autocracy
full2_reduced,v2jupurge_lag1,1.9978001117706299,Expands Expression,3,0.34353036066666126,0.22243280764787057,0.48908750528780276,0.06949097103048651,193,autocracy_reduced_01,autocracy
full2_reduced,v2jupurge_lag1,2.1038401126861572,Mixed Outcome,2,0.10250101936621385,0.0504258121647548,0.19718720289784475,0.03594289904923738,193,autocracy_reduced_01,autocracy
full2_reduced,v2jupurge_lag1,2.1038401126861572,Contracts Expression,1,0.5562493043651762,0.39170347817591405,0.7093160686964172,0.08388939334372482,193,autocracy_reduced_01,autocracy
full2_reduced,v2jupurge_lag1,2.1038401126861572,Expands Expression,3,0.34124967626861047,0.21533654675359754,0.49439832912255155,0.07286840850774018,193,autocracy_reduced_01,autocracy
full2_reduced,v2jupurge_lag1,2.2098801136016846,Mixed Outcome,2,0.10331811431028365,0.04960756242939952,0.20277415607414215,0.0374288084751582,193,autocracy_reduced_01,autocracy
full2_reduced,v2jupurge_lag1,2.2098801136016846,Contracts Expression,1,0.5577077842984961,0.38591884886036604,0.7167157865940379,0.08764041584374699,193,autocracy_reduced_01,autocracy
full2_reduced,v2jupurge_lag1,2.2098801136016846,Expands Expression,3,0.33897410139122,0.20834847506096899,0.499792659313454,0.07625858585887027,193,autocracy_reduced_01,autocracy
full2_reduced,v2jupurge_lag1,2.315920114517212,Mixed Outcome,2,0.10413791912767631,0.04878402625952943,0.20853109839442116,0.038949104299629174,193,autocracy_reduced_01,autocracy
full2_reduced,v2jupurge_lag1,2.315920114517212,Contracts Expression,1,0.5591583521967542,0.38009718640047685,0.7240477879644522,0.09141841428678182,193,autocracy_reduced_01,autocracy
full2_reduced,v2jupurge_lag1,2.315920114517212,Expands Expression,3,0.3367037286755689,0.20148000277948644,0.5052580977776668,0.07965564817675283,193,autocracy_reduced_01,autocracy
full2_reduced,v2jupurge_lag1,2.4219601154327393,Mixed Outcome,2,0.10496039524602209,0.047957579377802234,0.21445513464372779,0.04050236351633848,193,autocracy_reduced_01,autocracy
full2_reduced,v2jupurge_lag1,2.4219601154327393,Contracts Expression,1,0.5606009542412912,0.374249972891515,0.7313002891333874,0.09521844460542422,193,autocracy_reduced_01,autocracy
full2_reduced,v2jupurge_lag1,2.4219601154327393,Expands Expression,3,0.33443865051268673,0.19474037352470655,0.5107840181866862,0.08305465728839834,193,autocracy_reduced_01,autocracy
full2_reduced,v2jupurge_lag1,2.5280001163482666,Mixed Outcome,2,0.1057855037181058,0.04713028853316242,0.22054347986254322,0.04208731953739063,193,autocracy_reduced_01,autocracy
full2_reduced,v2jupurge_lag1,2.5280001163482666,Contracts Expression,1,0.5620355372568157,0.36838721881681147,0.7384632498010647,0.0990362935441217,193,autocracy_reduced_01,autocracy
full2_reduced,v2jupurge_lag1,2.5280001163482666,Expands Expression,3,0.3321789590250782,0.18813702316434394,0.5163612261491998,0.0864514166691623,193,autocracy_reduced_01,autocracy
full2_reduced,wdj_expression_lag1,-0.2222222238779068,Mixed Outcome,2,0.13830008864999407,0.0728371329198261,0.24692892888807388,0.04343955092815328,193,autocracy_reduced_01,autocracy
full2_reduced,wdj_expression_lag1,-0.2222222238779068,Contracts Expression,1,0.4432156731641283,0.31279421628270193,0.5819650482110749,0.07037850535890683,193,autocracy_reduced_01,autocracy
full2_reduced,wdj_expression_lag1,-0.2222222238779068,Expands Expression,3,0.41848423818587793,0.2973854154074083,0.5502749841191356,0.06590336510723327,193,autocracy_reduced_01,autocracy
full2_reduced,wdj_expression_lag1,-0.19962963134050368,Mixed Outcome,2,0.13527114434408177,0.07288354232961769,0.23738804859540585,0.041065484646662716,193,autocracy_reduced_01,autocracy
full2_reduced,wdj_expression_lag1,-0.19962963134050368,Contracts Expression,1,0.44798976775021787,0.3216112016624743,0.5814636764018882,0.06782831900014674,193,autocracy_reduced_01,autocracy
full2_reduced,wdj_expression_lag1,-0.19962963134050368,Expands Expression,3,0.4167390879057003,0.30097512413041755,0.5424749191079692,0.06281236091663074,193,autocracy_reduced_01,autocracy
full2_reduced,wdj_expression_lag1,-0.1770370388031006,Mixed Outcome,2,0.13229279366760027,0.07288222004797727,0.2282115247953624,0.03879547505981421,193,autocracy_reduced_01,autocracy
full2_reduced,wdj_expression_lag1,-0.1770370388031006,Contracts Expression,1,0.4527493778183802,0.33042466356056394,0.581060581073437,0.06531784493009923,193,autocracy_reduced_01,autocracy
full2_reduced,wdj_expression_lag1,-0.1770370388031006,Expands Expression,3,0.4149578285140197,0.3044562941234126,0.5347320329291468,0.059783824782295776,193,autocracy_reduced_01,autocracy
full2_reduced,wdj_expression_lag1,-0.15444444626569748,Mixed Outcome,2,0.12936467377280736,0.07282758756681229,0.21940604398375294,0.036631498050664284,193,autocracy_reduced_01,autocracy
full2_reduced,wdj_expression_lag1,-0.15444444626569748,Contracts Expression,1,0.4574940442227338,0.3392154173560322,0.5807668414339702,0.0628544906083111,193,autocracy_reduced_01,autocracy
full2_reduced,wdj_expression_lag1,-0.15444444626569748,Expands Expression,3,0.41314128200445865,0.3078151841158256,0.5270646392173619,0.056824582500481335,193,autocracy_reduced_01,autocracy
full2_reduced,wdj_expression_lag1,-0.1318518537282944,Mixed Outcome,2,0.1264864049790025,0.07271340821766517,0.2109779162594101,0.03457581233173208,193,autocracy_reduced_01,autocracy
full2_reduced,wdj_expression_lag1,-0.1318518537282944,Contracts Expression,1,0.4622233277852713,0.3479624623553006,0.5805951775079555,0.060446477743337945,193,autocracy_reduced_01,autocracy
full2_reduced,wdj_expression_lag1,-0.1318518537282944,Expands Expression,3,0.41129026723572637,0.31103566418297485,0.5194935772491933,0.05394273001968512,193,autocracy_reduced_01,autocracy
full2_reduced,wdj_expression_lag1,-0.10925926119089127,Mixed Outcome,2,0.123657591939528,0.0725327565691406,0.2029331724508962,0.03263097534919658,193,autocracy_reduced_01,autocracy
full2_reduced,wdj_expression_lag1,-0.10925926119089127,Contracts Expression,1,0.46693680846051566,0.3566427955077362,0.5805601563093095,0.058102949679057096,193,autocracy_reduced_01,autocracy
full2_reduced,wdj_expression_lag1,-0.10925926119089127,Expands Expression,3,0.40940559959995626,0.31409873708595754,0.512042676834501,0.05114787827223201,193,autocracy_reduced_01,autocracy
full2_reduced,wdj_expression_lag1,-0.08666666865348815,Mixed Outcome,2,0.1208778247675018,0.07227801362742185,0.19527763779761645,0.030799845308124314,193,autocracy_reduced_01,autocracy
full2_reduced,wdj_expression_lag1,-0.08666666865348815,Contracts Expression,1,0.4716340845069102,0.36523122538663294,0.5806783981887277,0.05583407937594341,193,autocracy_reduced_01,autocracy
full2_reduced,wdj_expression_lag1,-0.08666666865348815,Expands Expression,3,0.40748809072558795,0.3169819908213593,0.5047392916584814,0.04845143359663706,193,autocracy_reduced_01,autocracy
full2_reduced,wdj_expression_lag1,-0.06407407611608507,Mixed Outcome,2,0.11814668011912009,0.07194090262997738,0.18801696644059743,0.02908556166734061,193,autocracy_reduced_01,autocracy
full2_reduced,wdj_expression_lag1,-0.06407407611608507,Contracts Expression,1,0.4763147716681361,0.3737002022079646,0.5809687675420608,0.05365117000264562,193,autocracy_reduced_01,autocracy
full2_reduced,wdj_expression_lag1,-0.06407407611608507,Expands Expression,3,0.40553854821274443,0.3196589971891283,0.49761488634538453,0.04586690636662066,193,autocracy_reduced_01,autocracy
full2_reduced,wdj_expression_lag1,-0.04148148357868195,Mixed Outcome,2,0.11546372223369368,0.07151258433856894,0.18115661688940282,0.02749149434362968,193,autocracy_reduced_01,autocracy
full2_reduced,wdj_expression_lag1,-0.04148148357868195,Contracts Expression,1,0.4809785023673216,0.382019689497405,0.5814525221593955,0.05156673509715148,193,autocracy_reduced_01,autocracy
full2_reduced,wdj_expression_lag1,-0.04148148357868195,Expands Expression,3,0.4035577753989845,0.3220986949906626,0.49070563871996925,0.04341022834121392,193,autocracy_reduced_01,autocracy
full2_reduced,wdj_expression_lag1,-0.018888891041278832,Mixed Outcome,2,0.11282850392985402,0.07098383395802993,0.17470174563473045,0.026021150271058363,193,autocracy_reduced_01,autocracy
full2_reduced,wdj_expression_lag1,-0.018888891041278832,Contracts Expression,1,0.48562492491679804,0.390157113740594,0.582153384820039,0.04959453982080804,193,autocracy_reduced_01,autocracy
full2_reduced,wdj_expression_lag1,-0.018888891041278832,Expands Expression,3,0.4015465711533479,0.3242648365417314,0.4840529785784605,0.04110003881266976,193,autocracy_reduced_01,autocracy
full2_reduced,wdj_expression_lag1,0.0037037014961242565,Mixed Outcome,2,0.11024056755765096,0.07034532282304039,0.16865699498085163,0.024678025448972317,193,autocracy_reduced_01,autocracy
full2_reduced,wdj_expression_lag1,0.0037037014961242565,Contracts Expression,1,0.49025370274576907,0.3980774417661134,0.5830974873013459,0.0477495779607137,193,autocracy_reduced_01,autocracy
full2_reduced,wdj_expression_lag1,0.0037037014961242565,Expands Expression,3,0.39950572969658,0.326115634279593,0.47770392638976195,0.0389578700922946,193,autocracy_reduced_01,autocracy
full2_reduced,wdj_expression_lag1,0.026296294033527373,Mixed Outcome,2,0.10769944590650483,0.06958802385049918,0.16302615556642136,0.023465392840806648,193,autocracy_reduced_01,autocracy
full2_reduced,wdj_expression_lag1,0.026296294033527373,Contracts Expression,1,0.49486451364802675,0.4057434489944703,0.5843131235816493,0.04604795246855654,193,autocracy_reduced_01,autocracy
full2_reduced,wdj_expression_lag1,0.026296294033527373,Expands Expression,3,0.3974360404454686,0.3276038255501015,0.47171101373454544,0.037008121270222384,193,autocracy_reduced_01,autocracy
full2_reduced,wdj_expression_lag1,0.04888888657093049,Mixed Outcome,2,0.1052046630692148,0.06870374800816227,0.15781169574199708,0.022386022570864122,193,autocracy_reduced_01,autocracy
full2_reduced,wdj_expression_lag1,0.04888888657093049,Contracts Expression,1,0.4994570490515567,0.41311624889299664,0.5858302418347128,0.044506623616733944,193,autocracy_reduced_01,autocracy
full2_reduced,wdj_expression_lag1,0.04888888657093049,Expands Expression,3,0.39533828787922837,0.32867745693474026,0.46613148434267543,0.03527766672938999,193,autocracy_reduced_01,autocracy
full2_reduced,wdj_expression_lag1,0.07148147910833358,Mixed Outcome,2,0.10275573526242932,0.06768579697969256,0.15301417227553124,0.02144184232619397,193,autocracy_reduced_01,autocracy
full2_reduced,wdj_expression_lag1,0.07148147910833358,Contracts Expression,1,0.504031013311638,0.4201561533484499,0.5876796054033118,0.043142989022415965,193,autocracy_reduced_01,autocracy
full2_reduced,wdj_expression_lag1,0.07148147910833358,Expands Expression,3,0.3932132514259332,0.32928174387420783,0.46102541996115043,0.033794917832611585,193,autocracy_reduced_01,autocracy
full2_reduced,wdj_expression_lag1,0.09407407164573667,Mixed Outcome,2,0.10035217160418426,0.06652968570700232,0.14863156828195023,0.02063356210635729,193,autocracy_reduced_01,autocracy
full2_reduced,wdj_expression_lag1,0.09407407164573667,Contracts Expression,1,0.5085861230287876,0.42682390909139806,0.5898915775543452,0.04197427222803686,193,autocracy_reduced_01,autocracy
full2_reduced,wdj_expression_lag1,0.09407407164573667,Expands Expression,3,0.3910617053670284,0.3293623079615027,0.45645248871530664,0.03258818304093028,193,autocracy_reduced_01,autocracy
full2_reduced,wdj_expression_lag1,0.11666666418313981,Mixed Outcome,2,0.09799347484928796,0.06523385239012561,0.14465864060346617,0.01996030611599868,193,autocracy_reduced_01,autocracy
full2_reduced,wdj_expression_lag1,0.11666666418313981,Contracts Expression,1,0.5131221063926893,0.43308230638512063,0.5924945337181579,0.04101672126191343,193,autocracy_reduced_01,autocracy
full2_reduced,wdj_expression_lag1,0.11666666418313981,Expands Expression,3,0.388884418758023,0.3288698428694845,0.45246726511318036,0.03168329939384264,193,autocracy_reduced_01,autocracy
full2_reduced,wdj_expression_lag1,0.1392592567205429,Mixed Outcome,2,0.09567914208348485,0.06380024470120103,0.14108638760163852,0.019419309411002644,193,autocracy_reduced_01,autocracy
full2_reduced,wdj_expression_lag1,0.1392592567205429,Contracts Expression,1,0.5176387025529956,0.438898075383876,0.5955129857273515,0.04028465963537313,193,autocracy_reduced_01,autocracy
full2_reduced,wdj_expression_lag1,0.1392592567205429,Expands Expression,3,0.38668215536351924,0.32776576887544445,0.44911356177182954,0.031100758038635518,193,autocracy_reduced_01,autocracy
full2_reduced,wdj_expression_lag1,0.161851849257946,Mixed Outcome,2,0.09340866537747289,0.06223466354944296,0.13790175600651433,0.01900574076805238,193,autocracy_reduced_01,autocracy
full2_reduced,wdj_expression_lag1,0.161851849257946,Contracts Expression,1,0.5221356610177013,0.4442438889554223,0.5989655991929905,0.03978948132275782,193,autocracy_reduced_01,autocracy
full2_reduced,wdj_expression_lag1,0.161851849257946,Expands Expression,3,0.38445567360482574,0.32602781983580803,0.4464188289987154,0.030852860251491827,193,autocracy_reduced_01,autocracy
full2_reduced,wdj_expression_lag1,0.18444444179534913,Mixed Outcome,2,0.09118153240197215,0.060546771777470074,0.13508767925128984,0.018712699771518997,193,autocracy_reduced_01,autocracy
full2_reduced,wdj_expression_lag1,0.18444444179534913,Contracts Expression,1,0.5266127410795816,0.44910020159202396,0.602863374299836,0.039538726687107055,193,autocracy_reduced_01,autocracy
full2_reduced,wdj_expression_lag1,0.18444444179534913,Expands Expression,3,0.3822057265184471,0.32365409116369165,0.4443900938352182,0.03094165230885306,193,autocracy_reduced_01,autocracy
full2_reduced,wdj_expression_lag1,0.20703703433275222,Mixed Outcome,2,0.08899722700514252,0.05874973332333236,0.13262348183320768,0.018531406180642578,193,autocracy_reduced_01,autocracy
full2_reduced,wdj_expression_lag1,0.20703703433275222,Contracts Expression,1,0.5310697112709961,0.45345661911895746,0.607208295273987,0.03953539416887451,193,autocracy_reduced_01,autocracy
full2_reduced,wdj_expression_lag1,0.20703703433275222,Expands Expression,3,0.3799330617238614,0.3206642503977868,0.44301273691247917,0.03135830000559354,193,autocracy_reduced_01,autocracy
full2_reduced,wdj_expression_lag1,0.2296296268701553,Mixed Outcome,2,0.08685522975374899,0.05685952346077682,0.13048560904368925,0.018451560870465056,193,autocracy_reduced_01,autocracy
full2_reduced,wdj_expression_lag1,0.2296296268701553,Contracts Expression,1,0.5355063488471915,0.4573125346854977,0.611992712913831,0.03977762202714225,193,autocracy_reduced_01,autocracy
full2_reduced,wdj_expression_lag1,0.2296296268701553,Expands Expression,3,0.3776384213990592,0.31709745494640657,0.4422525626296924,0.03208413507300476,193,autocracy_reduced_01,autocracy
full2_reduced,wdj_expression_lag1,0.25222221940755846,Mixed Outcome,2,0.08475501843953635,0.05489401645230222,0.1286485758334103,0.01846182368410909,193,autocracy_reduced_01,autocracy
full2_reduced,wdj_expression_lag1,0.25222221940755846,Contracts Expression,1,0.5399224392980524,0.46067689983966026,0.6171995913835926,0.040258806801469,193,autocracy_reduced_01,autocracy
full2_reduced,wdj_expression_lag1,0.25222221940755846,Expands Expression,3,0.37532254226241185,0.31300763415364496,0.44206050555575777,0.033093039768125845,193,autocracy_reduced_01,autocracy
full2_reduced,wdj_expression_lag1,0.27481481194496155,Mixed Outcome,2,0.08269606855234778,0.0528719913773904,0.12708599410779742,0.01855033559227518,193,autocracy_reduced_01,autocracy
full2_reduced,wdj_expression_lag1,0.27481481194496155,Contracts Expression,1,0.5443177758881196,0.4635671716134425,0.6228035782088959,0.04096813785869869,193,autocracy_reduced_01,autocracy
full2_reduced,wdj_expression_lag1,0.27481481194496155,Expands Expression,3,0.37298615555953274,0.3084575446790838,0.44237856401783293,0.03435445342467511,193,autocracy_reduced_01,autocracy
full2_reduced,wdj_expression_lag1,0.2974074044823647,Mixed Outcome,2,0.080677853721561,0.050812191920243735,0.12577154280443315,0.018705214908918084,193,autocracy_reduced_01,autocracy
full2_reduced,wdj_expression_lag1,0.2974074044823647,Contracts Expression,1,0.5486921592245515,0.4660076420731919,0.6287726910096985,0.04189144337431987,193,autocracy_reduced_01,autocracy
full2_reduced,wdj_expression_lag1,0.2974074044823647,Expands Expression,3,0.37062998705388783,0.3035130577015204,0.4431455025250503,0.035836259797100936,193,autocracy_reduced_01,autocracy
full2_reduced,wdj_expression_lag1,0.3199999970197678,Mixed Outcome,2,0.07869984612745687,0.04873254032242369,0.12467978069501959,0.018914975442591426,193,autocracy_reduced_01,autocracy
full2_reduced,wdj_expression_lag1,0.3199999970197678,Contracts Expression,1,0.5530453968525482,0.4680274476403259,0.6350703235888958,0.043012197050456946,193,autocracy_reduced_01,autocracy
full2_reduced,wdj_expression_lag1,0.3199999970197678,Expands Expression,3,0.36825475701999494,0.29823864545603235,0.44430135540870913,0.03750706391824766,193,autocracy_reduced_01,autocracy
full2_reduced,wdj_expression_lag1,0.34259258955717087,Mixed Outcome,2,0.07676151688415364,0.04664955720878301,0.12378675029765125,0.019168839314295194,193,autocracy_reduced_01,autocracy
full2_reduced,wdj_expression_lag1,0.34259258955717087,Contracts Expression,1,0.5573773028776862,0.46965856008893897,0.6416572694175786,0.044312532618514554,193,autocracy_reduced_01,autocracy
full2_reduced,wdj_expression_lag1,0.34259258955717087,Expands Expression,3,0.3658611802381605,0.29269439949285425,0.4457903993935083,0.0393376903974199,193,autocracy_reduced_01,autocracy
full2_reduced,wdj_expression_lag1,0.36518518209457396,Mixed Outcome,2,0.07486233639575506,0.04457799417924938,0.12307036623868334,0.019456940269143658,193,autocracy_reduced_01,autocracy
full2_reduced,wdj_expression_lag1,0.36518518209457396,Contracts Expression,1,0.5616876976144579,0.4709339944499563,0.648493527244978,0.04577414710776654,193,autocracy_reduced_01,autocracy
full2_reduced,wdj_expression_lag1,0.36518518209457396,Expands Expression,3,0.36344996598978735,0.2869344464108755,0.4475627293602118,0.04130197227132766,193,autocracy_reduced_01,autocracy
full2_reduced,wdj_expression_lag1,0.38777777463197705,Mixed Outcome,2,0.0730017746873594,0.04253065497202566,0.12251061238387391,0.019770429369825315,193,autocracy_reduced_01,autocracy
full2_reduced,wdj_expression_lag1,0.38777777463197705,Contracts Expression,1,0.565976407260269,0.471886370191983,0.6555397524094116,0.04737902409399866,193,autocracy_reduced_01,autocracy
full2_reduced,wdj_expression_lag1,0.38777777463197705,Expands Expression,3,0.36102181805237193,0.28100641179709324,0.44957478654020994,0.04337700859231143,193,autocracy_reduced_01,autocracy
full2_reduced,wdj_expression_lag1,0.41037036716938013,Mixed Outcome,2,0.07117930171256598,0.04051836526280214,0.1220895878485601,0.02010150320317901,193,autocracy_reduced_01,autocracy
full2_reduced,wdj_expression_lag1,0.41037036716938013,Contracts Expression,1,0.5702432635940085,0.4725468684208065,0.6627583110823708,0.049109955664256265,193,autocracy_reduced_01,autocracy
full2_reduced,wdj_expression_lag1,0.41037036716938013,Expands Expression,3,0.3585774346934252,0.2749515582612667,0.4517892133216165,0.045543081299825726,193,autocracy_reduced_01,autocracy
full2_reduced,wdj_expression_lag1,0.43296295970678333,Mixed Outcome,2,0.06939438763910272,0.03855004788945682,0.1217914452967872,0.020443376565888023,193,autocracy_reduced_01,autocracy
full2_reduced,wdj_expression_lag1,0.43296295970678333,Contracts Expression,1,0.5744881036982915,0.4729445596721153,0.6701139628506757,0.05095087637982195,193,autocracy_reduced_01,autocracy
full2_reduced,wdj_expression_lag1,0.43296295970678333,Expands Expression,3,0.3561175086626048,0.2688052941410207,0.45417433803177476,0.04778338568346187,193,autocracy_reduced_01,autocracy
full2_reduced,wdj_expression_lag1,0.4555555522441864,Mixed Outcome,2,0.06764650311416269,0.036632864759782724,0.1216022604135339,0.020790219415271153,193,autocracy_reduced_01,autocracy
full2_reduced,wdj_expression_lag1,0.4555555522441864,Contracts Expression,1,0.5787107697043697,0.4731060391949654,0.6775742346873029,0.05288704155299496,193,autocracy_reduced_01,autocracy
full2_reduced,wdj_expression_lag1,0.4555555522441864,Expands Expression,3,0.35364272718146794,0.2625978420976796,0.4567035005616424,0.050083681520140935,193,autocracy_reduced_01,autocracy
full2_reduced,wdj_expression_lag1,0.4781481447815895,Mixed Outcome,2,0.06593511951101161,0.03477239454001972,0.12150986365306155,0.021137073953431545,193,autocracy_reduced_01,autocracy
full2_reduced,wdj_expression_lag1,0.4781481447815895,Contracts Expression,1,0.5829111085586804,0.47305529495110415,0.6851095610741255,0.05490508798138194,193,autocracy_reduced_01,autocracy
full2_reduced,wdj_expression_lag1,0.4781481447815895,Expands Expression,3,0.3511537719303081,0.25635493894873573,0.45935434740029835,0.05243193006893854,193,autocracy_reduced_01,autocracy
full2_reduced,wdj_expression_lag1,0.5007407373189926,Mixed Outcome,2,0.06425970915837871,0.032972823694277446,0.12150365681226917,0.021479763412487307,193,autocracy_reduced_01,autocracy
full2_reduced,wdj_expression_lag1,0.5007407373189926,Contracts Expression,1,0.5870889718099703,0.4728137376835725,0.6926932609398243,0.05699301310136832,193,autocracy_reduced_01,autocracy
full2_reduced,wdj_expression_lag1,0.5007407373189926,Expands Expression,3,0.34865131903165125,0.25009849625626906,0.46210816665747156,0.05481795256280314,193,autocracy_reduced_01,autocracy
full2_reduced,wdj_expression_lag1,0.5233333298563957,Mixed Outcome,2,0.06261974555409938,0.03123713581673768,0.12157442971763065,0.021814800386201857,193,autocracy_reduced_01,autocracy
full2_reduced,wdj_expression_lag1,0.5233333298563957,Contracts Expression,1,0.5912442154158769,0.4724003337171044,0.7003014106949391,0.05914010270633371,193,autocracy_reduced_01,autocracy
full2_reduced,wdj_expression_lag1,0.5233333298563957,Expands Expression,3,0.3461360390300234,0.24384718996790805,0.464949294657263,0.05723312605632305,193,autocracy_reduced_01,autocracy
full2_reduced,wdj_expression_lag1,0.5459259223937988,Mixed Outcome,2,0.06101470356442184,0.029567290116191004,0.12171418624658147,0.022139299507076927,193,autocracy_reduced_01,autocracy
full2_reduced,wdj_expression_lag1,0.5459259223937988,Contracts Expression,1,0.5953766995678533,0.47183179596094277,0.7079126579275979,0.06133682981509569,193,autocracy_reduced_01,autocracy
full2_reduced,wdj_expression_lag1,0.5459259223937988,Expands Expression,3,0.34360859686772477,0.23761696886124528,0.46786460446726186,0.059670121684114875,193,autocracy_reduced_01,autocracy
full2_reduced,wdj_expression_lag1,0.5685185149312019,Mixed Outcome,2,0.05944405961032907,0.027964384103054272,0.1219159848124354,0.022450897144328182,193,autocracy_reduced_01,autocracy
full2_reduced,wdj_expression_lag1,0.5685185149312019,Contracts Expression,1,0.5994862885333024,0.4711228013502601,0.7155080075386913,0.06357474076487932,193,autocracy_reduced_01,autocracy
full2_reduced,wdj_expression_lag1,0.5685185149312019,Expands Expression,3,0.3410696518563683,0.2314214842424119,0.4708430737894206,0.06212268387834656,193,autocracy_reduced_01,autocracy
full2_reduced,wdj_expression_lag1,0.5911111074686051,Mixed Outcome,2,0.057907291842165545,0.02642879842527352,0.12217379551893298,0.02274767930540823,193,autocracy_reduced_01,autocracy
full2_reduced,wdj_expression_lag1,0.5911111074686051,Contracts Expression,1,0.6035728505137887,0.4702862133916371,0.7230706016261275,0.0658463392895869,193,autocracy_reduced_01,autocracy
full2_reduced,wdj_expression_lag1,0.5911111074686051,Expands Expression,3,0.33851985764404563,0.22527244825157078,0.4738754249483656,0.0645854467024341,193,autocracy_reduced_01,autocracy
full2_reduced,wdj_expression_lag1,0.6137037000060082,Mixed Outcome,2,0.05640388030378778,0.024960323653348788,0.1224823742695624,0.023028117954596687,193,autocracy_reduced_01,autocracy
full2_reduced,wdj_expression_lag1,0.6137037000060082,Contracts Expression,1,0.6076362575181945,0.46933329695898324,0.7305855060199435,0.06814497503933592,193,autocracy_reduced_01,autocracy
full2_reduced,wdj_expression_lag1,0.6137037000060082,Expands Expression,3,0.33595986217801777,0.21917993063683658,0.47695382702171035,0.0670537821474119,193,autocracy_reduced_01,autocracy
full2_reduced,wdj_expression_lag1,0.6362962925434112,Mixed Outcome,2,0.05493330708738866,0.02355826986554305,0.12283715314197566,0.02329101542921609,193,autocracy_reduced_01,autocracy
full2_reduced,wdj_expression_lag1,0.6362962925434112,Contracts Expression,1,0.6116763852497082,0.46827391784695604,0.7380395109592194,0.07046474027280633,193,autocracy_reduced_01,autocracy
full2_reduced,wdj_expression_lag1,0.6362962925434112,Expands Expression,3,0.3333903076629033,0.2131526036042667,0.48007165051943224,0.06952367542512815,193,autocracy_reduced_01,autocracy
full2_reduced,wdj_expression_lag1,0.6588888850808143,Mixed Outcome,2,0.05349505648006866,0.02222156047870134,0.12323414567345795,0.023535456307284753,193,autocracy_reduced_01,autocracy
full2_reduced,wdj_expression_lag1,0.6588888850808143,Contracts Expression,1,0.6156931130055521,0.4671167238765173,0.7454209492102849,0.07280037629075378,193,autocracy_reduced_01,autocracy
full2_reduced,wdj_expression_lag1,0.6588888850808143,Expands Expression,3,0.3308118305143798,0.2071979435700448,0.4832232658015293,0.07199162270803695,193,autocracy_reduced_01,autocracy
full2_reduced,wdj_expression_lag1,0.6814814776182174,Mixed Outcome,2,0.052088615103153914,0.02094881200538689,0.1236698654690368,0.02376076595150686,193,autocracy_reduced_01,autocracy
full2_reduced,wdj_expression_lag1,0.6814814776182174,Contracts Expression,1,0.6196863235883722,0.4658693059449695,0.7527195331504234,0.07514719035802873,193,autocracy_reduced_01,autocracy
full2_reduced,wdj_expression_lag1,0.6814814776182174,Expands Expression,3,0.3282250613084738,0.20132239772242316,0.4864038772232841,0.07445454720572234,193,autocracy_reduced_01,autocracy
full2_reduced,wdj_expression_lag1,0.7040740701556205,Mixed Outcome,2,0.05071347204517996,0.019738401442271927,0.12414125657281924,0.02396647494271467,193,autocracy_reduced_01,autocracy
full2_reduced,wdj_expression_lag1,0.7040740701556205,Contracts Expression,1,0.6236559032282668,0.46453834018478934,0.759926209853533,0.07750098248755855,193,autocracy_reduced_01,autocracy
full2_reduced,wdj_expression_lag1,0.7040740701556205,Expands Expression,3,0.32563062472655335,0.19553152172817825,0.48960938673422316,0.07690973033493863,193,autocracy_reduced_01,autocracy
full2_reduced,wdj_expression_lag1,0.7266666626930237,Mixed Outcome,2,0.04936911898938651,0.01858852295247388,0.12464563393818864,0.024152288604986034,193,autocracy_reduced_01,autocracy
full2_reduced,wdj_expression_lag1,0.7266666626930237,Contracts Expression,1,0.6276017415144396,0.463129711706654,0.7670330335648039,0.07985798178441168,193,autocracy_reduced_01,autocracy
full2_reduced,wdj_expression_lag1,0.7266666626930237,Expands Expression,3,0.3230291394961734,0.1898300940729452,0.49283628137462676,0.07935475513449507,193,autocracy_reduced_01,autocracy
full2_reduced,wdj_expression_lag1,0.7492592552304268,Mixed Outcome,2,0.048055050336484315,0.01749723532057867,0.12518063269948465,0.02431806094324614,193,autocracy_reduced_01,autocracy
full2_reduced,wdj_expression_lag1,0.7492592552304268,Contracts Expression,1,0.6315237313355397,0.461648622311532,0.7740330534010043,0.08221479111900468,193,autocracy_reduced_01,autocracy
full2_reduced,wdj_expression_lag1,0.7492592552304268,Expands Expression,3,0.3204212183279763,0.18422221146129428,0.49608154020202694,0.08178745963184371,193,autocracy_reduced_01,autocracy
full2_reduced,wdj_expression_lag1,0.7718518477678299,Mixed Outcome,2,0.04677076332338071,0.01646250154042949,0.12574416488382986,0.02446377233819316,193,autocracy_reduced_01,autocracy
full2_reduced,wdj_expression_lag1,0.7718518477678299,Contracts Expression,1,0.6354217688277521,0.46009968339790497,0.7809202149577845,0.08456833946196432,193,autocracy_reduced_01,autocracy
full2_reduced,wdj_expression_lag1,0.7718518477678299,Expands Expression,3,0.31780746784886676,0.17871136875366606,0.49934255720383347,0.08420589838157753,193,autocracy_reduced_01,autocracy
full2_reduced,wdj_expression_lag1,0.7944444403052331,Mixed Outcome,2,0.04551575813847005,0.015482221705327268,0.1263343824855452,0.02458951045168347,193,autocracy_reduced_01,autocracy
full2_reduced,wdj_expression_lag1,0.7944444403052331,Contracts Expression,1,0.6392957533298139,0.45848699630535866,0.7876892737645439,0.08691584072933224,193,autocracy_reduced_01,autocracy
full2_reduced,wdj_expression_lag1,0.7944444403052331,Expands Expression,3,0.31518848853171616,0.17330052647384028,0.5026170770445406,0.08660831057283531,193,autocracy_reduced_01,autocracy
full2_reduced,wdj_expression_lag1,0.8170370328426362,Mixed Outcome,2,0.04428953803402064,0.01455426021995103,0.12694964594110425,0.024695453862279164,193,autocracy_reduced_01,autocracy
full2_reduced,wdj_expression_lag1,0.8170370328426362,Contracts Expression,1,0.6431455873441072,0.4568142213331719,0.794335719284127,0.08925475847523262,193,autocracy_reduced_01,autocracy
full2_reduced,wdj_expression_lag1,0.8170370328426362,Expands Expression,3,0.3125648746218725,0.1679921680363657,0.5059031415875107,0.08899309362712768,193,autocracy_reduced_01,autocracy
full2_reduced,wdj_expression_lag1,0.8396296253800393,Mixed Outcome,2,0.04309160943611299,0.013676468207425636,0.12758849719377036,0.024781858022143555,193,autocracy_reduced_01,autocracy
full2_reduced,wdj_expression_lag1,0.8396296253800393,Contracts Expression,1,0.6469711765031072,0.4550846372479899,0.8008557077901848,0.09158277550148787,193,autocracy_reduced_01,autocracy
full2_reduced,wdj_expression_lag1,0.8396296253800393,Expands Expression,3,0.30993721406078006,0.16278834876802392,0.5091990449516585,0.09135878115986558,193,autocracy_reduced_01,autocracy
full2_reduced,wdj_expression_lag1,0.8622222179174424,Mixed Outcome,2,0.04192148205251239,0.012846701862133743,0.1282496366187801,0.024849043179762345,193,autocracy_reduced_01,autocracy
full2_reduced,wdj_expression_lag1,0.8622222179174424,Contracts Expression,1,0.6507724295404763,0.45330119257836965,0.807246002880227,0.09389776770962532,193,autocracy_reduced_01,autocracy
full2_reduced,wdj_expression_lag1,0.8622222179174424,Expands Expression,3,0.3073060884070117,0.1576907380763193,0.5125032958275116,0.09370402463190595,193,autocracy_reduced_01,autocracy
full2_reduced,wdj_expression_lag1,0.8848148104548454,Mixed Outcome,2,0.04077866897878858,0.012062837378319315,0.12893190325043186,0.024897383979120617,193,autocracy_reduced_01,autocracy
full2_reduced,wdj_expression_lag1,0.8848148104548454,Contracts Expression,1,0.6545492582661594,0.45146654958456445,0.8135039226936249,0.09619778172024279,193,autocracy_reduced_01,autocracy
full2_reduced,wdj_expression_lag1,0.8848148104548454,Expands Expression,3,0.3046720727550517,0.15270065608018044,0.515814585633633,0.09602757797478793,193,autocracy_reduced_01,autocracy
full2_reduced,wdj_expression_lag1,0.9074074029922485,Mixed Outcome,2,0.0396626868029276,0.011322782995952031,0.12963425778537996,0.024927300480283205,193,autocracy_reduced_01,autocracy
full2_reduced,wdj_expression_lag1,0.9074074029922485,Contracts Expression,1,0.6583015775449106,0.44958312242879983,0.8196272925518929,0.09848101549352158,193,autocracy_reduced_01,autocracy
full2_reduced,wdj_expression_lag1,0.9074074029922485,Expands Expression,3,0.3020357356521618,0.14781910556210442,0.5191317617297485,0.09832828476907894,193,autocracy_reduced_01,autocracy
