,Intercept,wdj_expression_lag1,v2jupoatck_lag1
0,1.0,0.0,0.995
1,1.0,0.0,0.995
2,1.0,0.0,0.818
3,1.0,0.0,0.64
4,1.0,0.0,1.174
5,1.0,0.0,1.299
6,1.0,0.0,1.299
7,1.0,0.0,1.307
8,1.0,0.0,1.237
9,1.0,0.0,1.237
10,1.0,0.0,1.191
11,1.0,0.0,1.357
12,1.0,0.944444444,1.68
13,1.0,1.0,1.68
14,1.0,1.0,1.68
15,1.0,1.0,1.68
16,1.0,1.0,1.965
17,1.0,1.0,1.965
18,1.0,1.0,1.965
19,1.0,0.685185185,0.99
20,1.0,0.685185185,1.046
21,1.0,0.685185185,1.046
22,1.0,0.685185185,1.54
23,1.0,0.685185185,1.54
24,1.0,0.685185185,1.234
25,1.0,0.685185185,1.234
26,1.0,0.685185185,1.502
27,1.0,0.685185185,1.076
28,1.0,0.055555556,-1.186
29,1.0,0.055555556,-1.267
30,1.0,0.055555556,-1.516
31,1.0,0.475308642,-1.25
32,1.0,0.981481481,-1.596
33,1.0,0.981481481,-1.249
34,1.0,0.0,2.422
35,1.0,0.0,2.422
36,1.0,0.0,2.422
37,1.0,0.0,2.422
38,1.0,0.0,2.422
39,1.0,0.0,-1.026
40,1.0,0.0,-1.026
41,1.0,0.0,-1.026
42,1.0,0.037037037,-0.52
43,1.0,0.0,1.561
44,1.0,0.0,1.561
45,1.0,-0.111111111,1.234
46,1.0,-0.111111111,1.225
47,1.0,0.0,1.033
48,1.0,0.0,1.033
49,1.0,0.0,1.033
50,1.0,0.0,1.033
51,1.0,0.0,1.033
52,1.0,0.0,1.033
53,1.0,0.0,1.033
54,1.0,0.0,1.033
55,1.0,0.0,1.033
56,1.0,0.0,1.033
57,1.0,0.0,1.033
58,1.0,0.0,1.033
59,1.0,0.0,1.033
60,1.0,0.0,1.033
61,1.0,0.0,1.033
62,1.0,0.0,1.033
63,1.0,0.0,1.033
64,1.0,0.0,1.201
65,1.0,0.0,0.951
66,1.0,0.0,0.745
67,1.0,0.0,0.857
68,1.0,0.0,0.406
69,1.0,0.0,1.343
70,1.0,0.0,1.507
71,1.0,0.0,2.007
72,1.0,0.777777778,1.471
73,1.0,0.777777778,1.471
74,1.0,0.777777778,0.682
75,1.0,0.777777778,0.821
76,1.0,0.777777778,1.024
77,1.0,0.0,0.921
78,1.0,0.0,1.318
79,1.0,0.920634921,1.318
80,1.0,0.920634921,1.318
81,1.0,0.920634921,1.318
82,1.0,0.920634921,1.318
83,1.0,0.920634921,1.318
84,1.0,0.920634921,0.493
85,1.0,0.920634921,0.493
86,1.0,0.920634921,0.732
87,1.0,0.920634921,1.681
88,1.0,0.920634921,1.681
89,1.0,0.920634921,1.681
90,1.0,0.920634921,1.681
91,1.0,0.920634921,1.314
92,1.0,0.920634921,0.701
93,1.0,0.920634921,0.898
94,1.0,0.920634921,1.22
95,1.0,0.920634921,1.482
96,1.0,0.908119658,-1.531
97,1.0,0.908119658,-1.531
98,1.0,0.900966184,-1.922
99,1.0,0.905092593,-1.922
100,1.0,0.0,-1.144
101,1.0,0.0,-1.144
102,1.0,0.0,-1.424
103,1.0,0.0,-0.597
104,1.0,0.0,-0.7
105,1.0,0.606837607,-0.624
106,1.0,0.606837607,-0.32
107,1.0,0.606837607,-0.618
108,1.0,0.32748538,0.106
109,1.0,0.0,0.687
110,1.0,0.0,2.269
111,1.0,0.0,2.269
112,1.0,0.0,2.174
113,1.0,0.0,2.174
114,1.0,0.0,2.174
115,1.0,0.0,2.174
116,1.0,0.0,1.841
117,1.0,0.0,1.701
118,1.0,0.0,1.701
119,1.0,0.0,2.313
120,1.0,0.0,2.313
121,1.0,0.0,2.313
122,1.0,0.0,2.313
123,1.0,0.0,2.313
124,1.0,0.62962963,2.313
125,1.0,0.62962963,2.313
126,1.0,0.62962963,2.313
127,1.0,0.62962963,2.313
128,1.0,0.62962963,2.313
129,1.0,0.62962963,2.313
130,1.0,0.393162393,0.26
131,1.0,0.0,0.807
132,1.0,0.0,1.109
133,1.0,0.0,1.21
134,1.0,0.0,1.21
135,1.0,0.0,2.189
136,1.0,0.0,2.169
137,1.0,0.0,1.637
138,1.0,0.0,1.637
139,1.0,0.0,1.072
140,1.0,0.0,1.441
141,1.0,0.0,1.441
142,1.0,0.0,-0.558
143,1.0,0.0,-0.72
144,1.0,0.393939394,-0.784
145,1.0,0.393939394,-0.843
146,1.0,0.393939394,-0.843
147,1.0,0.393939394,-1.08
148,1.0,0.393939394,-1.251
149,1.0,0.494152047,-0.567
150,1.0,0.494152047,-0.778
151,1.0,0.447089947,-0.373
152,1.0,0.0,0.374
153,1.0,0.0,0.323
154,1.0,0.0,0.227
155,1.0,0.873015873,0.412
156,1.0,0.873015873,0.412
157,1.0,0.873015873,0.412
158,1.0,0.873015873,0.862
159,1.0,0.0,-0.35
160,1.0,0.0,-0.35
161,1.0,0.0,-0.35
162,1.0,0.0,-0.35
163,1.0,0.0,-0.35
164,1.0,0.777777778,-0.35
165,1.0,0.777777778,-0.924
166,1.0,0.851851852,-0.924
167,1.0,0.851851852,-0.915
168,1.0,0.851851852,-0.549
169,1.0,0.851851852,-0.627
170,1.0,0.0,-0.603
171,1.0,0.0,-0.603
172,1.0,0.0,-0.603
173,1.0,0.0,-0.452
174,1.0,-0.037037037,-1.029
175,1.0,0.0,1.075
176,1.0,0.0,0.818
177,1.0,0.633986928,0.712
178,1.0,0.633986928,0.712
179,1.0,0.633986928,0.712
180,1.0,0.633986928,1.3
181,1.0,0.633986928,1.799
182,1.0,0.763888889,1.205
183,1.0,0.763888889,1.205
184,1.0,0.763888889,1.205
185,1.0,0.814814815,1.205
186,1.0,0.814814815,1.205
187,1.0,0.711111111,-0.317
188,1.0,0.711111111,0.1
189,1.0,0.711111111,0.1
190,1.0,0.711111111,0.815
191,1.0,0.0,1.359
192,1.0,0.0,1.39
193,1.0,0.0,1.39
194,1.0,0.0,1.39
195,1.0,0.0,1.023
196,1.0,0.0,0.472
197,1.0,0.5,-0.227
198,1.0,0.0,-0.227
199,1.0,0.0,-0.067
200,1.0,0.0,-0.067
201,1.0,0.953703704,0.188
202,1.0,0.907407407,0.022
203,1.0,0.907407407,0.057
204,1.0,0.907407407,-0.265
205,1.0,0.907407407,-0.086
206,1.0,0.907407407,-0.161
207,1.0,0.907407407,0.615
208,1.0,0.907407407,1.242
209,1.0,0.0,-1.336
210,1.0,0.0,-1.444
211,1.0,0.0,-2.535
212,1.0,0.0,-1.141
213,1.0,0.0,-1.141
214,1.0,0.0,-1.253
215,1.0,0.0,-1.177
216,1.0,0.0,-0.642
217,1.0,0.736111111,-0.829
218,1.0,0.736111111,-0.962
219,1.0,0.0,-0.033
220,1.0,0.0,-0.204
221,1.0,0.0,0.015
222,1.0,0.0,0.132
223,1.0,0.0,-1.422
224,1.0,0.533333333,-0.998
225,1.0,0.533333333,-0.561
226,1.0,0.359477124,0.692
227,1.0,0.579365079,1.543
228,1.0,0.583979328,0.12
229,1.0,0.583979328,2.295
230,1.0,0.55308642,2.295
231,1.0,0.55308642,2.295
232,1.0,0.55308642,2.295
233,1.0,0.55308642,-0.627
234,1.0,0.559178744,-3.46
235,1.0,0.559178744,-3.084
236,1.0,0.559178744,-4.259
237,1.0,0.449074074,-4.26
238,1.0,0.449074074,-2.65
239,1.0,0.259259259,-2.509
240,1.0,0.450292398,1.021
241,1.0,0.0,-1.401
242,1.0,0.0,-1.26
243,1.0,0.555555556,-0.906
244,1.0,0.0,2.621
245,1.0,0.0,2.621
246,1.0,0.0,2.621
247,1.0,0.305555556,2.621
248,1.0,0.305555556,2.621
249,1.0,0.458333333,-0.875
250,1.0,0.0,-0.389
251,1.0,0.0,-0.298
252,1.0,0.0,0.35
253,1.0,0.0,0.35
254,1.0,0.0,0.35
255,1.0,0.0,0.35
256,1.0,0.0,0.35
257,1.0,0.0,0.35
258,1.0,0.0,0.35
259,1.0,0.0,0.416
260,1.0,0.0,0.416
261,1.0,0.0,0.48
262,1.0,0.0,0.315
263,1.0,0.0,0.315
264,1.0,0.0,0.315
265,1.0,0.0,0.287
266,1.0,0.0,0.287
267,1.0,0.0,0.333
268,1.0,0.0,0.333
269,1.0,0.0,0.333
270,1.0,0.0,0.373
271,1.0,0.0,0.744
272,1.0,0.402777778,0.696
273,1.0,0.402777778,1.163
274,1.0,0.402777778,1.529
275,1.0,0.402777778,1.454
276,1.0,0.0,0.446
277,1.0,0.0,2.405
278,1.0,0.0,0.316
279,1.0,0.0,0.069
280,1.0,0.0,1.328
281,1.0,0.0,1.328
282,1.0,0.0,0.798
283,1.0,0.678571429,0.462
284,1.0,0.678571429,0.902
285,1.0,0.0,-1.421
286,1.0,0.0,-1.421
287,1.0,0.0,-1.421
288,1.0,0.0,0.174
289,1.0,0.0,0.048
290,1.0,0.0,0.143
291,1.0,0.0,0.143
292,1.0,0.0,0.367
293,1.0,0.0,-1.111
294,1.0,0.0,-1.111
295,1.0,0.0,-1.111
296,1.0,0.0,-1.111
297,1.0,0.0,-0.744
298,1.0,0.0,-1.486
299,1.0,0.0,-1.486
300,1.0,0.0,-0.525
301,1.0,0.0,-0.608
302,1.0,0.0,-0.294
303,1.0,0.0,-1.744
304,1.0,0.0,-2.108
305,1.0,0.0,-2.134
306,1.0,0.0,-3.11
307,1.0,0.0,-2.741
308,1.0,0.0,-2.658
309,1.0,0.0,-2.412
310,1.0,0.619047619,-2.256
311,1.0,0.619047619,-2.017
312,1.0,0.619047619,-2.262
313,1.0,0.619047619,-2.362
314,1.0,0.0,-1.351
315,1.0,0.0,-0.985
316,1.0,0.0,-1.289
317,1.0,0.0,-1.206
318,1.0,0.0,-1.499
319,1.0,0.0,-1.407
320,1.0,0.0,-1.283
321,1.0,0.755555556,-1.283
322,1.0,0.0,1.4
323,1.0,0.0,0.347
324,1.0,0.0,1.248
325,1.0,0.0,1.399
326,1.0,0.0,1.747
327,1.0,0.0,1.747
328,1.0,0.0,1.718
329,1.0,0.0,1.718
330,1.0,0.0,1.718
331,1.0,0.0,1.718
332,1.0,0.0,1.718
333,1.0,0.0,1.718
334,1.0,0.0,1.718
335,1.0,0.0,2.12
336,1.0,0.0,2.12
337,1.0,0.0,2.12
338,1.0,0.0,2.12
339,1.0,0.0,2.12
340,1.0,0.0,2.12
341,1.0,0.0,2.12
342,1.0,0.0,2.12
343,1.0,0.0,1.943
344,1.0,0.0,1.217
345,1.0,0.0,1.217
346,1.0,0.0,1.217
347,1.0,0.0,1.217
348,1.0,0.0,1.217
349,1.0,0.0,1.973
350,1.0,0.0,1.973
351,1.0,0.0,1.973
352,1.0,0.0,2.108
353,1.0,0.0,2.108
354,1.0,0.0,2.108
355,1.0,-0.666666667,2.108
356,1.0,-0.666666667,2.108
357,1.0,0.0,2.108
358,1.0,0.0,2.108
359,1.0,0.0,2.108
360,1.0,0.0,1.7
361,1.0,0.0,2.229
362,1.0,0.0,2.229
363,1.0,0.0,2.229
364,1.0,0.0,2.229
365,1.0,0.0,2.229
366,1.0,0.0,2.229
367,1.0,0.0,0.863
368,1.0,0.0,1.487
369,1.0,0.0,1.036
370,1.0,0.0,1.036
371,1.0,0.0,1.036
372,1.0,0.0,1.036
373,1.0,1.0,0.721
374,1.0,1.0,0.013
375,1.0,1.0,-0.349
376,1.0,1.0,-0.349
377,1.0,1.0,-0.68
378,1.0,1.0,0.894
379,1.0,1.0,0.894
380,1.0,1.0,0.634
381,1.0,1.0,0.525
382,1.0,0.0,0.98
383,1.0,0.746031746,1.988
384,1.0,0.746031746,1.25
385,1.0,0.746031746,1.332
386,1.0,0.40530303,-1.653
387,1.0,0.40530303,-1.653
388,1.0,0.40530303,-1.653
389,1.0,0.40530303,-1.653
390,1.0,0.40530303,-1.591
391,1.0,0.500992063,-2.506
392,1.0,0.500992063,-1.799
393,1.0,0.0,0.667
394,1.0,0.0,1.127
395,1.0,0.0,1.127
396,1.0,0.0,1.127
397,1.0,0.0,1.127
398,1.0,-0.222222222,0.46
399,1.0,-0.222222222,0.708
400,1.0,-0.222222222,0.714
401,1.0,-0.222222222,0.766
402,1.0,-0.222222222,-0.732
403,1.0,0.0,0.59
404,1.0,0.0,-1.276
405,1.0,0.0,-0.202
406,1.0,0.0,-0.202
407,1.0,0.0,0.293
408,1.0,0.0,0.293
409,1.0,0.0,0.444
410,1.0,0.0,0.658
411,1.0,0.0,1.176
412,1.0,0.0,0.242
413,1.0,0.0,1.307
414,1.0,0.0,1.237
415,1.0,0.0,1.237
416,1.0,0.0,1.237
417,1.0,0.0,1.237
418,1.0,0.0,1.237
419,1.0,0.0,1.191
420,1.0,0.0,1.191
421,1.0,0.0,1.191
422,1.0,0.0,1.357
423,1.0,0.0,1.357
424,1.0,0.944444444,1.68
425,1.0,0.944444444,1.68
426,1.0,0.944444444,1.68
427,1.0,1.0,1.68
428,1.0,0.685185185,1.54
429,1.0,0.685185185,1.234
430,1.0,0.685185185,1.234
431,1.0,0.055555556,-1.516
432,1.0,0.475308642,-1.25
433,1.0,0.0,2.422
434,1.0,0.0,1.033
435,1.0,0.0,1.033
436,1.0,0.0,1.033
437,1.0,0.0,1.033
438,1.0,0.0,1.033
439,1.0,0.0,1.033
440,1.0,0.0,1.033
441,1.0,0.0,1.033
442,1.0,0.0,1.033
443,1.0,0.0,1.201
444,1.0,0.0,1.201
445,1.0,0.0,1.201
446,1.0,0.0,0.951
447,1.0,0.0,0.951
448,1.0,0.0,0.951
449,1.0,0.0,0.745
450,1.0,0.0,0.857
451,1.0,0.0,0.857
452,1.0,0.0,0.857
453,1.0,0.0,0.857
454,1.0,0.0,0.857
455,1.0,0.0,0.406
456,1.0,0.0,0.406
457,1.0,0.0,0.406
458,1.0,0.0,1.343
459,1.0,0.0,1.343
460,1.0,0.0,1.507
461,1.0,0.0,1.507
462,1.0,0.0,2.007
463,1.0,0.0,2.007
464,1.0,0.0,2.007
465,1.0,0.0,2.007
466,1.0,0.777777778,1.471
467,1.0,0.777777778,1.471
468,1.0,0.777777778,1.471
469,1.0,0.777777778,1.471
470,1.0,0.777777778,1.471
471,1.0,0.777777778,0.682
472,1.0,0.777777778,0.682
473,1.0,0.920634921,1.318
474,1.0,0.920634921,1.681
475,1.0,0.920634921,1.681
476,1.0,0.920634921,1.681
477,1.0,0.920634921,1.314
478,1.0,0.920634921,0.701
479,1.0,0.920634921,0.701
480,1.0,0.920634921,0.701
481,1.0,0.920634921,0.701
482,1.0,0.920634921,0.898
483,1.0,0.920634921,0.898
484,1.0,0.920634921,0.898
485,1.0,0.920634921,0.898
486,1.0,0.920634921,0.898
487,1.0,0.920634921,0.898
488,1.0,0.920634921,0.898
489,1.0,0.920634921,1.22
490,1.0,0.920634921,1.22
491,1.0,0.920634921,1.22
492,1.0,0.920634921,1.22
493,1.0,0.908119658,-1.531
494,1.0,0.900966184,-1.922
495,1.0,0.0,-1.144
496,1.0,0.0,-0.597
497,1.0,0.0,2.174
498,1.0,0.0,2.174
499,1.0,0.0,1.841
500,1.0,0.0,1.701
501,1.0,0.0,2.313
502,1.0,0.0,2.313
503,1.0,0.0,2.313
504,1.0,0.0,2.313
505,1.0,0.0,2.313
506,1.0,0.0,2.313
507,1.0,0.0,2.313
508,1.0,0.0,2.313
509,1.0,0.0,2.313
510,1.0,0.0,2.313
511,1.0,0.0,2.313
512,1.0,0.0,2.313
513,1.0,0.0,2.313
514,1.0,0.0,2.313
515,1.0,0.0,2.313
516,1.0,0.0,2.313
517,1.0,0.0,2.313
518,1.0,0.0,2.313
519,1.0,0.62962963,2.313
520,1.0,0.62962963,2.313
521,1.0,0.62962963,2.313
522,1.0,0.62962963,2.313
523,1.0,0.62962963,2.313
524,1.0,0.62962963,2.313
525,1.0,0.62962963,2.313
526,1.0,0.62962963,2.313
527,1.0,0.62962963,2.313
528,1.0,0.62962963,2.313
529,1.0,0.62962963,2.313
530,1.0,0.62962963,2.313
531,1.0,0.62962963,2.313
532,1.0,0.62962963,2.313
533,1.0,0.62962963,2.313
534,1.0,0.62962963,2.313
535,1.0,0.62962963,2.313
536,1.0,0.62962963,2.313
537,1.0,0.393162393,0.26
538,1.0,0.0,1.441
539,1.0,0.0,1.441
540,1.0,0.0,-0.558
541,1.0,0.393939394,-0.784
542,1.0,0.393939394,-0.784
543,1.0,0.393939394,-0.784
544,1.0,0.393939394,-0.784
545,1.0,0.393939394,-0.784
546,1.0,0.393939394,-0.843
547,1.0,0.393939394,-0.843
548,1.0,0.393939394,-0.843
549,1.0,0.393939394,-0.843
550,1.0,0.393939394,-0.843
551,1.0,0.393939394,-0.843
552,1.0,0.393939394,-0.843
553,1.0,0.393939394,-1.08
554,1.0,0.393939394,-1.251
555,1.0,0.393939394,-1.251
556,1.0,0.494152047,-0.567
557,1.0,0.494152047,-0.778
558,1.0,0.447089947,-0.373
559,1.0,0.447089947,-0.373
560,1.0,0.0,0.227
561,1.0,0.873015873,0.412
562,1.0,0.873015873,0.412
563,1.0,0.873015873,0.412
564,1.0,0.873015873,0.412
565,1.0,0.873015873,0.412
566,1.0,0.0,-0.35
567,1.0,0.0,-0.35
568,1.0,0.777777778,-0.35
569,1.0,0.777777778,-0.35
570,1.0,0.777777778,-0.924
571,1.0,0.851851852,-0.924
572,1.0,0.851851852,-0.915
573,1.0,0.0,0.818
574,1.0,0.633986928,0.712
575,1.0,0.633986928,0.712
576,1.0,0.633986928,0.712
577,1.0,0.633986928,0.712
578,1.0,0.633986928,0.712
579,1.0,0.763888889,1.205
580,1.0,0.763888889,1.205
581,1.0,0.711111111,-0.317
582,1.0,0.711111111,0.1
583,1.0,0.711111111,0.1
584,1.0,0.711111111,0.1
585,1.0,0.711111111,0.1
586,1.0,0.711111111,0.1
587,1.0,0.711111111,0.1
588,1.0,0.711111111,0.1
589,1.0,0.711111111,0.1
590,1.0,0.711111111,0.1
591,1.0,0.711111111,0.1
592,1.0,0.5,-0.227
593,1.0,0.5,-0.227
594,1.0,0.0,-0.227
595,1.0,0.0,-0.067
596,1.0,0.0,-0.067
597,1.0,0.0,-0.067
598,1.0,0.953703704,0.188
599,1.0,0.907407407,0.022
600,1.0,0.907407407,0.022
601,1.0,0.907407407,-0.161
602,1.0,0.907407407,-0.161
603,1.0,0.907407407,-0.161
604,1.0,0.907407407,0.615
605,1.0,0.907407407,0.615
606,1.0,0.907407407,0.615
607,1.0,0.0,-2.535
608,1.0,0.0,-1.141
609,1.0,0.0,-1.141
610,1.0,0.0,-1.253
611,1.0,0.0,-0.642
612,1.0,0.0,-0.642
613,1.0,0.736111111,-0.829
614,1.0,0.0,0.132
615,1.0,0.0,0.132
616,1.0,0.359477124,0.692
617,1.0,0.583979328,2.295
618,1.0,0.55308642,-0.627
619,1.0,0.559178744,-4.259
620,1.0,0.449074074,-4.26
622,1.0,0.449074074,-2.65
623,1.0,0.259259259,-2.509
624,1.0,0.0,2.621
625,1.0,0.0,2.621
626,1.0,0.305555556,2.621
627,1.0,0.305555556,2.621
628,1.0,0.305555556,2.621
629,1.0,0.458333333,-0.875
630,1.0,0.0,0.35
631,1.0,0.0,0.35
632,1.0,0.0,0.35
633,1.0,0.0,0.35
634,1.0,0.0,0.35
635,1.0,0.0,0.35
636,1.0,0.0,0.35
637,1.0,0.0,0.416
638,1.0,0.0,0.48
639,1.0,0.0,0.315
640,1.0,0.0,0.315
641,1.0,0.0,0.315
642,1.0,0.0,0.315
643,1.0,0.0,0.315
644,1.0,0.0,0.287
645,1.0,0.0,0.287
646,1.0,0.0,0.287
647,1.0,0.0,0.287
648,1.0,0.0,0.287
649,1.0,0.0,0.287
650,1.0,0.0,0.333
651,1.0,0.0,0.333
652,1.0,0.0,0.333
653,1.0,0.0,0.333
654,1.0,0.0,0.333
655,1.0,0.0,0.333
656,1.0,0.0,0.333
657,1.0,0.0,0.373
658,1.0,0.0,0.373
659,1.0,0.0,0.373
660,1.0,0.0,0.744
661,1.0,0.0,0.744
662,1.0,0.0,0.744
663,1.0,0.0,0.744
664,1.0,0.0,0.744
665,1.0,0.402777778,0.696
666,1.0,0.402777778,0.696
667,1.0,0.402777778,0.696
668,1.0,0.402777778,0.696
669,1.0,0.402777778,0.696
670,1.0,0.402777778,1.163
671,1.0,0.402777778,1.163
672,1.0,0.402777778,1.163
673,1.0,0.402777778,1.163
674,1.0,0.402777778,1.529
675,1.0,0.402777778,1.529
676,1.0,0.402777778,1.529
677,1.0,0.0,-1.421
678,1.0,0.0,0.174
679,1.0,0.0,0.174
680,1.0,0.0,0.174
681,1.0,0.0,0.174
682,1.0,0.0,0.174
683,1.0,0.0,0.174
684,1.0,0.0,0.174
685,1.0,0.0,0.174
686,1.0,0.0,0.174
687,1.0,0.0,0.174
688,1.0,0.0,0.174
689,1.0,0.0,0.174
690,1.0,0.0,0.048
691,1.0,0.0,0.143
692,1.0,0.0,0.367
693,1.0,0.0,-1.111
694,1.0,0.0,-1.111
695,1.0,0.0,-1.111
696,1.0,0.0,-1.111
697,1.0,0.0,-1.111
698,1.0,0.0,-1.111
699,1.0,0.0,-1.111
700,1.0,0.0,-1.111
701,1.0,0.0,-1.111
702,1.0,0.0,-1.111
703,1.0,0.0,-1.111
704,1.0,0.0,-1.486
705,1.0,0.0,-1.486
706,1.0,0.0,-0.525
707,1.0,0.0,-0.294
708,1.0,0.0,-0.294
709,1.0,0.0,-0.294
710,1.0,0.0,-1.744
711,1.0,0.0,-1.744
712,1.0,0.0,-1.744
713,1.0,0.0,-1.744
714,1.0,0.0,-1.744
715,1.0,0.0,-1.744
716,1.0,0.0,-1.744
717,1.0,0.0,-2.108
718,1.0,0.0,-2.108
719,1.0,0.0,-2.108
720,1.0,0.0,-2.108
721,1.0,0.0,-2.108
722,1.0,0.0,-2.108
723,1.0,0.0,-2.108
724,1.0,0.0,-2.108
725,1.0,0.0,-2.108
726,1.0,0.0,-2.108
727,1.0,0.0,-2.134
728,1.0,0.0,-2.134
729,1.0,0.0,-2.134
730,1.0,0.0,-2.134
731,1.0,0.0,-2.741
732,1.0,0.0,-2.741
733,1.0,0.0,-2.741
734,1.0,0.0,-2.658
735,1.0,0.0,-2.658
736,1.0,0.0,-2.658
737,1.0,0.619047619,-2.256
738,1.0,0.619047619,-2.256
739,1.0,0.619047619,-2.256
740,1.0,0.619047619,-2.256
741,1.0,0.619047619,-2.256
742,1.0,0.619047619,-2.017
743,1.0,0.619047619,-2.262
744,1.0,0.619047619,-2.262
745,1.0,0.619047619,-2.262
746,1.0,0.619047619,-2.262
747,1.0,0.619047619,-2.262
748,1.0,0.0,-1.289
749,1.0,0.0,-1.206
750,1.0,0.0,-1.206
751,1.0,0.0,-1.206
752,1.0,0.755555556,-1.283
753,1.0,0.755555556,-1.283
754,1.0,0.0,1.248
755,1.0,0.0,1.718
756,1.0,0.0,1.718
757,1.0,0.0,2.12
758,1.0,0.0,2.12
759,1.0,0.0,2.12
760,1.0,0.0,2.12
761,1.0,0.0,2.12
762,1.0,0.0,2.12
763,1.0,0.0,2.12
764,1.0,0.0,1.943
765,1.0,0.0,1.217
766,1.0,0.0,1.217
767,1.0,0.0,1.973
768,1.0,0.0,2.108
769,1.0,0.0,2.108
770,1.0,-0.666666667,2.108
771,1.0,0.0,1.7
772,1.0,0.0,2.229
773,1.0,0.0,2.229
774,1.0,0.0,2.229
775,1.0,0.0,2.229
776,1.0,0.0,0.863
777,1.0,0.0,1.487
778,1.0,0.0,1.487
779,1.0,0.0,1.487
780,1.0,0.0,1.036
781,1.0,0.0,1.036
782,1.0,0.0,1.036
783,1.0,0.0,1.036
784,1.0,0.0,1.036
785,1.0,0.0,1.036
786,1.0,0.0,1.036
787,1.0,0.0,1.036
788,1.0,0.0,1.036
789,1.0,0.0,1.036
790,1.0,0.0,1.036
791,1.0,0.0,1.036
792,1.0,0.0,1.036
793,1.0,0.0,1.036
794,1.0,0.0,1.036
795,1.0,0.0,1.036
796,1.0,0.0,1.036
797,1.0,0.0,1.036
798,1.0,0.0,1.036
799,1.0,0.0,1.036
800,1.0,0.0,1.036
801,1.0,0.0,1.036
802,1.0,0.0,1.036
803,1.0,0.0,1.036
804,1.0,0.0,1.036
805,1.0,0.0,1.036
806,1.0,0.0,1.036
807,1.0,0.0,1.036
808,1.0,0.0,1.036
809,1.0,0.0,1.036
810,1.0,0.0,1.036
811,1.0,0.0,1.036
812,1.0,0.0,1.036
813,1.0,0.0,1.036
814,1.0,0.0,1.036
815,1.0,0.0,1.036
816,1.0,0.0,1.036
817,1.0,0.0,1.036
818,1.0,0.0,1.036
819,1.0,0.0,1.036
820,1.0,0.0,1.036
821,1.0,0.0,1.036
822,1.0,0.0,1.036
823,1.0,0.0,1.036
824,1.0,0.0,1.036
825,1.0,0.0,1.036
826,1.0,0.0,1.036
827,1.0,0.0,1.036
828,1.0,0.0,1.036
829,1.0,0.0,1.036
830,1.0,0.0,1.036
831,1.0,0.0,1.036
832,1.0,0.0,1.036
833,1.0,0.0,1.036
834,1.0,0.0,1.036
835,1.0,0.0,1.036
836,1.0,0.0,1.036
837,1.0,0.0,1.036
838,1.0,0.0,1.036
839,1.0,0.0,1.036
840,1.0,0.0,1.036
841,1.0,0.0,1.036
842,1.0,0.0,1.036
843,1.0,0.0,1.036
844,1.0,0.0,1.036
845,1.0,0.0,1.036
846,1.0,0.0,1.036
847,1.0,0.0,1.036
848,1.0,0.0,1.036
849,1.0,0.0,1.036
850,1.0,0.0,1.036
851,1.0,0.0,1.036
852,1.0,0.0,1.036
853,1.0,0.0,1.036
854,1.0,0.0,1.036
855,1.0,0.0,1.036
856,1.0,0.0,1.036
857,1.0,0.0,1.036
858,1.0,0.0,1.036
859,1.0,0.0,1.036
860,1.0,0.0,1.036
861,1.0,0.0,1.036
862,1.0,0.0,1.036
863,1.0,0.0,1.036
864,1.0,0.0,1.036
865,1.0,0.0,1.036
866,1.0,0.0,1.036
867,1.0,0.0,1.036
868,1.0,0.0,1.036
869,1.0,0.0,1.036
870,1.0,0.0,1.036
871,1.0,1.0,0.721
872,1.0,1.0,0.721
873,1.0,1.0,0.721
874,1.0,1.0,0.721
875,1.0,1.0,0.721
876,1.0,1.0,0.721
877,1.0,1.0,0.721
878,1.0,1.0,0.721
879,1.0,1.0,0.721
880,1.0,1.0,0.721
881,1.0,1.0,0.721
882,1.0,1.0,0.721
883,1.0,1.0,0.721
884,1.0,1.0,0.721
885,1.0,1.0,0.721
886,1.0,1.0,0.721
887,1.0,1.0,0.721
888,1.0,1.0,0.721
889,1.0,1.0,0.721
890,1.0,1.0,0.721
891,1.0,1.0,0.721
892,1.0,1.0,0.721
893,1.0,1.0,0.721
894,1.0,1.0,0.721
895,1.0,1.0,0.013
896,1.0,1.0,0.013
897,1.0,1.0,0.013
898,1.0,1.0,0.013
899,1.0,1.0,0.013
900,1.0,1.0,0.013
901,1.0,1.0,0.013
902,1.0,1.0,0.013
903,1.0,1.0,0.013
904,1.0,1.0,0.013
905,1.0,1.0,0.013
906,1.0,1.0,0.013
907,1.0,1.0,0.013
908,1.0,1.0,0.013
909,1.0,1.0,0.013
910,1.0,1.0,-0.349
911,1.0,1.0,-0.349
912,1.0,1.0,-0.349
913,1.0,1.0,-0.349
914,1.0,1.0,-0.349
915,1.0,1.0,-0.349
916,1.0,1.0,-0.349
917,1.0,1.0,-0.349
918,1.0,1.0,-0.349
919,1.0,1.0,-0.349
920,1.0,1.0,-0.349
921,1.0,1.0,-0.349
922,1.0,1.0,-0.349
923,1.0,1.0,-0.349
924,1.0,1.0,-0.349
925,1.0,1.0,-0.349
926,1.0,1.0,-0.349
927,1.0,1.0,-0.349
928,1.0,1.0,-0.349
929,1.0,1.0,-0.349
930,1.0,1.0,-0.349
931,1.0,1.0,-0.349
932,1.0,1.0,-0.349
933,1.0,1.0,-0.349
934,1.0,1.0,-0.349
935,1.0,1.0,-0.349
936,1.0,1.0,-0.349
937,1.0,1.0,-0.349
938,1.0,1.0,-0.349
939,1.0,1.0,-0.349
940,1.0,1.0,-0.349
941,1.0,1.0,-0.349
942,1.0,1.0,-0.349
943,1.0,1.0,-0.349
944,1.0,1.0,-0.349
945,1.0,1.0,-0.349
946,1.0,1.0,-0.349
947,1.0,1.0,-0.349
948,1.0,1.0,-0.349
949,1.0,1.0,-0.349
950,1.0,1.0,-0.349
951,1.0,1.0,-0.349
952,1.0,1.0,-0.349
953,1.0,1.0,-0.349
954,1.0,1.0,-0.349
955,1.0,1.0,-0.349
956,1.0,1.0,-0.349
957,1.0,1.0,-0.349
958,1.0,1.0,-0.349
959,1.0,1.0,-0.349
960,1.0,1.0,-0.349
961,1.0,1.0,-0.349
962,1.0,1.0,-0.349
963,1.0,1.0,-0.349
964,1.0,1.0,-0.349
965,1.0,1.0,-0.349
966,1.0,1.0,-0.349
967,1.0,1.0,-0.349
968,1.0,1.0,-0.349
969,1.0,1.0,-0.349
970,1.0,1.0,-0.349
971,1.0,1.0,-0.349
972,1.0,1.0,-0.349
973,1.0,1.0,-0.349
974,1.0,1.0,-0.349
975,1.0,1.0,-0.349
976,1.0,1.0,-0.349
977,1.0,1.0,-0.349
978,1.0,1.0,-0.349
979,1.0,1.0,-0.349
980,1.0,1.0,-0.349
981,1.0,1.0,-0.349
982,1.0,1.0,-0.349
983,1.0,1.0,-0.349
984,1.0,1.0,-0.349
985,1.0,1.0,-0.349
986,1.0,1.0,-0.349
987,1.0,1.0,-0.349
988,1.0,1.0,-0.349
989,1.0,1.0,-0.349
990,1.0,1.0,-0.349
991,1.0,1.0,-0.349
992,1.0,1.0,-0.68
993,1.0,1.0,-0.68
994,1.0,1.0,-0.68
995,1.0,1.0,-0.68
996,1.0,1.0,-0.68
997,1.0,1.0,-0.68
998,1.0,1.0,-0.68
999,1.0,1.0,-0.68
1000,1.0,1.0,-0.68
1001,1.0,1.0,-0.68
1002,1.0,1.0,-0.68
1003,1.0,1.0,-0.68
1004,1.0,1.0,-0.68
1005,1.0,1.0,-0.68
1006,1.0,1.0,-0.68
1007,1.0,1.0,-0.68
1008,1.0,1.0,-0.68
1009,1.0,1.0,-0.68
1010,1.0,1.0,-0.68
1011,1.0,1.0,-0.68
1012,1.0,1.0,-0.68
1013,1.0,1.0,-0.68
1014,1.0,1.0,-0.68
1015,1.0,1.0,-0.68
1016,1.0,1.0,-0.68
1017,1.0,1.0,0.894
1018,1.0,1.0,0.894
1019,1.0,1.0,0.894
1020,1.0,1.0,0.894
1021,1.0,1.0,0.894
1022,1.0,1.0,0.894
1023,1.0,1.0,0.894
1024,1.0,1.0,0.894
1025,1.0,1.0,0.894
1026,1.0,1.0,0.894
1027,1.0,1.0,0.894
1028,1.0,1.0,0.894
1029,1.0,1.0,0.894
1030,1.0,1.0,0.894
1031,1.0,1.0,0.894
1032,1.0,1.0,0.894
1033,1.0,1.0,0.894
1034,1.0,1.0,0.894
1035,1.0,1.0,0.894
1036,1.0,1.0,0.894
1037,1.0,1.0,0.894
1038,1.0,1.0,0.894
1039,1.0,1.0,0.894
1040,1.0,1.0,0.894
1041,1.0,1.0,0.894
1042,1.0,1.0,0.894
1043,1.0,1.0,0.634
1044,1.0,1.0,0.634
1045,1.0,1.0,0.634
1046,1.0,1.0,0.634
1047,1.0,1.0,0.634
1048,1.0,1.0,0.634
1049,1.0,1.0,0.634
1050,1.0,1.0,0.634
1051,1.0,1.0,0.634
1052,1.0,1.0,0.634
1053,1.0,1.0,0.634
1054,1.0,1.0,0.525
1055,1.0,1.0,0.525
1056,1.0,1.0,0.525
1057,1.0,1.0,0.525
1058,1.0,1.0,0.525
1059,1.0,0.0,0.98
1060,1.0,0.40530303,-1.653
1061,1.0,0.40530303,-1.653
1062,1.0,0.40530303,-1.591
1063,1.0,0.0,0.667
1064,1.0,0.0,0.667
1065,1.0,0.0,1.127
1066,1.0,0.0,1.127
1067,1.0,0.0,0.59
1068,1.0,0.0,-0.202
1069,1.0,0.0,-0.202
1070,1.0,0.0,0.293
1071,1.0,0.0,0.293
1072,1.0,0.0,0.444
1073,1.0,0.0,0.242
1074,1.0,0.0,0.242
