,Intercept,wdj_citizen_lag1,v2jureform_lag1,v2x_polyarchy_lag1,v2jureview_lag1,legal_common,legal_civil,high_court,j_ind_lag1,mode_electronic_internet,mode_press_newspapers,mode_public_speech,mode_public_documents,mode_audio_visual_broadcasting,mode_public_assembly,mode_non_verbal_expression,defendant_citizen,defendant_press,defendant_government,defendant_intermediary,defendant_unclear
0,1.0,0.0,-0.157,0.29,1.462,0.0,1.0,0.0,0.217,0.0,0.0,0.0,0.0,0.0,0.0,0.0,1.0,0.0,0.0,0.0,0.0
1,1.0,0.0,-0.157,0.29,1.462,0.0,1.0,0.0,0.217,0.0,0.0,1.0,0.0,0.0,0.0,0.0,1.0,0.0,0.0,0.0,0.0
2,1.0,0.0,0.713,0.89,1.835,1.0,0.0,1.0,3.037,0.0,1.0,0.0,0.0,0.0,0.0,0.0,0.0,1.0,0.0,0.0,0.0
3,1.0,0.0,0.713,0.882,1.835,1.0,0.0,0.0,3.014,0.0,0.0,0.0,0.0,1.0,0.0,0.0,0.0,1.0,0.0,0.0,0.0
4,1.0,0.0,0.713,0.879,1.835,1.0,0.0,0.0,3.014,0.0,1.0,0.0,0.0,0.0,0.0,1.0,0.0,1.0,0.0,0.0,0.0
5,1.0,0.0,0.845,0.889,1.835,1.0,0.0,1.0,3.037,0.0,0.0,0.0,1.0,0.0,0.0,0.0,0.0,0.0,1.0,0.0,0.0
6,1.0,0.0,0.845,0.896,1.835,1.0,0.0,0.0,3.014,0.0,1.0,0.0,0.0,0.0,0.0,0.0,0.0,1.0,0.0,0.0,0.0
7,1.0,0.0,0.845,0.896,1.835,1.0,0.0,1.0,3.366,0.0,0.0,0.0,1.0,0.0,0.0,0.0,0.0,0.0,1.0,0.0,0.0
8,1.0,0.0,0.455,0.862,1.835,1.0,0.0,0.0,3.014,0.0,0.0,0.0,0.0,0.0,0.0,0.0,0.0,0.0,0.0,0.0,0.0
9,1.0,0.0,0.455,0.855,1.835,1.0,0.0,1.0,2.528,0.0,0.0,0.0,0.0,0.0,0.0,1.0,0.0,0.0,1.0,0.0,0.0
10,1.0,0.0,0.455,0.871,1.835,1.0,0.0,1.0,3.279,0.0,0.0,0.0,0.0,0.0,1.0,0.0,0.0,0.0,1.0,0.0,0.0
11,1.0,0.0,0.455,0.871,1.835,1.0,0.0,0.0,3.014,0.0,1.0,0.0,0.0,0.0,0.0,0.0,0.0,1.0,0.0,0.0,0.0
12,1.0,0.944444444,0.211,0.86,1.835,1.0,0.0,0.0,3.014,1.0,0.0,0.0,0.0,0.0,0.0,0.0,0.0,1.0,0.0,0.0,0.0
13,1.0,0.0,0.211,0.825,1.835,1.0,0.0,0.0,3.014,0.0,0.0,0.0,0.0,0.0,1.0,0.0,1.0,0.0,0.0,0.0,0.0
14,1.0,0.0,0.897,0.837,1.835,1.0,0.0,1.0,3.279,1.0,0.0,0.0,0.0,0.0,0.0,0.0,0.0,1.0,0.0,0.0,0.0
15,1.0,0.0,0.897,0.828,1.835,1.0,0.0,0.0,3.014,1.0,0.0,0.0,0.0,0.0,0.0,0.0,0.0,0.0,0.0,1.0,0.0
16,1.0,0.0,0.897,0.846,1.835,1.0,0.0,0.0,3.014,0.0,0.0,1.0,0.0,0.0,1.0,0.0,0.0,0.0,1.0,0.0,0.0
18,1.0,0.0,0.897,0.848,1.835,1.0,0.0,0.0,3.014,1.0,0.0,0.0,0.0,0.0,0.0,0.0,0.0,0.0,0.0,0.0,0.0
23,1.0,0.0,-1.009,0.193,0.855,0.0,1.0,1.0,-2.345,0.0,1.0,0.0,0.0,0.0,0.0,0.0,1.0,0.0,0.0,0.0,0.0
28,1.0,0.055555556,-0.885,0.376,1.826,0.0,0.0,0.0,-1.477,1.0,0.0,0.0,0.0,0.0,0.0,0.0,0.0,1.0,0.0,0.0,0.0
29,1.0,0.055555556,-1.044,0.278,1.826,0.0,0.0,0.0,-1.477,1.0,0.0,0.0,0.0,0.0,0.0,0.0,1.0,0.0,0.0,0.0,0.0
30,1.0,0.055555556,-0.852,0.252,1.826,0.0,0.0,1.0,-1.089,0.0,1.0,0.0,0.0,0.0,0.0,0.0,0.0,1.0,0.0,0.0,0.0
32,1.0,0.981481481,-1.925,0.677,1.891,0.0,1.0,1.0,-1.328,0.0,0.0,1.0,0.0,0.0,0.0,0.0,1.0,0.0,0.0,0.0,0.0
34,1.0,0.0,0.883,0.702,1.874,0.0,0.0,0.0,1.949,0.0,1.0,0.0,0.0,0.0,0.0,0.0,0.0,0.0,1.0,0.0,0.0
36,1.0,0.0,0.883,0.717,1.874,0.0,0.0,0.0,1.949,0.0,1.0,0.0,0.0,0.0,0.0,0.0,0.0,1.0,0.0,0.0,0.0
37,1.0,0.0,0.414,0.69,1.874,0.0,0.0,1.0,1.279,0.0,0.0,0.0,0.0,0.0,1.0,0.0,0.0,0.0,1.0,0.0,0.0
38,1.0,0.0,0.129,0.672,1.874,0.0,0.0,0.0,1.67,0.0,0.0,0.0,0.0,0.0,0.0,1.0,0.0,0.0,1.0,0.0,0.0
39,1.0,0.0,-2.153,0.293,-1.002,0.0,0.0,0.0,-1.156,0.0,0.0,0.0,0.0,0.0,1.0,0.0,1.0,0.0,0.0,0.0,0.0
40,1.0,0.0,-2.153,0.291,-1.002,0.0,0.0,0.0,-1.156,1.0,0.0,0.0,0.0,0.0,0.0,0.0,1.0,0.0,0.0,0.0,0.0
41,1.0,0.0,-2.153,0.275,-1.002,0.0,0.0,0.0,-1.156,0.0,0.0,0.0,0.0,0.0,1.0,0.0,1.0,0.0,0.0,0.0,0.0
45,1.0,-0.111111111,-0.485,0.298,-0.667,0.0,0.0,1.0,-1.515,1.0,0.0,0.0,0.0,0.0,0.0,0.0,0.0,0.0,1.0,0.0,0.0
47,1.0,0.0,0.056,0.835,1.901,1.0,0.0,1.0,2.199,0.0,1.0,0.0,0.0,0.0,0.0,0.0,0.0,0.0,1.0,0.0,0.0
48,1.0,0.0,0.056,0.833,1.901,1.0,0.0,1.0,2.199,0.0,0.0,1.0,0.0,0.0,0.0,0.0,1.0,0.0,0.0,0.0,0.0
49,1.0,0.0,0.056,0.833,1.901,1.0,0.0,1.0,2.199,0.0,0.0,0.0,0.0,0.0,0.0,0.0,1.0,0.0,0.0,0.0,0.0
50,1.0,0.0,0.056,0.832,1.901,1.0,0.0,1.0,2.199,0.0,1.0,0.0,0.0,1.0,0.0,0.0,1.0,0.0,0.0,0.0,0.0
51,1.0,0.0,0.056,0.842,1.901,1.0,0.0,1.0,2.199,0.0,0.0,1.0,0.0,0.0,0.0,0.0,0.0,0.0,0.0,0.0,0.0
52,1.0,0.0,0.056,0.842,1.901,1.0,0.0,1.0,2.199,0.0,1.0,0.0,0.0,0.0,0.0,0.0,0.0,0.0,0.0,0.0,1.0
53,1.0,0.0,0.056,0.846,1.901,1.0,0.0,1.0,2.199,0.0,0.0,0.0,1.0,0.0,0.0,0.0,0.0,0.0,1.0,0.0,0.0
54,1.0,0.0,0.056,0.84,1.901,1.0,0.0,1.0,2.199,0.0,0.0,0.0,0.0,0.0,0.0,0.0,1.0,0.0,0.0,0.0,0.0
55,1.0,0.0,0.056,0.836,1.901,1.0,0.0,0.0,2.289,0.0,0.0,0.0,1.0,0.0,0.0,0.0,0.0,0.0,1.0,0.0,0.0
56,1.0,0.0,0.056,0.832,1.901,1.0,0.0,1.0,2.199,0.0,0.0,0.0,0.0,0.0,0.0,0.0,0.0,0.0,1.0,0.0,0.0
57,1.0,0.0,0.056,0.825,1.901,1.0,0.0,1.0,2.199,0.0,0.0,0.0,0.0,1.0,0.0,0.0,1.0,0.0,0.0,0.0,0.0
58,1.0,0.0,0.056,0.825,1.901,1.0,0.0,0.0,2.289,1.0,0.0,0.0,0.0,0.0,0.0,0.0,0.0,0.0,0.0,1.0,0.0
59,1.0,0.0,0.056,0.824,1.901,1.0,0.0,0.0,2.289,1.0,0.0,0.0,1.0,0.0,0.0,0.0,0.0,0.0,1.0,0.0,0.0
60,1.0,0.0,0.056,0.83,1.901,1.0,0.0,0.0,2.289,0.0,0.0,0.0,1.0,0.0,0.0,0.0,0.0,0.0,1.0,0.0,0.0
61,1.0,0.0,0.056,0.832,1.901,1.0,0.0,1.0,2.199,0.0,0.0,0.0,0.0,1.0,0.0,0.0,0.0,1.0,0.0,0.0,0.0
62,1.0,0.0,0.056,0.827,1.901,1.0,0.0,1.0,2.199,0.0,1.0,0.0,0.0,0.0,0.0,0.0,0.0,1.0,0.0,0.0,0.0
63,1.0,0.0,0.056,0.826,1.901,1.0,0.0,0.0,2.289,1.0,0.0,0.0,0.0,0.0,0.0,0.0,0.0,0.0,1.0,0.0,0.0
64,1.0,0.0,0.056,0.826,1.901,1.0,0.0,1.0,2.199,0.0,0.0,0.0,0.0,1.0,0.0,0.0,0.0,1.0,0.0,0.0,0.0
65,1.0,0.0,0.056,0.811,1.901,1.0,0.0,1.0,2.199,1.0,0.0,0.0,0.0,0.0,0.0,0.0,0.0,0.0,0.0,1.0,0.0
66,1.0,0.0,0.056,0.81,1.901,1.0,0.0,0.0,2.289,0.0,1.0,0.0,0.0,0.0,0.0,0.0,0.0,1.0,0.0,0.0,0.0
67,1.0,0.0,-0.053,0.817,1.901,1.0,0.0,1.0,2.199,1.0,0.0,0.0,0.0,0.0,0.0,0.0,1.0,0.0,0.0,0.0,0.0
68,1.0,0.0,-0.053,0.814,1.901,1.0,0.0,0.0,2.289,1.0,1.0,0.0,0.0,0.0,0.0,0.0,0.0,1.0,0.0,0.0,0.0
69,1.0,0.0,0.027,0.807,1.901,1.0,0.0,0.0,2.289,1.0,0.0,0.0,0.0,0.0,0.0,0.0,1.0,0.0,0.0,0.0,0.0
70,1.0,0.0,0.027,0.834,1.901,1.0,0.0,0.0,2.289,1.0,0.0,0.0,0.0,0.0,0.0,0.0,0.0,0.0,0.0,1.0,0.0
71,1.0,0.0,0.027,0.839,1.901,1.0,0.0,1.0,2.199,1.0,0.0,0.0,0.0,0.0,0.0,0.0,0.0,1.0,0.0,0.0,0.0
72,1.0,0.777777778,0.027,0.84,1.901,1.0,0.0,1.0,2.199,0.0,1.0,0.0,0.0,0.0,0.0,0.0,0.0,1.0,0.0,0.0,0.0
73,1.0,0.777777778,0.027,0.85,1.901,1.0,0.0,1.0,2.199,0.0,0.0,1.0,0.0,0.0,0.0,0.0,0.0,0.0,0.0,0.0,0.0
74,1.0,0.777777778,0.027,0.849,1.901,1.0,0.0,0.0,2.289,0.0,0.0,0.0,0.0,0.0,1.0,0.0,0.0,0.0,1.0,0.0,0.0
75,1.0,0.777777778,0.485,0.848,0.853,1.0,0.0,1.0,1.873,1.0,1.0,1.0,0.0,0.0,0.0,0.0,1.0,0.0,0.0,0.0,0.0
76,1.0,0.777777778,0.485,0.841,0.853,1.0,0.0,0.0,2.903,1.0,0.0,0.0,0.0,0.0,0.0,0.0,1.0,0.0,0.0,0.0,0.0
81,1.0,1.0,0.512,0.894,1.753,0.0,1.0,1.0,1.565,0.0,0.0,0.0,1.0,0.0,0.0,0.0,0.0,0.0,1.0,0.0,0.0
82,1.0,1.0,0.512,0.894,1.753,0.0,1.0,1.0,1.565,0.0,0.0,0.0,0.0,0.0,0.0,0.0,0.0,0.0,1.0,0.0,0.0
83,1.0,1.0,0.512,0.887,1.753,0.0,1.0,1.0,1.565,0.0,1.0,0.0,0.0,1.0,0.0,0.0,0.0,0.0,0.0,0.0,0.0
84,1.0,1.0,0.512,0.889,1.753,0.0,1.0,0.0,2.224,1.0,0.0,0.0,0.0,0.0,0.0,0.0,0.0,0.0,0.0,1.0,0.0
85,1.0,1.0,0.512,0.893,1.753,0.0,1.0,1.0,1.565,0.0,0.0,0.0,0.0,1.0,0.0,0.0,0.0,1.0,0.0,0.0,0.0
88,1.0,1.0,0.03,0.886,1.753,0.0,1.0,1.0,1.598,0.0,1.0,0.0,0.0,0.0,0.0,0.0,0.0,1.0,0.0,0.0,0.0
89,1.0,1.0,-0.048,0.886,1.753,0.0,1.0,0.0,2.501,0.0,0.0,0.0,1.0,0.0,0.0,1.0,0.0,0.0,1.0,0.0,0.0
90,1.0,1.0,-0.048,0.889,1.753,0.0,1.0,1.0,1.598,0.0,0.0,0.0,0.0,1.0,0.0,0.0,1.0,0.0,0.0,0.0,0.0
91,1.0,1.0,-0.048,0.87,1.753,0.0,1.0,1.0,1.598,1.0,0.0,0.0,0.0,0.0,0.0,0.0,0.0,1.0,0.0,0.0,0.0
92,1.0,1.0,-0.048,0.829,1.753,0.0,1.0,1.0,1.598,1.0,1.0,1.0,1.0,1.0,0.0,0.0,0.0,0.0,0.0,0.0,1.0
93,1.0,1.0,-0.15,0.837,1.753,0.0,1.0,0.0,2.222,0.0,0.0,0.0,1.0,0.0,0.0,0.0,0.0,0.0,1.0,0.0,0.0
94,1.0,1.0,-0.058,0.841,1.753,0.0,1.0,0.0,2.589,0.0,0.0,0.0,1.0,0.0,0.0,0.0,0.0,0.0,0.0,0.0,0.0
95,1.0,1.0,-0.058,0.833,0.37,0.0,1.0,1.0,1.545,0.0,1.0,0.0,0.0,0.0,0.0,0.0,0.0,0.0,1.0,0.0,0.0
96,1.0,0.962962963,-0.055,0.626,1.707,0.0,1.0,1.0,1.08,0.0,0.0,0.0,1.0,0.0,0.0,0.0,0.0,0.0,1.0,0.0,0.0
97,1.0,0.962962963,-0.055,0.665,1.707,0.0,1.0,1.0,1.08,0.0,0.0,0.0,0.0,1.0,0.0,0.0,0.0,0.0,0.0,0.0,1.0
98,1.0,0.962962963,-0.055,0.658,1.707,0.0,1.0,1.0,1.08,0.0,0.0,0.0,1.0,0.0,0.0,0.0,0.0,0.0,1.0,0.0,0.0
99,1.0,0.968253968,-0.055,0.659,1.707,0.0,1.0,1.0,1.08,0.0,0.0,0.0,1.0,0.0,0.0,0.0,0.0,0.0,1.0,0.0,0.0
100,1.0,0.0,-2.359,0.13,1.087,0.0,0.0,1.0,-0.755,0.0,1.0,0.0,0.0,0.0,0.0,0.0,0.0,1.0,0.0,0.0,0.0
101,1.0,0.0,-2.359,0.131,1.087,0.0,0.0,1.0,-0.755,0.0,1.0,0.0,0.0,0.0,0.0,0.0,1.0,0.0,0.0,0.0,0.0
102,1.0,0.0,-2.359,0.131,1.087,0.0,0.0,0.0,-0.632,0.0,0.0,1.0,0.0,0.0,1.0,1.0,0.0,0.0,1.0,0.0,0.0
103,1.0,0.0,1.13,0.227,-1.255,0.0,1.0,0.0,-0.59,1.0,0.0,0.0,0.0,0.0,0.0,0.0,0.0,1.0,0.0,0.0,0.0
104,1.0,0.0,1.13,0.226,-0.799,0.0,1.0,0.0,-0.95,0.0,1.0,0.0,0.0,1.0,0.0,0.0,0.0,1.0,0.0,0.0,0.0
108,1.0,-0.333333333,-0.661,0.4,0.265,1.0,0.0,1.0,-0.751,0.0,1.0,0.0,0.0,0.0,0.0,0.0,0.0,1.0,0.0,0.0,0.0
117,1.0,0.0,2.042,0.885,1.057,0.0,1.0,1.0,1.789,1.0,0.0,0.0,0.0,0.0,0.0,0.0,0.0,0.0,0.0,0.0,1.0
121,1.0,0.0,0.887,0.883,1.057,0.0,1.0,0.0,2.153,1.0,0.0,0.0,0.0,0.0,0.0,0.0,0.0,0.0,0.0,1.0,0.0
127,1.0,0.0,0.641,0.868,1.057,0.0,1.0,0.0,2.153,0.0,0.0,0.0,0.0,0.0,0.0,1.0,0.0,0.0,0.0,0.0,0.0
135,1.0,0.0,1.172,0.843,1.784,0.0,1.0,1.0,1.7,0.0,0.0,0.0,1.0,0.0,0.0,0.0,0.0,0.0,0.0,0.0,0.0
137,1.0,0.0,1.172,0.843,1.784,0.0,1.0,1.0,1.7,0.0,0.0,0.0,1.0,0.0,0.0,0.0,0.0,0.0,0.0,0.0,1.0
138,1.0,0.0,1.172,0.843,1.784,0.0,1.0,1.0,1.7,0.0,0.0,0.0,1.0,0.0,0.0,0.0,0.0,0.0,0.0,0.0,1.0
139,1.0,0.0,1.172,0.85,1.784,0.0,1.0,0.0,2.156,0.0,0.0,0.0,1.0,0.0,0.0,0.0,0.0,0.0,1.0,0.0,0.0
144,1.0,0.393939394,-1.012,0.738,1.784,0.0,1.0,1.0,-0.062,0.0,1.0,0.0,0.0,0.0,0.0,0.0,1.0,0.0,0.0,0.0,0.0
149,1.0,0.545138889,-0.642,0.45,1.784,0.0,1.0,1.0,-0.758,0.0,1.0,0.0,0.0,0.0,0.0,0.0,0.0,1.0,0.0,0.0,0.0
151,1.0,0.454248366,1.189,0.434,1.784,0.0,1.0,1.0,-1.293,1.0,0.0,0.0,0.0,0.0,0.0,0.0,1.0,0.0,0.0,0.0,0.0
152,1.0,0.0,-0.2,0.241,0.764,0.0,1.0,0.0,-2.054,1.0,0.0,0.0,0.0,0.0,0.0,0.0,0.0,0.0,0.0,0.0,1.0
153,1.0,0.0,-0.2,0.232,0.764,0.0,1.0,0.0,-2.054,0.0,1.0,0.0,0.0,0.0,0.0,0.0,0.0,1.0,0.0,0.0,0.0
154,1.0,0.0,-0.2,0.229,0.764,0.0,1.0,0.0,-1.597,0.0,0.0,0.0,0.0,0.0,0.0,0.0,0.0,0.0,0.0,0.0,0.0
155,1.0,0.873015873,-0.2,0.23,0.764,0.0,1.0,0.0,-1.597,1.0,0.0,0.0,0.0,0.0,0.0,0.0,1.0,0.0,0.0,0.0,0.0
156,1.0,0.873015873,-0.2,0.234,0.764,0.0,1.0,0.0,-1.597,1.0,0.0,0.0,0.0,0.0,0.0,0.0,1.0,0.0,0.0,0.0,0.0
157,1.0,0.873015873,0.025,0.242,0.764,0.0,1.0,0.0,-1.597,0.0,0.0,0.0,0.0,0.0,0.0,0.0,1.0,0.0,0.0,0.0,0.0
158,1.0,0.873015873,-0.183,0.232,0.764,0.0,1.0,1.0,-1.902,1.0,0.0,0.0,0.0,0.0,0.0,0.0,1.0,0.0,0.0,0.0,0.0
159,1.0,0.0,1.837,0.427,1.883,0.0,0.0,0.0,1.908,0.0,0.0,0.0,1.0,0.0,0.0,0.0,0.0,0.0,1.0,0.0,0.0
160,1.0,0.0,1.825,0.425,1.883,0.0,0.0,0.0,1.908,0.0,0.0,0.0,1.0,0.0,0.0,0.0,0.0,0.0,1.0,0.0,0.0
161,1.0,0.0,1.625,0.524,1.883,0.0,0.0,0.0,1.542,0.0,0.0,0.0,0.0,0.0,1.0,0.0,0.0,0.0,1.0,0.0,0.0
162,1.0,0.0,1.49,0.539,1.883,0.0,0.0,0.0,1.542,0.0,0.0,0.0,0.0,0.0,0.0,1.0,0.0,0.0,1.0,0.0,0.0
163,1.0,0.0,1.49,0.539,1.883,0.0,0.0,0.0,1.542,1.0,0.0,0.0,0.0,0.0,0.0,0.0,1.0,0.0,0.0,0.0,0.0
164,1.0,0.777777778,1.472,0.534,1.883,0.0,0.0,0.0,1.542,0.0,0.0,0.0,1.0,0.0,0.0,0.0,0.0,0.0,1.0,0.0,0.0
165,1.0,0.777777778,1.566,0.512,1.883,0.0,0.0,0.0,1.802,1.0,0.0,0.0,0.0,0.0,0.0,0.0,0.0,0.0,0.0,0.0,1.0
166,1.0,0.844444444,1.331,0.496,1.883,0.0,0.0,0.0,1.594,0.0,0.0,0.0,0.0,0.0,0.0,1.0,0.0,0.0,1.0,0.0,0.0
167,1.0,0.844444444,1.331,0.501,1.883,0.0,0.0,0.0,1.594,0.0,0.0,0.0,0.0,1.0,0.0,0.0,0.0,0.0,1.0,0.0,0.0
168,1.0,0.844444444,0.851,0.57,1.883,0.0,0.0,0.0,1.402,1.0,0.0,0.0,0.0,0.0,0.0,0.0,0.0,0.0,1.0,0.0,0.0
169,1.0,0.844444444,0.851,0.557,1.883,0.0,0.0,1.0,1.967,1.0,0.0,0.0,0.0,0.0,0.0,0.0,0.0,0.0,0.0,0.0,0.0
170,1.0,0.0,0.68,0.496,1.134,0.0,0.0,0.0,1.085,0.0,1.0,0.0,0.0,0.0,0.0,0.0,0.0,1.0,0.0,0.0,0.0
171,1.0,0.0,0.68,0.614,1.134,0.0,0.0,0.0,1.085,0.0,1.0,0.0,0.0,0.0,0.0,0.0,0.0,1.0,0.0,0.0,0.0
172,1.0,0.0,0.68,0.568,1.134,0.0,0.0,0.0,1.085,0.0,1.0,0.0,0.0,0.0,0.0,0.0,0.0,1.0,0.0,0.0,0.0
173,1.0,0.0,0.149,0.501,1.134,0.0,0.0,1.0,1.09,0.0,1.0,0.0,0.0,0.0,0.0,0.0,0.0,1.0,0.0,0.0,0.0
174,1.0,-0.037037037,0.763,0.478,1.348,0.0,0.0,0.0,0.9,0.0,0.0,0.0,0.0,0.0,1.0,0.0,0.0,0.0,1.0,0.0,0.0
175,1.0,0.0,0.071,0.528,0.933,0.0,0.0,0.0,0.972,0.0,0.0,0.0,0.0,0.0,1.0,0.0,0.0,0.0,0.0,0.0,0.0
176,1.0,0.0,0.071,0.48,1.314,0.0,0.0,1.0,1.003,0.0,0.0,0.0,0.0,0.0,0.0,1.0,0.0,0.0,1.0,0.0,0.0
177,1.0,0.925925926,-0.93,0.321,0.441,0.0,0.0,0.0,-0.101,0.0,0.0,0.0,0.0,0.0,0.0,1.0,0.0,0.0,0.0,0.0,1.0
179,1.0,0.925925926,-0.607,0.325,0.441,0.0,0.0,0.0,-0.238,0.0,1.0,0.0,0.0,0.0,0.0,0.0,1.0,0.0,0.0,0.0,0.0
180,1.0,0.925925926,0.03,0.333,0.441,0.0,0.0,1.0,-0.361,1.0,0.0,0.0,0.0,0.0,0.0,0.0,1.0,0.0,0.0,0.0,0.0
181,1.0,0.925925926,0.628,0.425,0.441,0.0,0.0,1.0,0.789,1.0,0.0,0.0,0.0,0.0,0.0,0.0,1.0,0.0,0.0,0.0,0.0
182,1.0,0.0,-0.011,0.778,0.879,0.0,0.0,0.0,0.687,0.0,1.0,0.0,0.0,0.0,0.0,0.0,0.0,1.0,0.0,0.0,0.0
183,1.0,0.0,-0.011,0.777,0.879,0.0,0.0,1.0,0.904,0.0,0.0,0.0,0.0,0.0,0.0,0.0,0.0,0.0,1.0,0.0,0.0
185,1.0,0.888888889,-0.011,0.754,0.879,0.0,0.0,1.0,0.904,0.0,0.0,0.0,0.0,0.0,0.0,0.0,0.0,0.0,1.0,0.0,0.0
186,1.0,0.888888889,-0.011,0.767,0.031,0.0,0.0,1.0,0.696,0.0,0.0,0.0,0.0,0.0,0.0,1.0,0.0,0.0,1.0,0.0,0.0
187,1.0,0.888888889,0.581,0.355,-0.761,0.0,0.0,0.0,-0.24,0.0,1.0,0.0,0.0,0.0,0.0,0.0,0.0,1.0,0.0,0.0,0.0
188,1.0,0.888888889,0.581,0.357,-0.761,0.0,0.0,0.0,-0.24,0.0,0.0,1.0,0.0,0.0,0.0,0.0,1.0,0.0,0.0,0.0,0.0
189,1.0,0.888888889,0.323,0.37,-0.484,0.0,0.0,0.0,-0.176,0.0,1.0,0.0,0.0,0.0,0.0,0.0,1.0,0.0,0.0,0.0,0.0
191,1.0,0.0,-0.381,0.081,-0.104,0.0,0.0,0.0,-0.975,0.0,1.0,0.0,0.0,0.0,0.0,0.0,0.0,0.0,1.0,0.0,0.0
192,1.0,0.0,0.374,0.655,1.036,0.0,0.0,1.0,1.874,0.0,1.0,0.0,0.0,0.0,0.0,0.0,0.0,1.0,0.0,0.0,0.0
193,1.0,0.0,0.092,0.656,1.036,0.0,0.0,0.0,1.555,0.0,1.0,0.0,0.0,0.0,0.0,0.0,0.0,1.0,0.0,0.0,0.0
194,1.0,0.0,-0.098,0.682,1.036,0.0,0.0,1.0,1.406,0.0,1.0,0.0,0.0,0.0,0.0,0.0,0.0,1.0,0.0,0.0,0.0
196,1.0,0.0,0.283,0.685,1.67,0.0,0.0,1.0,1.257,1.0,0.0,0.0,0.0,0.0,0.0,0.0,0.0,1.0,0.0,0.0,0.0
199,1.0,0.0,1.347,0.481,1.421,0.0,0.0,0.0,0.586,0.0,0.0,0.0,1.0,0.0,0.0,0.0,0.0,0.0,1.0,0.0,0.0
200,1.0,0.0,1.347,0.506,1.421,0.0,0.0,0.0,0.586,0.0,0.0,0.0,1.0,0.0,0.0,0.0,0.0,0.0,1.0,0.0,0.0
201,1.0,0.968253968,1.347,0.554,1.421,0.0,0.0,0.0,0.677,0.0,0.0,0.0,1.0,0.0,0.0,0.0,0.0,0.0,1.0,0.0,0.0
203,1.0,0.968253968,1.382,0.555,1.421,0.0,0.0,0.0,0.879,1.0,0.0,0.0,0.0,0.0,0.0,0.0,0.0,0.0,0.0,0.0,1.0
204,1.0,0.968253968,1.179,0.52,1.421,0.0,0.0,0.0,0.879,1.0,0.0,0.0,0.0,0.0,0.0,0.0,1.0,0.0,0.0,0.0,0.0
206,1.0,0.968253968,1.838,0.488,1.421,0.0,0.0,0.0,0.842,1.0,0.0,0.0,0.0,0.0,0.0,0.0,1.0,0.0,0.0,0.0,0.0
209,1.0,0.0,-1.325,0.203,0.765,0.0,0.0,0.0,-0.662,0.0,1.0,0.0,0.0,0.0,0.0,0.0,1.0,0.0,0.0,0.0,0.0
210,1.0,0.0,-0.282,0.451,1.109,0.0,0.0,1.0,-0.011,1.0,0.0,0.0,0.0,0.0,0.0,0.0,0.0,0.0,0.0,0.0,1.0
211,1.0,0.0,-0.494,0.466,1.579,0.0,0.0,0.0,-0.141,0.0,0.0,0.0,0.0,1.0,0.0,0.0,1.0,0.0,0.0,0.0,0.0
212,1.0,0.0,-0.381,0.47,1.579,0.0,0.0,0.0,-0.164,0.0,0.0,0.0,0.0,1.0,0.0,0.0,1.0,0.0,0.0,0.0,0.0
213,1.0,0.0,-0.381,0.469,1.579,0.0,0.0,0.0,-0.164,1.0,0.0,0.0,0.0,0.0,0.0,0.0,1.0,0.0,0.0,0.0,0.0
214,1.0,0.0,-0.292,0.419,1.757,0.0,0.0,1.0,0.697,0.0,0.0,0.0,0.0,1.0,0.0,0.0,0.0,1.0,0.0,0.0,0.0
215,1.0,0.0,-0.071,0.395,1.757,0.0,0.0,0.0,-0.23,1.0,0.0,0.0,0.0,0.0,0.0,0.0,0.0,0.0,1.0,0.0,0.0
216,1.0,0.0,0.074,0.368,1.757,0.0,0.0,1.0,0.001,0.0,0.0,0.0,0.0,1.0,0.0,0.0,0.0,0.0,1.0,0.0,0.0
219,1.0,0.0,0.838,0.235,1.298,0.0,0.0,1.0,-0.337,0.0,0.0,0.0,1.0,0.0,0.0,0.0,0.0,0.0,1.0,0.0,0.0
220,1.0,0.0,1.098,0.552,1.298,0.0,0.0,1.0,0.474,0.0,0.0,0.0,1.0,0.0,0.0,0.0,0.0,0.0,1.0,0.0,0.0
221,1.0,0.0,0.431,0.463,1.298,0.0,0.0,1.0,0.488,0.0,0.0,0.0,1.0,0.0,0.0,0.0,0.0,0.0,0.0,0.0,0.0
222,1.0,0.0,0.019,0.521,1.821,0.0,0.0,1.0,0.94,1.0,0.0,0.0,0.0,0.0,0.0,0.0,1.0,0.0,0.0,0.0,0.0
223,1.0,0.0,0.019,0.485,1.821,0.0,0.0,1.0,0.185,1.0,0.0,0.0,0.0,0.0,0.0,0.0,1.0,0.0,0.0,0.0,0.0
224,1.0,0.0,0.019,0.45,1.821,0.0,0.0,0.0,0.375,0.0,1.0,0.0,0.0,0.0,0.0,0.0,0.0,0.0,0.0,0.0,0.0
225,1.0,0.0,0.019,0.428,1.821,0.0,0.0,0.0,0.375,0.0,1.0,0.0,0.0,0.0,0.0,0.0,0.0,1.0,0.0,0.0,0.0
226,1.0,-0.037037037,0.019,0.411,1.821,0.0,0.0,0.0,0.115,0.0,1.0,0.0,0.0,0.0,0.0,0.0,0.0,1.0,0.0,0.0,0.0
233,1.0,0.401234568,-1.324,0.876,1.76,0.0,1.0,1.0,1.721,1.0,0.0,0.0,0.0,0.0,0.0,0.0,0.0,0.0,1.0,0.0,0.0
235,1.0,0.401234568,-3.12,0.698,1.76,0.0,1.0,0.0,1.792,0.0,0.0,0.0,0.0,0.0,0.0,0.0,1.0,0.0,0.0,0.0,0.0
241,1.0,0.0,-1.477,0.216,0.452,0.0,0.0,1.0,-1.038,0.0,1.0,0.0,0.0,0.0,0.0,0.0,1.0,0.0,0.0,0.0,0.0
244,1.0,0.0,-0.047,0.414,1.667,1.0,0.0,1.0,0.016,1.0,0.0,0.0,0.0,0.0,0.0,0.0,1.0,0.0,0.0,0.0,0.0
245,1.0,0.0,-0.047,0.414,1.667,1.0,0.0,0.0,0.374,1.0,0.0,0.0,0.0,0.0,0.0,0.0,1.0,0.0,0.0,0.0,0.0
246,1.0,0.0,-0.047,0.416,1.667,1.0,0.0,0.0,0.374,1.0,0.0,0.0,0.0,0.0,0.0,0.0,0.0,1.0,0.0,0.0,0.0
247,1.0,0.170940171,-0.821,0.403,1.667,1.0,0.0,0.0,0.132,1.0,0.0,0.0,0.0,0.0,0.0,0.0,0.0,1.0,0.0,0.0,0.0
248,1.0,0.170940171,-0.045,0.402,1.667,1.0,0.0,0.0,0.416,1.0,0.0,0.0,0.0,0.0,0.0,0.0,0.0,1.0,0.0,0.0,0.0
250,1.0,0.0,0.384,0.392,-0.987,0.0,0.0,0.0,0.691,0.0,0.0,0.0,1.0,0.0,0.0,0.0,0.0,0.0,1.0,0.0,0.0
251,1.0,0.0,2.345,0.663,1.237,0.0,0.0,0.0,0.909,0.0,1.0,0.0,0.0,0.0,0.0,0.0,0.0,1.0,0.0,0.0,0.0
252,1.0,0.0,1.575,0.709,1.237,0.0,0.0,0.0,0.909,0.0,0.0,0.0,0.0,1.0,0.0,0.0,0.0,0.0,1.0,0.0,0.0
253,1.0,0.0,1.575,0.743,1.237,0.0,0.0,1.0,1.392,0.0,1.0,0.0,0.0,0.0,0.0,0.0,1.0,0.0,0.0,0.0,0.0
254,1.0,0.0,1.575,0.743,1.237,0.0,0.0,1.0,1.392,0.0,1.0,0.0,0.0,0.0,0.0,0.0,0.0,1.0,0.0,0.0,0.0
255,1.0,0.0,1.575,0.743,1.237,0.0,0.0,1.0,1.392,0.0,1.0,0.0,0.0,0.0,0.0,0.0,0.0,1.0,0.0,0.0,0.0
256,1.0,0.0,1.575,0.764,1.237,0.0,0.0,1.0,1.392,0.0,0.0,0.0,1.0,0.0,0.0,0.0,0.0,0.0,1.0,0.0,0.0
257,1.0,0.0,1.575,0.778,1.237,0.0,0.0,1.0,1.392,0.0,0.0,0.0,1.0,0.0,0.0,0.0,0.0,0.0,0.0,0.0,0.0
258,1.0,0.0,1.575,0.779,1.237,0.0,0.0,0.0,0.909,0.0,0.0,0.0,0.0,1.0,0.0,0.0,0.0,1.0,0.0,0.0,0.0
259,1.0,0.0,1.575,0.779,1.237,0.0,0.0,0.0,1.28,0.0,0.0,0.0,0.0,0.0,0.0,0.0,1.0,0.0,0.0,0.0,0.0
260,1.0,0.0,1.575,0.775,1.237,0.0,0.0,1.0,1.392,0.0,0.0,0.0,1.0,0.0,0.0,0.0,0.0,0.0,1.0,0.0,0.0
261,1.0,0.0,1.575,0.775,1.237,0.0,0.0,0.0,1.28,0.0,1.0,0.0,0.0,0.0,0.0,0.0,0.0,0.0,0.0,0.0,0.0
262,1.0,0.0,1.575,0.778,1.237,0.0,0.0,1.0,1.392,0.0,1.0,0.0,0.0,0.0,0.0,0.0,0.0,1.0,0.0,0.0,0.0
263,1.0,0.0,1.575,0.777,1.237,0.0,0.0,1.0,1.392,0.0,1.0,0.0,0.0,0.0,0.0,0.0,0.0,0.0,1.0,0.0,0.0
264,1.0,0.0,1.807,0.779,1.237,0.0,0.0,1.0,1.392,0.0,1.0,0.0,0.0,0.0,0.0,0.0,0.0,0.0,1.0,0.0,0.0
265,1.0,0.0,0.591,0.765,1.237,0.0,0.0,0.0,1.494,0.0,0.0,0.0,1.0,0.0,0.0,0.0,0.0,0.0,0.0,0.0,0.0
266,1.0,0.0,0.591,0.758,1.237,0.0,0.0,1.0,1.554,1.0,0.0,0.0,0.0,0.0,0.0,0.0,0.0,0.0,0.0,0.0,0.0
267,1.0,0.0,0.591,0.755,1.237,0.0,0.0,0.0,1.494,0.0,1.0,0.0,0.0,0.0,0.0,0.0,0.0,0.0,1.0,0.0,0.0
268,1.0,0.0,0.591,0.752,1.237,0.0,0.0,1.0,1.554,0.0,0.0,0.0,0.0,1.0,0.0,0.0,1.0,0.0,0.0,0.0,0.0
269,1.0,0.0,0.845,0.738,1.237,0.0,0.0,0.0,1.494,0.0,0.0,0.0,0.0,0.0,1.0,0.0,1.0,0.0,0.0,0.0,0.0
270,1.0,0.0,0.636,0.747,1.237,0.0,0.0,0.0,1.494,0.0,1.0,0.0,0.0,0.0,0.0,0.0,0.0,1.0,0.0,0.0,0.0
271,1.0,0.0,0.685,0.727,1.237,0.0,0.0,0.0,1.377,0.0,0.0,0.0,0.0,0.0,1.0,0.0,0.0,0.0,1.0,0.0,0.0
272,1.0,0.259259259,1.329,0.719,1.237,0.0,0.0,1.0,1.869,0.0,1.0,0.0,0.0,0.0,0.0,0.0,0.0,1.0,0.0,0.0,0.0
273,1.0,0.259259259,1.027,0.725,1.237,0.0,0.0,1.0,1.869,0.0,0.0,1.0,0.0,0.0,0.0,0.0,1.0,0.0,0.0,0.0,0.0
274,1.0,0.259259259,0.221,0.718,1.237,0.0,0.0,0.0,2.031,0.0,1.0,0.0,0.0,0.0,0.0,0.0,0.0,1.0,0.0,0.0,0.0
276,1.0,0.0,-1.497,0.513,0.734,0.0,0.0,1.0,0.651,0.0,0.0,1.0,0.0,0.0,0.0,0.0,0.0,0.0,1.0,0.0,0.0
277,1.0,0.0,0.902,0.591,0.823,0.0,0.0,0.0,1.954,0.0,0.0,0.0,1.0,0.0,0.0,0.0,0.0,0.0,1.0,0.0,0.0
279,1.0,0.0,-1.474,0.585,1.268,0.0,0.0,0.0,1.449,1.0,0.0,0.0,0.0,0.0,0.0,0.0,0.0,0.0,1.0,0.0,0.0
280,1.0,0.0,-0.054,0.201,1.345,0.0,1.0,1.0,-2.121,0.0,0.0,1.0,0.0,0.0,1.0,0.0,0.0,0.0,0.0,0.0,0.0
281,1.0,0.0,-0.186,0.168,1.345,0.0,1.0,0.0,-2.077,0.0,0.0,1.0,0.0,0.0,0.0,0.0,1.0,0.0,0.0,0.0,0.0
285,1.0,0.0,0.582,0.411,1.111,0.0,0.0,0.0,0.509,1.0,0.0,0.0,0.0,0.0,0.0,0.0,1.0,0.0,0.0,0.0,0.0
286,1.0,0.0,0.582,0.493,1.111,0.0,0.0,0.0,0.994,0.0,0.0,0.0,0.0,0.0,0.0,0.0,1.0,0.0,0.0,0.0,0.0
287,1.0,0.0,0.582,0.446,1.513,0.0,0.0,0.0,0.994,0.0,1.0,0.0,0.0,0.0,0.0,0.0,1.0,0.0,0.0,0.0,0.0
288,1.0,0.0,0.607,0.162,0.773,0.0,0.0,0.0,-0.38,1.0,0.0,0.0,0.0,0.0,0.0,0.0,1.0,0.0,0.0,0.0,0.0
289,1.0,0.0,0.607,0.16,0.665,0.0,0.0,0.0,-0.77,1.0,0.0,0.0,0.0,0.0,0.0,0.0,1.0,0.0,0.0,0.0,0.0
290,1.0,0.0,0.937,0.154,0.665,0.0,0.0,0.0,-0.661,1.0,1.0,0.0,0.0,0.0,0.0,0.0,1.0,0.0,0.0,0.0,0.0
291,1.0,0.0,0.694,0.201,0.665,0.0,0.0,0.0,-0.661,1.0,0.0,0.0,0.0,0.0,0.0,0.0,1.0,0.0,0.0,0.0,0.0
305,1.0,0.0,-1.982,0.388,1.486,0.0,1.0,0.0,0.501,0.0,1.0,0.0,0.0,0.0,0.0,0.0,0.0,1.0,0.0,0.0,0.0
308,1.0,0.0,-2.6,0.295,0.245,0.0,1.0,1.0,0.156,1.0,0.0,0.0,0.0,0.0,0.0,0.0,0.0,0.0,1.0,0.0,0.0
312,1.0,1.0,-1.36,0.285,1.455,0.0,1.0,0.0,-0.789,0.0,0.0,0.0,0.0,0.0,0.0,1.0,0.0,0.0,1.0,0.0,0.0
314,1.0,0.0,0.951,0.27,1.888,0.0,0.0,0.0,-0.064,0.0,0.0,0.0,1.0,0.0,0.0,0.0,0.0,0.0,1.0,0.0,0.0
315,1.0,0.0,0.174,0.32,1.888,0.0,0.0,0.0,-0.064,0.0,1.0,0.0,0.0,0.0,0.0,0.0,0.0,1.0,0.0,0.0,0.0
316,1.0,0.0,-0.13,0.318,1.888,0.0,0.0,0.0,-0.064,0.0,1.0,0.0,0.0,1.0,0.0,0.0,1.0,0.0,0.0,0.0,0.0
317,1.0,0.0,-0.047,0.312,1.888,0.0,0.0,0.0,-0.101,0.0,1.0,0.0,0.0,0.0,0.0,0.0,0.0,0.0,0.0,0.0,1.0
319,1.0,0.0,-0.226,0.283,1.888,0.0,0.0,0.0,-0.544,0.0,0.0,1.0,0.0,0.0,0.0,0.0,0.0,0.0,1.0,0.0,0.0
320,1.0,0.0,0.06,0.284,1.888,0.0,0.0,0.0,-0.544,0.0,0.0,0.0,0.0,0.0,1.0,0.0,0.0,0.0,1.0,0.0,0.0
321,1.0,0.888888889,0.06,0.285,0.984,0.0,0.0,0.0,-0.956,1.0,0.0,0.0,0.0,0.0,0.0,0.0,0.0,0.0,1.0,0.0,0.0
322,1.0,0.0,-0.327,0.533,2.009,1.0,0.0,1.0,1.853,0.0,0.0,0.0,0.0,0.0,1.0,0.0,1.0,0.0,0.0,0.0,0.0
323,1.0,0.0,-1.141,0.559,2.009,1.0,0.0,0.0,1.336,0.0,0.0,0.0,0.0,0.0,0.0,1.0,0.0,0.0,0.0,0.0,0.0
324,1.0,0.0,-0.805,0.554,2.009,1.0,0.0,1.0,1.574,0.0,0.0,0.0,0.0,0.0,0.0,1.0,0.0,0.0,1.0,0.0,0.0
325,1.0,0.0,-0.073,0.562,2.009,1.0,0.0,1.0,1.055,0.0,0.0,0.0,0.0,0.0,0.0,0.0,1.0,0.0,0.0,0.0,0.0
326,1.0,0.0,-0.073,0.585,2.009,1.0,0.0,1.0,1.875,0.0,0.0,0.0,0.0,0.0,0.0,1.0,1.0,0.0,0.0,0.0,0.0
327,1.0,0.0,-0.073,0.612,2.009,1.0,0.0,1.0,1.875,0.0,0.0,1.0,0.0,0.0,0.0,0.0,1.0,0.0,0.0,0.0,0.0
328,1.0,0.0,-0.065,0.668,2.009,1.0,0.0,1.0,1.875,0.0,0.0,0.0,0.0,0.0,0.0,0.0,0.0,0.0,1.0,0.0,0.0
329,1.0,0.0,-0.065,0.679,2.009,1.0,0.0,1.0,1.875,0.0,0.0,1.0,0.0,0.0,0.0,0.0,0.0,0.0,1.0,0.0,0.0
330,1.0,0.0,-0.065,0.678,2.009,1.0,0.0,1.0,1.875,0.0,0.0,0.0,0.0,1.0,0.0,0.0,0.0,0.0,0.0,0.0,1.0
331,1.0,0.0,-0.065,0.672,2.009,1.0,0.0,1.0,1.875,0.0,0.0,1.0,0.0,0.0,0.0,0.0,0.0,0.0,1.0,0.0,0.0
332,1.0,0.0,-0.065,0.693,2.009,1.0,0.0,1.0,1.875,0.0,0.0,0.0,0.0,0.0,0.0,0.0,0.0,0.0,0.0,0.0,1.0
333,1.0,0.0,-0.065,0.7,2.009,1.0,0.0,1.0,1.875,0.0,0.0,1.0,0.0,0.0,0.0,1.0,1.0,0.0,0.0,0.0,0.0
334,1.0,0.0,0.215,0.7,2.009,1.0,0.0,1.0,1.875,0.0,0.0,1.0,0.0,0.0,0.0,0.0,1.0,0.0,0.0,0.0,0.0
335,1.0,0.0,-0.826,0.718,2.009,1.0,0.0,1.0,2.327,0.0,0.0,1.0,0.0,0.0,0.0,0.0,0.0,0.0,1.0,0.0,0.0
336,1.0,0.0,-0.826,0.724,2.009,1.0,0.0,1.0,2.327,0.0,0.0,1.0,0.0,0.0,0.0,0.0,0.0,0.0,1.0,0.0,0.0
337,1.0,0.0,-0.826,0.765,2.009,1.0,0.0,1.0,2.327,0.0,1.0,0.0,0.0,0.0,0.0,0.0,0.0,1.0,0.0,0.0,0.0
338,1.0,0.0,0.67,0.782,2.009,1.0,0.0,1.0,2.327,0.0,0.0,0.0,0.0,0.0,0.0,1.0,0.0,0.0,0.0,0.0,1.0
339,1.0,0.0,0.67,0.791,2.009,1.0,0.0,1.0,2.327,0.0,0.0,0.0,0.0,0.0,0.0,1.0,0.0,0.0,1.0,0.0,0.0
340,1.0,0.0,0.67,0.831,2.009,1.0,0.0,1.0,2.327,0.0,0.0,0.0,0.0,1.0,0.0,0.0,0.0,0.0,1.0,0.0,0.0
341,1.0,0.0,0.67,0.834,2.009,1.0,0.0,0.0,1.454,0.0,0.0,1.0,0.0,0.0,0.0,0.0,0.0,0.0,0.0,0.0,0.0
342,1.0,0.0,0.67,0.832,2.009,1.0,0.0,1.0,2.327,0.0,1.0,0.0,0.0,0.0,1.0,0.0,1.0,0.0,0.0,0.0,0.0
343,1.0,0.0,-0.059,0.855,2.009,1.0,0.0,0.0,1.454,0.0,0.0,0.0,0.0,0.0,1.0,0.0,1.0,0.0,0.0,0.0,0.0
344,1.0,0.0,-0.059,0.856,2.009,1.0,0.0,1.0,2.327,0.0,0.0,0.0,0.0,1.0,0.0,0.0,0.0,0.0,0.0,1.0,0.0
345,1.0,0.0,-0.059,0.857,2.009,1.0,0.0,1.0,2.327,0.0,0.0,1.0,0.0,0.0,0.0,0.0,0.0,0.0,1.0,0.0,0.0
346,1.0,0.0,-0.059,0.863,2.009,1.0,0.0,1.0,2.327,0.0,1.0,0.0,0.0,0.0,0.0,0.0,0.0,1.0,0.0,0.0,0.0
347,1.0,0.0,-0.059,0.862,2.009,1.0,0.0,1.0,2.327,0.0,0.0,0.0,0.0,0.0,0.0,1.0,1.0,0.0,0.0,0.0,0.0
348,1.0,0.0,-0.059,0.859,2.009,1.0,0.0,1.0,2.327,0.0,0.0,0.0,0.0,0.0,0.0,1.0,0.0,0.0,0.0,0.0,1.0
349,1.0,0.0,-0.059,0.863,2.009,1.0,0.0,1.0,2.327,0.0,0.0,0.0,0.0,0.0,0.0,1.0,0.0,0.0,1.0,0.0,0.0
350,1.0,0.0,-0.059,0.867,2.009,1.0,0.0,0.0,1.454,0.0,1.0,0.0,0.0,0.0,0.0,0.0,0.0,1.0,0.0,0.0,0.0
351,1.0,0.0,-0.059,0.872,2.009,1.0,0.0,1.0,2.327,0.0,0.0,0.0,0.0,0.0,0.0,1.0,1.0,0.0,0.0,0.0,0.0
352,1.0,0.0,-0.059,0.867,2.009,1.0,0.0,0.0,1.454,0.0,0.0,1.0,0.0,0.0,1.0,0.0,0.0,0.0,0.0,0.0,0.0
353,1.0,0.0,-0.059,0.867,2.009,1.0,0.0,1.0,2.327,0.0,0.0,0.0,0.0,0.0,0.0,1.0,0.0,0.0,1.0,0.0,0.0
354,1.0,0.0,-0.059,0.868,2.009,1.0,0.0,0.0,1.454,1.0,0.0,0.0,0.0,0.0,0.0,0.0,0.0,0.0,0.0,1.0,0.0
355,1.0,0.0,-0.059,0.869,2.009,1.0,0.0,0.0,1.454,1.0,0.0,0.0,0.0,0.0,0.0,0.0,0.0,0.0,0.0,1.0,0.0
356,1.0,0.0,-0.059,0.871,2.009,1.0,0.0,1.0,2.327,0.0,0.0,0.0,0.0,1.0,0.0,0.0,0.0,0.0,1.0,0.0,0.0
357,1.0,0.0,-0.059,0.871,2.009,1.0,0.0,0.0,1.454,0.0,0.0,0.0,0.0,0.0,0.0,1.0,0.0,0.0,1.0,0.0,0.0
358,1.0,0.0,-0.059,0.868,2.009,1.0,0.0,1.0,2.327,0.0,0.0,1.0,0.0,0.0,0.0,0.0,0.0,0.0,1.0,0.0,0.0
359,1.0,0.0,-0.059,0.867,2.009,1.0,0.0,1.0,2.327,1.0,0.0,0.0,0.0,1.0,0.0,0.0,0.0,1.0,0.0,0.0,0.0
360,1.0,0.0,-0.059,0.828,2.009,1.0,0.0,1.0,2.327,0.0,0.0,0.0,0.0,0.0,0.0,0.0,0.0,0.0,1.0,0.0,0.0
361,1.0,0.0,-0.307,0.829,2.009,1.0,0.0,1.0,2.327,0.0,0.0,0.0,0.0,0.0,0.0,1.0,1.0,0.0,0.0,0.0,0.0
362,1.0,0.0,-0.307,0.862,2.009,1.0,0.0,1.0,2.327,0.0,0.0,1.0,0.0,0.0,0.0,0.0,0.0,0.0,1.0,0.0,0.0
363,1.0,0.0,-0.307,0.862,2.009,1.0,0.0,0.0,1.862,0.0,0.0,0.0,1.0,0.0,0.0,0.0,0.0,0.0,1.0,0.0,0.0
364,1.0,0.0,-0.307,0.897,2.009,1.0,0.0,0.0,1.862,1.0,0.0,0.0,0.0,0.0,0.0,0.0,0.0,0.0,1.0,0.0,0.0
365,1.0,0.0,-0.307,0.9,2.009,1.0,0.0,1.0,2.327,1.0,0.0,0.0,1.0,0.0,0.0,0.0,0.0,0.0,1.0,0.0,0.0
366,1.0,0.0,-0.307,0.9,2.009,1.0,0.0,1.0,2.327,0.0,0.0,0.0,0.0,0.0,0.0,0.0,0.0,0.0,1.0,0.0,0.0
367,1.0,0.0,0.276,0.9,2.009,1.0,0.0,1.0,2.522,0.0,0.0,1.0,0.0,0.0,0.0,0.0,0.0,0.0,0.0,0.0,0.0
368,1.0,0.0,0.276,0.896,2.009,1.0,0.0,1.0,2.522,0.0,0.0,0.0,0.0,0.0,0.0,1.0,0.0,0.0,1.0,0.0,0.0
369,1.0,0.0,0.276,0.896,2.009,1.0,0.0,1.0,2.522,1.0,0.0,0.0,0.0,0.0,0.0,0.0,0.0,0.0,0.0,0.0,1.0
370,1.0,0.0,0.228,0.905,2.009,1.0,0.0,0.0,2.366,0.0,0.0,1.0,0.0,0.0,0.0,0.0,0.0,0.0,1.0,0.0,0.0
371,1.0,0.0,0.228,0.901,2.009,1.0,0.0,0.0,2.366,1.0,0.0,0.0,0.0,0.0,0.0,0.0,0.0,0.0,0.0,0.0,1.0
372,1.0,0.0,0.228,0.9,2.009,1.0,0.0,0.0,2.366,1.0,0.0,0.0,0.0,0.0,0.0,0.0,0.0,0.0,1.0,0.0,0.0
373,1.0,0.0,0.228,0.885,2.009,1.0,0.0,0.0,2.645,1.0,0.0,0.0,0.0,0.0,0.0,0.0,1.0,0.0,0.0,0.0,0.0
374,1.0,0.0,0.422,0.834,2.009,1.0,0.0,0.0,2.645,1.0,0.0,0.0,0.0,0.0,0.0,0.0,0.0,0.0,0.0,1.0,0.0
375,1.0,0.0,0.422,0.824,2.009,1.0,0.0,0.0,2.645,0.0,0.0,0.0,1.0,0.0,0.0,0.0,0.0,0.0,1.0,0.0,0.0
376,1.0,0.0,0.422,0.818,2.009,1.0,0.0,0.0,2.619,0.0,1.0,1.0,0.0,0.0,0.0,0.0,0.0,0.0,1.0,0.0,0.0
377,1.0,0.0,-0.159,0.815,2.009,1.0,0.0,0.0,2.233,1.0,0.0,0.0,0.0,0.0,0.0,0.0,0.0,0.0,1.0,0.0,0.0
378,1.0,0.0,-0.159,0.821,2.009,1.0,0.0,0.0,2.184,1.0,0.0,0.0,0.0,0.0,0.0,0.0,0.0,0.0,0.0,1.0,0.0
381,1.0,0.0,-0.519,0.843,2.009,1.0,0.0,0.0,2.102,1.0,0.0,0.0,0.0,0.0,0.0,0.0,0.0,0.0,1.0,0.0,0.0
382,1.0,0.0,-0.091,0.912,1.893,0.0,1.0,1.0,1.952,0.0,0.0,0.0,1.0,0.0,0.0,0.0,0.0,0.0,0.0,0.0,0.0
383,1.0,0.0,-0.363,0.867,1.893,0.0,1.0,0.0,2.36,1.0,1.0,0.0,0.0,0.0,0.0,0.0,0.0,0.0,0.0,1.0,0.0
384,1.0,0.0,-0.363,0.852,1.893,0.0,1.0,1.0,2.069,0.0,0.0,0.0,1.0,0.0,0.0,0.0,0.0,0.0,1.0,0.0,0.0
385,1.0,0.0,-0.941,0.833,1.893,0.0,1.0,0.0,2.575,0.0,1.0,0.0,0.0,0.0,0.0,0.0,0.0,1.0,0.0,0.0,0.0
388,1.0,0.366013072,-3.19,0.431,1.041,0.0,1.0,1.0,-2.685,0.0,0.0,1.0,0.0,0.0,0.0,0.0,0.0,0.0,1.0,0.0,0.0
393,1.0,0.0,1.285,0.149,-1.011,0.0,1.0,0.0,-0.844,1.0,0.0,0.0,0.0,0.0,0.0,0.0,1.0,0.0,0.0,0.0,0.0
394,1.0,0.0,1.285,0.147,-1.011,0.0,1.0,0.0,-0.844,1.0,0.0,0.0,0.0,0.0,0.0,0.0,1.0,0.0,0.0,0.0,0.0
395,1.0,0.0,1.285,0.147,-1.011,0.0,1.0,0.0,-0.844,0.0,0.0,0.0,0.0,0.0,0.0,0.0,1.0,0.0,0.0,0.0,0.0
396,1.0,0.0,1.285,0.148,-1.011,0.0,1.0,0.0,-0.844,1.0,0.0,0.0,0.0,0.0,0.0,0.0,1.0,0.0,0.0,0.0,0.0
397,1.0,0.0,1.285,0.15,-1.011,0.0,1.0,0.0,-0.844,1.0,0.0,0.0,0.0,0.0,0.0,0.0,1.0,0.0,0.0,0.0,0.0
399,1.0,-0.152777778,1.152,0.5,1.646,0.0,0.0,1.0,0.635,0.0,1.0,0.0,0.0,0.0,0.0,0.0,0.0,0.0,1.0,0.0,0.0
400,1.0,-0.152777778,1.283,0.485,1.183,0.0,0.0,0.0,1.422,0.0,1.0,0.0,0.0,0.0,0.0,0.0,0.0,1.0,0.0,0.0,0.0
401,1.0,-0.152777778,1.283,0.478,1.183,0.0,0.0,0.0,1.422,0.0,0.0,0.0,0.0,1.0,0.0,0.0,1.0,0.0,0.0,0.0,0.0
402,1.0,-0.152777778,0.401,0.353,1.066,0.0,0.0,0.0,0.524,1.0,0.0,0.0,0.0,0.0,0.0,0.0,0.0,0.0,1.0,0.0,0.0
403,1.0,0.0,-1.065,0.31,1.295,0.0,0.0,1.0,1.019,0.0,1.0,0.0,0.0,0.0,0.0,0.0,0.0,1.0,0.0,0.0,0.0
404,1.0,0.0,-2.462,0.269,1.295,0.0,0.0,1.0,0.092,1.0,0.0,0.0,0.0,0.0,0.0,0.0,0.0,0.0,1.0,0.0,0.0
407,1.0,0.0,-1.011,0.289,1.774,0.0,0.0,1.0,0.412,0.0,1.0,0.0,0.0,0.0,0.0,0.0,0.0,1.0,0.0,0.0,0.0
408,1.0,0.0,-1.148,0.303,1.774,0.0,0.0,0.0,0.506,0.0,1.0,0.0,0.0,0.0,0.0,0.0,0.0,1.0,0.0,0.0,0.0
409,1.0,0.0,-1.148,0.302,1.774,0.0,0.0,0.0,0.362,1.0,0.0,0.0,0.0,0.0,0.0,0.0,0.0,0.0,0.0,0.0,0.0
410,1.0,0.0,-1.788,0.297,1.168,0.0,0.0,0.0,0.506,1.0,0.0,0.0,0.0,0.0,0.0,0.0,1.0,0.0,0.0,0.0,0.0
411,1.0,0.0,-2.989,0.3,1.703,0.0,0.0,1.0,0.412,0.0,0.0,0.0,0.0,0.0,1.0,0.0,0.0,0.0,1.0,0.0,0.0
413,1.0,0.0,0.845,0.896,1.835,1.0,0.0,1.0,3.366,0.0,0.0,0.0,0.0,0.0,0.0,1.0,0.0,0.0,1.0,0.0,0.0
414,1.0,0.0,0.455,0.862,1.835,1.0,0.0,1.0,2.528,1.0,0.0,0.0,0.0,0.0,0.0,0.0,0.0,1.0,0.0,0.0,0.0
415,1.0,0.0,0.455,0.862,1.835,1.0,0.0,0.0,3.014,1.0,0.0,0.0,0.0,0.0,0.0,0.0,1.0,0.0,0.0,0.0,0.0
416,1.0,0.0,0.455,0.862,1.835,1.0,0.0,1.0,2.528,0.0,0.0,0.0,0.0,1.0,0.0,0.0,0.0,1.0,0.0,0.0,0.0
417,1.0,0.0,0.455,0.862,1.835,1.0,0.0,0.0,3.014,1.0,0.0,0.0,0.0,0.0,0.0,0.0,0.0,0.0,0.0,0.0,0.0
418,1.0,0.0,0.455,0.855,1.835,1.0,0.0,1.0,2.528,0.0,1.0,0.0,0.0,0.0,0.0,0.0,0.0,1.0,0.0,0.0,0.0
419,1.0,0.0,0.455,0.871,1.835,1.0,0.0,0.0,3.014,1.0,0.0,0.0,0.0,0.0,0.0,0.0,0.0,0.0,0.0,1.0,0.0
420,1.0,0.0,0.455,0.871,1.835,1.0,0.0,0.0,3.014,0.0,0.0,1.0,0.0,0.0,0.0,0.0,0.0,0.0,1.0,0.0,0.0
421,1.0,0.0,0.455,0.871,1.835,1.0,0.0,0.0,3.014,1.0,0.0,0.0,0.0,0.0,0.0,0.0,0.0,0.0,0.0,1.0,0.0
422,1.0,0.0,0.455,0.871,1.835,1.0,0.0,1.0,3.279,1.0,0.0,0.0,0.0,0.0,0.0,0.0,0.0,0.0,0.0,1.0,0.0
423,1.0,0.0,0.455,0.871,1.835,1.0,0.0,0.0,3.014,1.0,0.0,0.0,0.0,1.0,0.0,0.0,0.0,0.0,0.0,1.0,0.0
424,1.0,0.944444444,0.211,0.86,1.835,1.0,0.0,1.0,3.279,1.0,0.0,0.0,0.0,0.0,0.0,0.0,0.0,0.0,1.0,0.0,0.0
425,1.0,0.944444444,0.211,0.86,1.835,1.0,0.0,0.0,3.014,1.0,0.0,0.0,0.0,0.0,0.0,0.0,1.0,0.0,0.0,0.0,0.0
426,1.0,0.944444444,0.211,0.86,1.835,1.0,0.0,0.0,3.014,0.0,0.0,0.0,0.0,0.0,0.0,1.0,0.0,0.0,0.0,0.0,0.0
427,1.0,0.0,0.211,0.825,1.835,1.0,0.0,0.0,3.014,0.0,0.0,0.0,0.0,0.0,1.0,0.0,1.0,0.0,0.0,0.0,0.0
431,1.0,0.055555556,-0.852,0.252,1.826,0.0,0.0,1.0,-1.089,0.0,1.0,0.0,0.0,0.0,0.0,0.0,0.0,0.0,0.0,0.0,0.0
433,1.0,0.0,0.883,0.717,1.874,0.0,0.0,1.0,1.74,0.0,1.0,0.0,0.0,0.0,0.0,0.0,0.0,1.0,0.0,0.0,0.0
434,1.0,0.0,0.056,0.835,1.901,1.0,0.0,1.0,2.199,0.0,0.0,0.0,0.0,1.0,0.0,0.0,0.0,0.0,0.0,0.0,0.0
435,1.0,0.0,0.056,0.84,1.901,1.0,0.0,1.0,2.199,0.0,1.0,0.0,0.0,0.0,0.0,0.0,0.0,1.0,0.0,0.0,0.0
436,1.0,0.0,0.056,0.836,1.901,1.0,0.0,1.0,2.199,0.0,1.0,0.0,0.0,0.0,0.0,0.0,1.0,0.0,0.0,0.0,0.0
437,1.0,0.0,0.056,0.832,1.901,1.0,0.0,0.0,2.289,0.0,0.0,0.0,1.0,0.0,0.0,0.0,0.0,0.0,1.0,0.0,0.0
438,1.0,0.0,0.056,0.825,1.901,1.0,0.0,1.0,2.199,0.0,0.0,0.0,1.0,0.0,0.0,0.0,0.0,0.0,0.0,0.0,1.0
439,1.0,0.0,0.056,0.824,1.901,1.0,0.0,1.0,2.199,0.0,0.0,0.0,1.0,0.0,0.0,0.0,0.0,0.0,1.0,0.0,0.0
440,1.0,0.0,0.056,0.83,1.901,1.0,0.0,0.0,2.289,0.0,0.0,0.0,1.0,0.0,0.0,0.0,0.0,0.0,1.0,0.0,0.0
441,1.0,0.0,0.056,0.826,1.901,1.0,0.0,1.0,2.199,0.0,0.0,0.0,1.0,0.0,0.0,0.0,0.0,0.0,1.0,0.0,0.0
442,1.0,0.0,0.056,0.826,1.901,1.0,0.0,1.0,2.199,0.0,1.0,0.0,0.0,0.0,0.0,0.0,0.0,0.0,1.0,0.0,0.0
443,1.0,0.0,0.056,0.826,1.901,1.0,0.0,1.0,2.199,1.0,0.0,0.0,0.0,0.0,0.0,0.0,1.0,0.0,0.0,0.0,0.0
444,1.0,0.0,0.056,0.826,1.901,1.0,0.0,1.0,2.199,0.0,0.0,0.0,0.0,1.0,0.0,0.0,1.0,0.0,0.0,0.0,0.0
445,1.0,0.0,0.056,0.826,1.901,1.0,0.0,1.0,2.199,0.0,0.0,0.0,1.0,0.0,0.0,0.0,0.0,0.0,1.0,0.0,0.0
446,1.0,0.0,0.056,0.811,1.901,1.0,0.0,1.0,2.199,0.0,0.0,0.0,0.0,0.0,0.0,0.0,0.0,1.0,0.0,0.0,0.0
447,1.0,0.0,0.056,0.811,1.901,1.0,0.0,0.0,2.289,0.0,0.0,0.0,0.0,0.0,0.0,1.0,1.0,0.0,0.0,0.0,0.0
448,1.0,0.0,0.056,0.811,1.901,1.0,0.0,1.0,2.199,1.0,1.0,0.0,0.0,0.0,0.0,0.0,1.0,0.0,0.0,0.0,0.0
449,1.0,0.0,0.056,0.81,1.901,1.0,0.0,1.0,2.199,0.0,0.0,0.0,0.0,0.0,0.0,0.0,1.0,0.0,0.0,0.0,0.0
450,1.0,0.0,-0.053,0.817,1.901,1.0,0.0,0.0,2.289,0.0,1.0,0.0,0.0,0.0,0.0,0.0,0.0,1.0,0.0,0.0,0.0
451,1.0,0.0,-0.053,0.817,1.901,1.0,0.0,0.0,2.289,1.0,0.0,0.0,0.0,0.0,0.0,0.0,1.0,0.0,0.0,0.0,0.0
452,1.0,0.0,-0.053,0.817,1.901,1.0,0.0,0.0,2.289,1.0,0.0,0.0,0.0,0.0,0.0,0.0,0.0,1.0,0.0,0.0,0.0
453,1.0,0.0,-0.053,0.817,1.901,1.0,0.0,0.0,2.289,0.0,0.0,1.0,0.0,0.0,0.0,0.0,0.0,0.0,0.0,0.0,1.0
454,1.0,0.0,-0.053,0.817,1.901,1.0,0.0,0.0,2.289,0.0,0.0,1.0,0.0,0.0,0.0,0.0,1.0,0.0,0.0,0.0,0.0
455,1.0,0.0,-0.053,0.814,1.901,1.0,0.0,1.0,2.199,1.0,0.0,0.0,0.0,0.0,0.0,0.0,0.0,0.0,0.0,1.0,0.0
456,1.0,0.0,-0.053,0.814,1.901,1.0,0.0,0.0,2.289,1.0,0.0,0.0,0.0,0.0,0.0,0.0,0.0,1.0,0.0,0.0,0.0
457,1.0,0.0,-0.053,0.814,1.901,1.0,0.0,0.0,2.289,0.0,0.0,0.0,0.0,1.0,0.0,0.0,0.0,1.0,0.0,0.0,0.0
458,1.0,0.0,0.027,0.807,1.901,1.0,0.0,0.0,2.289,1.0,0.0,0.0,0.0,0.0,0.0,0.0,1.0,0.0,0.0,0.0,0.0
459,1.0,0.0,0.027,0.807,1.901,1.0,0.0,1.0,2.199,1.0,0.0,0.0,0.0,0.0,0.0,0.0,1.0,0.0,0.0,0.0,0.0
460,1.0,0.0,0.027,0.834,1.901,1.0,0.0,1.0,2.199,0.0,0.0,0.0,0.0,0.0,1.0,0.0,0.0,0.0,0.0,0.0,0.0
461,1.0,0.0,0.027,0.834,1.901,1.0,0.0,1.0,2.199,1.0,0.0,0.0,0.0,0.0,0.0,0.0,0.0,0.0,0.0,0.0,0.0
462,1.0,0.0,0.027,0.839,1.901,1.0,0.0,0.0,2.289,0.0,0.0,1.0,0.0,0.0,0.0,0.0,0.0,0.0,0.0,0.0,0.0
463,1.0,0.0,0.027,0.839,1.901,1.0,0.0,0.0,2.289,1.0,0.0,0.0,0.0,0.0,0.0,0.0,0.0,0.0,0.0,0.0,0.0
464,1.0,0.0,0.027,0.839,1.901,1.0,0.0,1.0,2.199,0.0,1.0,0.0,0.0,0.0,0.0,0.0,0.0,1.0,0.0,0.0,0.0
465,1.0,0.0,0.027,0.839,1.901,1.0,0.0,0.0,2.289,0.0,1.0,0.0,0.0,0.0,0.0,0.0,0.0,0.0,0.0,0.0,1.0
466,1.0,0.777777778,0.027,0.84,1.901,1.0,0.0,1.0,2.199,0.0,0.0,0.0,0.0,0.0,0.0,1.0,1.0,0.0,0.0,0.0,0.0
467,1.0,0.777777778,0.027,0.84,1.901,1.0,0.0,0.0,2.289,1.0,0.0,0.0,0.0,0.0,0.0,0.0,1.0,0.0,0.0,0.0,0.0
468,1.0,0.777777778,0.027,0.85,1.901,1.0,0.0,0.0,2.289,1.0,1.0,0.0,0.0,0.0,0.0,0.0,0.0,1.0,0.0,0.0,0.0
469,1.0,0.777777778,0.027,0.85,1.901,1.0,0.0,0.0,2.289,1.0,0.0,0.0,0.0,0.0,0.0,0.0,1.0,0.0,0.0,0.0,0.0
470,1.0,0.777777778,0.027,0.85,1.901,1.0,0.0,0.0,2.289,1.0,0.0,0.0,0.0,0.0,0.0,0.0,1.0,0.0,0.0,0.0,0.0
471,1.0,0.777777778,0.027,0.849,1.901,1.0,0.0,1.0,1.648,0.0,0.0,0.0,0.0,1.0,0.0,0.0,1.0,0.0,0.0,0.0,0.0
472,1.0,0.777777778,0.027,0.849,1.901,1.0,0.0,1.0,1.648,0.0,0.0,1.0,0.0,0.0,0.0,0.0,0.0,0.0,0.0,0.0,1.0
473,1.0,1.0,1.301,0.88,0.413,0.0,1.0,1.0,1.565,0.0,0.0,0.0,1.0,0.0,0.0,0.0,0.0,0.0,0.0,0.0,1.0
474,1.0,1.0,0.03,0.886,1.753,0.0,1.0,1.0,1.598,0.0,0.0,0.0,0.0,1.0,0.0,0.0,0.0,0.0,1.0,0.0,0.0
477,1.0,1.0,-0.048,0.87,1.753,0.0,1.0,1.0,1.598,0.0,0.0,0.0,0.0,1.0,0.0,0.0,0.0,0.0,0.0,0.0,0.0
479,1.0,1.0,-0.048,0.829,1.753,0.0,1.0,0.0,1.222,0.0,0.0,0.0,1.0,0.0,0.0,0.0,0.0,0.0,1.0,0.0,0.0
480,1.0,1.0,-0.048,0.829,1.753,0.0,1.0,0.0,1.222,1.0,0.0,0.0,0.0,0.0,0.0,0.0,0.0,0.0,0.0,1.0,0.0
481,1.0,1.0,-0.048,0.829,1.753,0.0,1.0,0.0,1.222,0.0,0.0,0.0,1.0,0.0,0.0,0.0,0.0,0.0,1.0,0.0,0.0
482,1.0,1.0,-0.15,0.837,1.753,0.0,1.0,0.0,2.222,0.0,0.0,0.0,1.0,0.0,0.0,0.0,0.0,0.0,1.0,0.0,0.0
483,1.0,1.0,-0.15,0.837,1.753,0.0,1.0,0.0,2.222,0.0,0.0,0.0,1.0,0.0,0.0,0.0,0.0,0.0,1.0,0.0,0.0
484,1.0,1.0,-0.15,0.837,1.753,0.0,1.0,1.0,1.598,1.0,0.0,0.0,0.0,0.0,0.0,0.0,0.0,1.0,0.0,0.0,0.0
485,1.0,1.0,-0.15,0.837,1.753,0.0,1.0,0.0,2.222,0.0,0.0,0.0,1.0,0.0,0.0,0.0,0.0,0.0,1.0,0.0,0.0
486,1.0,1.0,-0.15,0.837,1.753,0.0,1.0,0.0,2.222,0.0,0.0,0.0,1.0,0.0,0.0,0.0,0.0,0.0,1.0,0.0,0.0
487,1.0,1.0,-0.15,0.837,1.753,0.0,1.0,0.0,2.222,0.0,0.0,0.0,1.0,0.0,0.0,0.0,0.0,0.0,1.0,0.0,0.0
488,1.0,1.0,-0.15,0.837,1.753,0.0,1.0,0.0,2.222,0.0,0.0,0.0,1.0,0.0,0.0,0.0,0.0,0.0,1.0,0.0,0.0
490,1.0,1.0,-0.058,0.841,1.753,0.0,1.0,1.0,1.72,1.0,0.0,0.0,0.0,1.0,0.0,0.0,1.0,0.0,0.0,0.0,0.0
491,1.0,1.0,-0.058,0.841,1.753,0.0,1.0,0.0,2.589,0.0,0.0,0.0,1.0,0.0,0.0,0.0,0.0,0.0,1.0,0.0,0.0
492,1.0,1.0,-0.058,0.841,1.753,0.0,1.0,0.0,2.589,0.0,0.0,0.0,1.0,0.0,0.0,0.0,0.0,0.0,1.0,0.0,0.0
493,1.0,0.962962963,-0.055,0.626,1.707,0.0,1.0,1.0,1.08,0.0,0.0,0.0,1.0,0.0,0.0,0.0,0.0,0.0,1.0,0.0,0.0
494,1.0,0.962962963,-0.055,0.658,1.707,0.0,1.0,1.0,1.08,0.0,0.0,0.0,1.0,0.0,0.0,0.0,0.0,0.0,1.0,0.0,0.0
495,1.0,0.0,-2.359,0.13,1.087,0.0,0.0,1.0,-0.755,0.0,1.0,0.0,0.0,0.0,0.0,0.0,0.0,1.0,0.0,0.0,0.0
496,1.0,0.0,1.13,0.227,-1.255,0.0,1.0,0.0,-0.59,0.0,1.0,0.0,0.0,0.0,0.0,0.0,1.0,0.0,0.0,0.0,0.0
501,1.0,0.0,0.887,0.89,1.057,0.0,1.0,0.0,2.153,1.0,0.0,0.0,0.0,0.0,0.0,0.0,1.0,0.0,0.0,0.0,0.0
503,1.0,0.0,0.887,0.89,1.057,0.0,1.0,0.0,2.153,1.0,0.0,0.0,0.0,0.0,0.0,0.0,0.0,0.0,0.0,1.0,0.0
504,1.0,0.0,0.887,0.89,1.057,0.0,1.0,0.0,2.153,1.0,0.0,0.0,0.0,0.0,0.0,0.0,0.0,0.0,0.0,1.0,0.0
506,1.0,0.0,0.887,0.889,1.057,0.0,1.0,0.0,2.153,1.0,0.0,0.0,0.0,0.0,0.0,0.0,1.0,0.0,0.0,0.0,0.0
508,1.0,0.0,0.887,0.889,1.057,0.0,1.0,0.0,2.153,0.0,1.0,0.0,0.0,0.0,0.0,0.0,0.0,1.0,0.0,0.0,0.0
510,1.0,0.0,0.887,0.883,1.057,0.0,1.0,0.0,2.153,0.0,0.0,1.0,0.0,0.0,0.0,0.0,1.0,0.0,0.0,0.0,0.0
511,1.0,0.0,0.887,0.883,1.057,0.0,1.0,1.0,1.789,1.0,0.0,0.0,0.0,0.0,0.0,0.0,0.0,0.0,1.0,0.0,0.0
513,1.0,0.0,0.887,0.883,1.057,0.0,1.0,1.0,1.789,0.0,1.0,0.0,0.0,0.0,0.0,0.0,1.0,0.0,0.0,0.0,0.0
515,1.0,0.0,0.887,0.883,1.057,0.0,1.0,0.0,2.153,1.0,0.0,0.0,0.0,0.0,0.0,0.0,0.0,0.0,0.0,1.0,0.0
517,1.0,0.0,0.887,0.883,1.057,0.0,1.0,1.0,1.789,1.0,0.0,0.0,0.0,0.0,0.0,0.0,1.0,0.0,0.0,0.0,0.0
518,1.0,0.0,0.887,0.886,1.057,0.0,1.0,1.0,1.789,1.0,0.0,0.0,0.0,0.0,0.0,0.0,0.0,0.0,0.0,0.0,0.0
520,1.0,0.0,0.887,0.866,1.057,0.0,1.0,0.0,2.153,1.0,0.0,0.0,0.0,0.0,0.0,0.0,0.0,0.0,0.0,1.0,0.0
524,1.0,0.0,-0.204,0.866,1.057,0.0,1.0,0.0,2.153,1.0,0.0,0.0,0.0,0.0,0.0,0.0,0.0,0.0,0.0,1.0,0.0
525,1.0,0.0,-0.204,0.866,1.057,0.0,1.0,0.0,2.153,1.0,0.0,0.0,0.0,0.0,0.0,0.0,0.0,0.0,0.0,1.0,0.0
526,1.0,0.0,0.641,0.868,1.057,0.0,1.0,0.0,2.153,1.0,0.0,0.0,0.0,0.0,0.0,0.0,0.0,0.0,0.0,1.0,0.0
528,1.0,0.0,0.641,0.868,1.057,0.0,1.0,0.0,2.153,0.0,0.0,0.0,0.0,1.0,0.0,0.0,0.0,0.0,0.0,1.0,0.0
542,1.0,0.393939394,-1.012,0.738,1.784,0.0,1.0,1.0,-0.062,0.0,0.0,0.0,0.0,1.0,0.0,0.0,0.0,0.0,0.0,0.0,1.0
545,1.0,0.393939394,-1.012,0.738,1.784,0.0,1.0,1.0,-0.062,1.0,0.0,0.0,0.0,0.0,0.0,0.0,0.0,0.0,0.0,1.0,0.0
552,1.0,0.393939394,-0.676,0.555,1.784,0.0,1.0,1.0,-0.056,1.0,0.0,0.0,0.0,0.0,0.0,0.0,1.0,0.0,0.0,0.0,0.0
553,1.0,0.393939394,-1.653,0.481,1.784,0.0,1.0,1.0,-0.33,1.0,0.0,0.0,0.0,0.0,0.0,0.0,0.0,0.0,0.0,0.0,1.0
556,1.0,0.545138889,-0.642,0.45,1.784,0.0,1.0,1.0,-0.758,1.0,0.0,0.0,0.0,0.0,0.0,0.0,1.0,0.0,0.0,0.0,0.0
559,1.0,0.454248366,1.189,0.434,1.784,0.0,1.0,1.0,-1.293,1.0,0.0,0.0,0.0,0.0,0.0,0.0,0.0,0.0,0.0,1.0,0.0
560,1.0,0.0,-0.2,0.229,0.764,0.0,1.0,0.0,-1.597,0.0,1.0,0.0,0.0,0.0,0.0,0.0,0.0,1.0,0.0,0.0,0.0
561,1.0,0.873015873,-0.2,0.23,0.764,0.0,1.0,0.0,-1.597,1.0,0.0,0.0,0.0,0.0,0.0,0.0,0.0,1.0,0.0,0.0,0.0
562,1.0,0.873015873,-0.2,0.23,0.764,0.0,1.0,0.0,-1.597,1.0,0.0,0.0,0.0,0.0,0.0,0.0,1.0,0.0,0.0,0.0,0.0
563,1.0,0.873015873,-0.2,0.23,0.764,0.0,1.0,0.0,-1.597,0.0,1.0,0.0,0.0,0.0,0.0,0.0,0.0,1.0,0.0,0.0,0.0
564,1.0,0.873015873,-0.2,0.23,0.764,0.0,1.0,0.0,-1.597,0.0,1.0,0.0,0.0,0.0,0.0,0.0,0.0,1.0,0.0,0.0,0.0
565,1.0,0.873015873,-0.2,0.234,0.764,0.0,1.0,0.0,-1.597,1.0,0.0,0.0,0.0,0.0,0.0,0.0,1.0,0.0,0.0,0.0,0.0
566,1.0,0.0,1.49,0.539,1.883,0.0,0.0,0.0,1.542,0.0,0.0,0.0,0.0,0.0,0.0,1.0,0.0,0.0,1.0,0.0,0.0
567,1.0,0.0,1.49,0.539,1.883,0.0,0.0,0.0,1.542,0.0,0.0,1.0,0.0,0.0,0.0,0.0,0.0,0.0,1.0,0.0,0.0
568,1.0,0.777777778,1.472,0.534,1.883,0.0,0.0,0.0,1.542,1.0,0.0,0.0,0.0,0.0,0.0,0.0,1.0,0.0,0.0,0.0,0.0
569,1.0,0.777777778,1.472,0.534,1.883,0.0,0.0,1.0,1.333,1.0,0.0,0.0,0.0,0.0,0.0,0.0,1.0,0.0,0.0,0.0,0.0
570,1.0,0.777777778,1.566,0.512,1.883,0.0,0.0,0.0,1.802,1.0,0.0,0.0,0.0,0.0,0.0,0.0,0.0,0.0,1.0,0.0,0.0
571,1.0,0.844444444,1.331,0.496,1.883,0.0,0.0,0.0,1.594,1.0,0.0,0.0,0.0,0.0,0.0,0.0,0.0,0.0,1.0,0.0,0.0
572,1.0,0.844444444,1.331,0.501,1.883,0.0,0.0,0.0,1.594,0.0,0.0,0.0,0.0,0.0,0.0,0.0,0.0,0.0,1.0,0.0,0.0
573,1.0,0.0,0.071,0.48,1.314,0.0,0.0,0.0,1.337,0.0,0.0,0.0,0.0,0.0,1.0,0.0,0.0,0.0,1.0,0.0,0.0
574,1.0,0.925925926,-0.93,0.323,0.441,0.0,0.0,0.0,-0.101,1.0,0.0,0.0,0.0,0.0,0.0,0.0,1.0,0.0,0.0,0.0,0.0
575,1.0,0.925925926,-0.93,0.323,0.441,0.0,0.0,0.0,-0.101,0.0,0.0,0.0,0.0,0.0,0.0,1.0,1.0,0.0,0.0,0.0,0.0
576,1.0,0.925925926,-0.607,0.325,0.441,0.0,0.0,0.0,-0.238,1.0,0.0,0.0,0.0,0.0,0.0,0.0,1.0,0.0,0.0,0.0,0.0
577,1.0,0.925925926,-0.607,0.325,0.441,0.0,0.0,0.0,-0.238,0.0,0.0,1.0,0.0,0.0,0.0,0.0,1.0,0.0,0.0,0.0,0.0
578,1.0,0.925925926,-0.607,0.325,0.441,0.0,0.0,0.0,-0.238,0.0,1.0,0.0,0.0,0.0,0.0,0.0,1.0,0.0,0.0,0.0,0.0
579,1.0,0.0,-0.011,0.777,0.879,0.0,0.0,0.0,0.687,0.0,1.0,0.0,0.0,0.0,0.0,0.0,0.0,1.0,0.0,0.0,0.0
581,1.0,0.888888889,0.581,0.355,-0.761,0.0,0.0,0.0,-0.24,0.0,1.0,0.0,0.0,0.0,0.0,0.0,0.0,1.0,0.0,0.0,0.0
582,1.0,0.888888889,0.581,0.357,-0.761,0.0,0.0,0.0,-0.24,0.0,0.0,0.0,0.0,0.0,0.0,1.0,1.0,0.0,0.0,0.0,0.0
583,1.0,0.888888889,0.581,0.357,-0.761,0.0,0.0,0.0,-0.24,0.0,1.0,0.0,0.0,0.0,0.0,0.0,0.0,0.0,0.0,0.0,1.0
584,1.0,0.888888889,0.581,0.357,-0.761,0.0,0.0,0.0,-0.24,0.0,0.0,0.0,0.0,0.0,1.0,0.0,1.0,0.0,0.0,0.0,0.0
585,1.0,0.888888889,0.581,0.357,-0.761,0.0,0.0,0.0,-0.24,1.0,0.0,0.0,0.0,0.0,0.0,0.0,1.0,0.0,0.0,0.0,0.0
586,1.0,0.888888889,0.581,0.357,-0.761,0.0,0.0,0.0,-0.24,0.0,0.0,0.0,0.0,0.0,0.0,1.0,1.0,0.0,0.0,0.0,0.0
587,1.0,0.888888889,0.581,0.357,-0.761,0.0,0.0,0.0,-0.24,0.0,0.0,1.0,0.0,0.0,0.0,0.0,1.0,0.0,0.0,0.0,0.0
588,1.0,0.888888889,0.581,0.357,-0.761,0.0,0.0,0.0,-0.24,1.0,0.0,0.0,0.0,0.0,0.0,0.0,1.0,0.0,0.0,0.0,0.0
589,1.0,0.888888889,0.581,0.357,-0.761,0.0,0.0,0.0,-0.24,0.0,0.0,1.0,0.0,0.0,0.0,0.0,1.0,0.0,0.0,0.0,0.0
590,1.0,0.888888889,0.581,0.357,-0.761,0.0,0.0,0.0,-0.24,0.0,1.0,0.0,0.0,0.0,0.0,0.0,0.0,1.0,0.0,0.0,0.0
591,1.0,0.888888889,0.323,0.37,-0.484,0.0,0.0,0.0,-0.176,1.0,0.0,0.0,0.0,0.0,0.0,0.0,1.0,0.0,0.0,0.0,0.0
595,1.0,0.0,1.347,0.481,1.421,0.0,0.0,0.0,0.586,0.0,0.0,0.0,1.0,0.0,0.0,0.0,0.0,0.0,1.0,0.0,0.0
596,1.0,0.0,1.347,0.481,1.421,0.0,0.0,0.0,0.586,0.0,0.0,0.0,1.0,0.0,0.0,0.0,0.0,0.0,1.0,0.0,0.0
597,1.0,0.0,1.347,0.506,1.421,0.0,0.0,0.0,0.586,0.0,0.0,0.0,1.0,0.0,0.0,0.0,0.0,0.0,0.0,0.0,0.0
598,1.0,0.968253968,1.347,0.554,1.421,0.0,0.0,0.0,0.677,0.0,0.0,0.0,1.0,0.0,0.0,0.0,0.0,0.0,1.0,0.0,0.0
599,1.0,0.968253968,1.347,0.556,1.421,0.0,0.0,0.0,0.879,0.0,0.0,0.0,1.0,0.0,0.0,0.0,0.0,0.0,0.0,0.0,0.0
600,1.0,0.968253968,1.347,0.556,1.421,0.0,0.0,0.0,0.879,1.0,0.0,0.0,0.0,0.0,0.0,0.0,0.0,0.0,1.0,0.0,0.0
603,1.0,0.968253968,1.838,0.488,1.421,0.0,0.0,0.0,0.842,1.0,0.0,0.0,0.0,0.0,0.0,0.0,1.0,0.0,0.0,0.0,0.0
605,1.0,0.968253968,1.838,0.49,1.421,0.0,0.0,0.0,0.489,0.0,0.0,0.0,0.0,1.0,0.0,0.0,0.0,0.0,1.0,0.0,0.0
607,1.0,0.0,-0.494,0.466,1.579,0.0,0.0,0.0,-0.141,0.0,1.0,0.0,0.0,0.0,0.0,0.0,1.0,0.0,0.0,0.0,0.0
608,1.0,0.0,-0.381,0.47,1.579,0.0,0.0,1.0,0.697,1.0,0.0,0.0,0.0,0.0,0.0,0.0,0.0,0.0,1.0,0.0,0.0
609,1.0,0.0,-0.381,0.47,1.579,0.0,0.0,0.0,-0.164,1.0,0.0,0.0,0.0,1.0,0.0,0.0,1.0,0.0,0.0,0.0,0.0
610,1.0,0.0,-0.292,0.419,1.757,0.0,0.0,0.0,-0.164,1.0,0.0,0.0,0.0,0.0,0.0,0.0,0.0,0.0,1.0,0.0,0.0
611,1.0,0.0,0.074,0.368,1.757,0.0,0.0,0.0,-0.41,0.0,1.0,0.0,0.0,0.0,0.0,0.0,0.0,0.0,0.0,0.0,1.0
612,1.0,0.0,0.074,0.368,1.757,0.0,0.0,0.0,-0.41,0.0,1.0,0.0,0.0,0.0,0.0,0.0,0.0,0.0,1.0,0.0,0.0
614,1.0,0.0,0.019,0.521,1.821,0.0,0.0,1.0,0.94,1.0,0.0,0.0,0.0,0.0,0.0,0.0,0.0,0.0,1.0,0.0,0.0
615,1.0,0.0,0.019,0.521,1.821,0.0,0.0,0.0,0.597,1.0,0.0,0.0,0.0,0.0,0.0,0.0,0.0,0.0,0.0,0.0,0.0
616,1.0,-0.037037037,0.019,0.411,1.821,0.0,0.0,1.0,0.224,1.0,0.0,0.0,0.0,0.0,0.0,0.0,1.0,0.0,0.0,0.0,0.0
619,1.0,0.401234568,-2.868,0.694,1.76,0.0,1.0,1.0,-0.293,1.0,0.0,0.0,0.0,0.0,0.0,0.0,0.0,0.0,1.0,0.0,0.0
620,1.0,0.401234568,-1.871,0.587,1.76,0.0,1.0,0.0,0.963,1.0,0.0,0.0,0.0,0.0,0.0,0.0,1.0,0.0,0.0,0.0,0.0
622,1.0,0.401234568,-1.622,0.578,1.76,0.0,1.0,1.0,-0.433,1.0,0.0,0.0,0.0,0.0,0.0,0.0,1.0,0.0,0.0,0.0,0.0
624,1.0,0.0,-0.047,0.414,1.667,1.0,0.0,0.0,0.374,0.0,1.0,0.0,0.0,0.0,0.0,0.0,0.0,1.0,0.0,0.0,0.0
625,1.0,0.0,-0.047,0.414,1.667,1.0,0.0,0.0,0.374,0.0,0.0,1.0,0.0,0.0,0.0,0.0,1.0,0.0,0.0,0.0,0.0
626,1.0,0.170940171,-0.821,0.403,1.667,1.0,0.0,0.0,0.132,1.0,0.0,0.0,0.0,0.0,0.0,0.0,1.0,0.0,0.0,0.0,0.0
627,1.0,0.170940171,-0.821,0.403,1.667,1.0,0.0,0.0,0.132,0.0,0.0,0.0,0.0,0.0,0.0,1.0,0.0,0.0,0.0,0.0,1.0
628,1.0,0.170940171,-0.821,0.403,1.667,1.0,0.0,0.0,0.132,0.0,0.0,0.0,0.0,0.0,1.0,0.0,1.0,0.0,0.0,0.0,0.0
630,1.0,0.0,1.575,0.764,1.237,0.0,0.0,0.0,0.909,0.0,1.0,0.0,0.0,1.0,0.0,0.0,1.0,0.0,0.0,0.0,0.0
631,1.0,0.0,1.575,0.764,1.237,0.0,0.0,1.0,1.392,0.0,0.0,0.0,1.0,0.0,0.0,0.0,0.0,0.0,0.0,0.0,0.0
632,1.0,0.0,1.575,0.764,1.237,0.0,0.0,1.0,1.392,0.0,0.0,0.0,0.0,0.0,0.0,1.0,0.0,0.0,0.0,0.0,0.0
633,1.0,0.0,1.575,0.764,1.237,0.0,0.0,0.0,0.909,0.0,0.0,0.0,1.0,0.0,0.0,0.0,0.0,0.0,1.0,0.0,0.0
634,1.0,0.0,1.575,0.764,1.237,0.0,0.0,0.0,0.909,0.0,0.0,0.0,0.0,0.0,0.0,0.0,0.0,0.0,0.0,0.0,0.0
635,1.0,0.0,1.575,0.778,1.237,0.0,0.0,1.0,1.392,0.0,0.0,0.0,1.0,0.0,0.0,0.0,0.0,0.0,0.0,0.0,0.0
636,1.0,0.0,1.575,0.779,1.237,0.0,0.0,1.0,1.392,0.0,0.0,0.0,0.0,0.0,0.0,0.0,0.0,1.0,0.0,0.0,0.0
637,1.0,0.0,1.575,0.775,1.237,0.0,0.0,0.0,1.28,0.0,1.0,0.0,0.0,0.0,0.0,0.0,0.0,0.0,1.0,0.0,0.0
638,1.0,0.0,1.575,0.775,1.237,0.0,0.0,1.0,1.392,0.0,0.0,0.0,1.0,0.0,0.0,0.0,0.0,0.0,1.0,0.0,0.0
639,1.0,0.0,1.575,0.778,1.237,0.0,0.0,1.0,1.392,0.0,0.0,0.0,0.0,0.0,0.0,0.0,1.0,0.0,0.0,0.0,0.0
640,1.0,0.0,1.575,0.778,1.237,0.0,0.0,0.0,1.28,0.0,0.0,0.0,0.0,0.0,0.0,1.0,1.0,0.0,0.0,0.0,0.0
641,1.0,0.0,1.575,0.778,1.237,0.0,0.0,0.0,1.28,0.0,1.0,0.0,0.0,0.0,0.0,0.0,0.0,1.0,0.0,0.0,0.0
642,1.0,0.0,1.575,0.778,1.237,0.0,0.0,0.0,1.28,0.0,0.0,0.0,1.0,0.0,0.0,0.0,0.0,0.0,0.0,0.0,0.0
643,1.0,0.0,1.575,0.777,1.237,0.0,0.0,0.0,1.28,0.0,0.0,0.0,1.0,0.0,0.0,0.0,0.0,0.0,1.0,0.0,0.0
644,1.0,0.0,0.591,0.765,1.237,0.0,0.0,0.0,1.494,0.0,1.0,0.0,0.0,0.0,0.0,0.0,1.0,0.0,0.0,0.0,0.0
645,1.0,0.0,0.591,0.765,1.237,0.0,0.0,0.0,1.494,0.0,0.0,0.0,0.0,0.0,0.0,0.0,1.0,0.0,0.0,0.0,0.0
646,1.0,0.0,0.591,0.765,1.237,0.0,0.0,0.0,1.494,0.0,1.0,0.0,0.0,0.0,0.0,0.0,0.0,0.0,1.0,0.0,0.0
647,1.0,0.0,0.591,0.765,1.237,0.0,0.0,0.0,1.494,0.0,0.0,0.0,1.0,0.0,0.0,0.0,0.0,0.0,1.0,0.0,0.0
648,1.0,0.0,0.591,0.758,1.237,0.0,0.0,0.0,1.494,0.0,1.0,0.0,0.0,0.0,0.0,0.0,0.0,1.0,0.0,0.0,0.0
649,1.0,0.0,0.591,0.758,1.237,0.0,0.0,1.0,1.554,0.0,1.0,0.0,0.0,0.0,0.0,0.0,0.0,0.0,1.0,0.0,0.0
650,1.0,0.0,0.591,0.755,1.237,0.0,0.0,1.0,1.554,0.0,0.0,0.0,0.0,1.0,0.0,0.0,0.0,0.0,1.0,0.0,0.0
651,1.0,0.0,0.591,0.755,1.237,0.0,0.0,1.0,1.554,0.0,0.0,0.0,1.0,0.0,0.0,0.0,0.0,0.0,0.0,0.0,0.0
652,1.0,0.0,0.591,0.755,1.237,0.0,0.0,0.0,1.494,0.0,0.0,0.0,0.0,1.0,0.0,0.0,0.0,0.0,0.0,0.0,0.0
653,1.0,0.0,0.591,0.752,1.237,0.0,0.0,0.0,1.494,0.0,1.0,0.0,0.0,0.0,0.0,0.0,0.0,0.0,0.0,0.0,0.0
654,1.0,0.0,0.845,0.738,1.237,0.0,0.0,1.0,1.554,0.0,0.0,0.0,0.0,0.0,1.0,0.0,1.0,0.0,0.0,0.0,0.0
655,1.0,0.0,0.845,0.738,1.237,0.0,0.0,1.0,1.554,0.0,0.0,0.0,1.0,0.0,0.0,0.0,0.0,0.0,1.0,0.0,0.0
656,1.0,0.0,0.845,0.738,1.237,0.0,0.0,0.0,1.494,0.0,0.0,0.0,0.0,1.0,0.0,0.0,0.0,0.0,1.0,0.0,0.0
657,1.0,0.0,0.636,0.747,1.237,0.0,0.0,0.0,1.494,1.0,0.0,0.0,0.0,0.0,0.0,0.0,0.0,0.0,0.0,0.0,0.0
658,1.0,0.0,0.636,0.747,1.237,0.0,0.0,0.0,1.494,1.0,0.0,0.0,0.0,0.0,0.0,0.0,0.0,0.0,1.0,0.0,0.0
659,1.0,0.0,0.636,0.747,1.237,0.0,0.0,1.0,1.869,0.0,0.0,0.0,0.0,0.0,1.0,0.0,0.0,0.0,1.0,0.0,0.0
660,1.0,0.0,0.685,0.727,1.237,0.0,0.0,0.0,1.377,0.0,0.0,0.0,0.0,0.0,1.0,0.0,0.0,0.0,1.0,0.0,0.0
661,1.0,0.0,0.685,0.727,1.237,0.0,0.0,1.0,1.869,1.0,0.0,0.0,0.0,0.0,0.0,0.0,0.0,0.0,0.0,0.0,0.0
662,1.0,0.0,0.685,0.727,1.237,0.0,0.0,1.0,1.869,0.0,0.0,1.0,0.0,0.0,0.0,0.0,1.0,0.0,0.0,0.0,0.0
663,1.0,0.0,0.685,0.727,1.237,0.0,0.0,0.0,1.377,0.0,0.0,0.0,1.0,0.0,0.0,0.0,0.0,0.0,1.0,0.0,0.0
664,1.0,0.0,0.685,0.727,1.237,0.0,0.0,0.0,1.377,1.0,0.0,0.0,0.0,0.0,0.0,0.0,0.0,0.0,0.0,0.0,0.0
665,1.0,0.259259259,1.329,0.719,1.237,0.0,0.0,0.0,1.377,0.0,1.0,0.0,0.0,0.0,0.0,0.0,0.0,1.0,0.0,0.0,0.0
666,1.0,0.259259259,1.329,0.719,1.237,0.0,0.0,1.0,1.869,1.0,0.0,0.0,0.0,0.0,0.0,0.0,0.0,0.0,1.0,0.0,0.0
668,1.0,0.259259259,1.329,0.719,1.237,0.0,0.0,0.0,1.377,1.0,0.0,0.0,0.0,0.0,0.0,0.0,1.0,0.0,0.0,0.0,0.0
669,1.0,0.259259259,1.329,0.719,1.237,0.0,0.0,0.0,1.377,0.0,0.0,0.0,0.0,1.0,0.0,0.0,0.0,0.0,0.0,1.0,0.0
670,1.0,0.259259259,1.027,0.725,1.237,0.0,0.0,0.0,1.377,0.0,0.0,0.0,1.0,0.0,0.0,0.0,0.0,0.0,0.0,0.0,0.0
671,1.0,0.259259259,1.027,0.725,1.237,0.0,0.0,0.0,1.377,0.0,0.0,0.0,0.0,0.0,1.0,0.0,0.0,0.0,1.0,0.0,0.0
672,1.0,0.259259259,1.027,0.725,1.237,0.0,0.0,1.0,1.869,1.0,0.0,1.0,0.0,0.0,0.0,0.0,1.0,0.0,0.0,0.0,0.0
673,1.0,0.259259259,1.027,0.725,1.237,0.0,0.0,1.0,1.869,0.0,0.0,1.0,0.0,0.0,0.0,0.0,1.0,0.0,0.0,0.0,0.0
674,1.0,0.259259259,0.221,0.718,1.237,0.0,0.0,0.0,2.031,0.0,1.0,0.0,0.0,0.0,0.0,0.0,0.0,0.0,0.0,0.0,0.0
675,1.0,0.259259259,0.221,0.718,1.237,0.0,0.0,0.0,2.031,0.0,0.0,0.0,0.0,0.0,0.0,1.0,0.0,0.0,0.0,0.0,0.0
676,1.0,0.259259259,0.221,0.718,1.237,0.0,0.0,0.0,2.031,0.0,1.0,0.0,0.0,0.0,0.0,0.0,0.0,1.0,0.0,0.0,0.0
677,1.0,0.0,0.582,0.493,1.111,0.0,0.0,0.0,0.994,0.0,1.0,0.0,0.0,0.0,0.0,0.0,1.0,0.0,0.0,0.0,0.0
678,1.0,0.0,0.607,0.162,0.773,0.0,0.0,0.0,-0.38,1.0,0.0,0.0,0.0,0.0,0.0,0.0,1.0,0.0,0.0,0.0,0.0
679,1.0,0.0,0.607,0.162,0.773,0.0,0.0,0.0,-0.38,0.0,0.0,0.0,0.0,0.0,0.0,0.0,1.0,0.0,0.0,0.0,0.0
680,1.0,0.0,0.607,0.162,0.773,0.0,0.0,0.0,-0.38,1.0,0.0,0.0,0.0,0.0,0.0,0.0,1.0,0.0,0.0,0.0,0.0
681,1.0,0.0,0.607,0.162,0.773,0.0,0.0,0.0,-0.38,1.0,0.0,0.0,0.0,0.0,0.0,0.0,1.0,0.0,0.0,0.0,0.0
682,1.0,0.0,0.607,0.162,0.773,0.0,0.0,0.0,-0.38,0.0,0.0,0.0,0.0,0.0,0.0,1.0,1.0,0.0,0.0,0.0,0.0
683,1.0,0.0,0.607,0.162,0.773,0.0,0.0,0.0,-0.38,0.0,0.0,0.0,0.0,0.0,0.0,1.0,1.0,0.0,0.0,0.0,0.0
684,1.0,0.0,0.607,0.162,0.773,0.0,0.0,0.0,-0.38,0.0,0.0,0.0,0.0,1.0,0.0,0.0,1.0,0.0,0.0,0.0,0.0
685,1.0,0.0,0.607,0.162,0.773,0.0,0.0,0.0,-0.38,0.0,0.0,0.0,0.0,0.0,0.0,0.0,1.0,0.0,0.0,0.0,0.0
686,1.0,0.0,0.607,0.162,0.773,0.0,0.0,0.0,-0.38,1.0,0.0,0.0,0.0,0.0,0.0,0.0,1.0,0.0,0.0,0.0,0.0
687,1.0,0.0,0.607,0.162,0.773,0.0,0.0,0.0,-0.38,0.0,0.0,0.0,0.0,1.0,0.0,0.0,0.0,0.0,1.0,0.0,0.0
688,1.0,0.0,0.607,0.162,0.773,0.0,0.0,1.0,0.632,1.0,0.0,0.0,0.0,0.0,0.0,0.0,1.0,0.0,0.0,0.0,0.0
689,1.0,0.0,0.607,0.162,0.773,0.0,0.0,0.0,-0.38,1.0,0.0,0.0,0.0,0.0,0.0,0.0,0.0,1.0,0.0,0.0,0.0
690,1.0,0.0,0.607,0.16,0.665,0.0,0.0,0.0,-0.77,1.0,0.0,0.0,0.0,0.0,0.0,0.0,1.0,0.0,0.0,0.0,0.0
691,1.0,0.0,0.937,0.154,0.665,0.0,0.0,0.0,-0.661,1.0,1.0,0.0,0.0,0.0,0.0,0.0,1.0,0.0,0.0,0.0,0.0
713,1.0,0.0,-2.521,0.469,1.486,0.0,1.0,1.0,1.459,1.0,0.0,0.0,0.0,0.0,0.0,0.0,0.0,0.0,1.0,0.0,0.0
714,1.0,0.0,-2.521,0.469,1.486,0.0,1.0,1.0,1.459,1.0,0.0,0.0,0.0,0.0,0.0,0.0,0.0,0.0,1.0,0.0,0.0
715,1.0,0.0,-2.521,0.469,1.486,0.0,1.0,1.0,1.459,1.0,0.0,0.0,0.0,0.0,0.0,0.0,0.0,0.0,1.0,0.0,0.0
719,1.0,0.0,-2.257,0.426,1.486,0.0,1.0,1.0,1.151,0.0,0.0,1.0,0.0,0.0,0.0,0.0,1.0,0.0,0.0,0.0,0.0
721,1.0,0.0,-2.257,0.426,1.486,0.0,1.0,0.0,0.501,0.0,0.0,0.0,0.0,0.0,0.0,0.0,0.0,1.0,0.0,0.0,0.0
722,1.0,0.0,-2.257,0.426,1.486,0.0,1.0,1.0,1.151,0.0,0.0,0.0,0.0,1.0,0.0,0.0,0.0,0.0,1.0,0.0,0.0
723,1.0,0.0,-2.257,0.426,1.486,0.0,1.0,1.0,1.151,0.0,0.0,0.0,0.0,1.0,0.0,0.0,1.0,0.0,0.0,0.0,0.0
724,1.0,0.0,-2.257,0.426,1.486,0.0,1.0,1.0,1.151,0.0,1.0,0.0,0.0,0.0,0.0,0.0,0.0,1.0,0.0,0.0,0.0
726,1.0,0.0,-2.257,0.426,1.486,0.0,1.0,1.0,1.151,0.0,1.0,0.0,0.0,0.0,0.0,0.0,1.0,0.0,0.0,0.0,0.0
727,1.0,0.0,-1.982,0.388,1.486,0.0,1.0,0.0,0.501,0.0,1.0,0.0,0.0,0.0,0.0,0.0,0.0,1.0,0.0,0.0,0.0
728,1.0,0.0,-1.982,0.388,1.486,0.0,1.0,0.0,0.501,1.0,0.0,0.0,0.0,0.0,0.0,0.0,1.0,0.0,0.0,0.0,0.0
730,1.0,0.0,-1.982,0.388,1.486,0.0,1.0,1.0,1.052,1.0,0.0,0.0,0.0,0.0,0.0,0.0,0.0,1.0,0.0,0.0,0.0
735,1.0,0.0,-2.6,0.295,0.245,0.0,1.0,1.0,0.156,0.0,0.0,0.0,0.0,0.0,0.0,0.0,1.0,0.0,0.0,0.0,0.0
736,1.0,0.0,-2.6,0.295,0.245,0.0,1.0,1.0,0.156,1.0,0.0,0.0,0.0,0.0,0.0,0.0,1.0,0.0,0.0,0.0,0.0
738,1.0,1.0,-1.36,0.292,1.25,0.0,1.0,1.0,0.093,1.0,0.0,0.0,0.0,0.0,0.0,0.0,0.0,1.0,0.0,0.0,0.0
743,1.0,1.0,-1.36,0.285,1.455,0.0,1.0,1.0,0.131,1.0,0.0,0.0,0.0,0.0,0.0,0.0,0.0,0.0,1.0,0.0,0.0
745,1.0,1.0,-1.36,0.285,1.455,0.0,1.0,1.0,0.131,0.0,1.0,0.0,0.0,0.0,0.0,0.0,1.0,0.0,0.0,0.0,0.0
746,1.0,1.0,-1.36,0.285,1.455,0.0,1.0,1.0,0.131,0.0,0.0,0.0,0.0,0.0,0.0,1.0,1.0,0.0,0.0,0.0,0.0
748,1.0,0.0,-0.13,0.318,1.888,0.0,0.0,0.0,-0.064,0.0,0.0,0.0,1.0,0.0,0.0,0.0,0.0,0.0,1.0,0.0,0.0
749,1.0,0.0,-0.047,0.312,1.888,0.0,0.0,1.0,-0.836,0.0,0.0,0.0,0.0,0.0,0.0,1.0,0.0,0.0,1.0,0.0,0.0
750,1.0,0.0,-0.047,0.312,1.888,0.0,0.0,0.0,-0.101,0.0,0.0,0.0,0.0,0.0,0.0,0.0,0.0,0.0,1.0,0.0,0.0
751,1.0,0.0,-0.047,0.312,1.888,0.0,0.0,0.0,-0.101,0.0,0.0,0.0,0.0,1.0,0.0,0.0,0.0,1.0,0.0,0.0,0.0
752,1.0,0.888888889,0.06,0.285,0.984,0.0,0.0,0.0,-0.956,0.0,0.0,1.0,0.0,0.0,0.0,0.0,0.0,0.0,1.0,0.0,0.0
753,1.0,0.888888889,0.06,0.285,0.984,0.0,0.0,0.0,-0.956,0.0,1.0,0.0,0.0,0.0,0.0,0.0,0.0,0.0,1.0,0.0,0.0
754,1.0,0.0,-0.805,0.554,2.009,1.0,0.0,0.0,1.336,0.0,1.0,0.0,0.0,0.0,0.0,0.0,0.0,0.0,0.0,0.0,0.0
755,1.0,0.0,-0.065,0.679,2.009,1.0,0.0,1.0,1.875,0.0,1.0,0.0,0.0,0.0,0.0,0.0,0.0,1.0,0.0,0.0,0.0
756,1.0,0.0,-0.065,0.679,2.009,1.0,0.0,1.0,1.875,0.0,0.0,0.0,0.0,0.0,1.0,0.0,0.0,0.0,1.0,0.0,0.0
757,1.0,0.0,-0.826,0.718,2.009,1.0,0.0,1.0,2.327,0.0,1.0,0.0,0.0,0.0,0.0,0.0,0.0,1.0,0.0,0.0,0.0
758,1.0,0.0,-0.826,0.718,2.009,1.0,0.0,1.0,2.327,0.0,0.0,1.0,0.0,0.0,0.0,1.0,1.0,0.0,0.0,0.0,0.0
759,1.0,0.0,-0.826,0.724,2.009,1.0,0.0,1.0,2.327,0.0,1.0,0.0,0.0,0.0,0.0,0.0,0.0,1.0,0.0,0.0,0.0
760,1.0,0.0,0.67,0.782,2.009,1.0,0.0,1.0,2.327,0.0,0.0,0.0,0.0,0.0,0.0,1.0,0.0,0.0,0.0,0.0,0.0
761,1.0,0.0,0.67,0.791,2.009,1.0,0.0,1.0,2.327,0.0,0.0,0.0,0.0,0.0,0.0,1.0,0.0,0.0,0.0,0.0,0.0
762,1.0,0.0,0.67,0.834,2.009,1.0,0.0,1.0,2.327,0.0,1.0,0.0,0.0,0.0,0.0,0.0,1.0,0.0,0.0,0.0,0.0
763,1.0,0.0,0.67,0.832,2.009,1.0,0.0,1.0,2.327,0.0,0.0,0.0,0.0,1.0,0.0,0.0,0.0,0.0,1.0,0.0,0.0
764,1.0,0.0,-0.059,0.855,2.009,1.0,0.0,1.0,2.327,0.0,1.0,0.0,0.0,0.0,0.0,0.0,0.0,0.0,1.0,0.0,0.0
765,1.0,0.0,-0.059,0.857,2.009,1.0,0.0,1.0,2.327,0.0,0.0,0.0,0.0,0.0,0.0,0.0,0.0,0.0,1.0,0.0,0.0
766,1.0,0.0,-0.059,0.862,2.009,1.0,0.0,1.0,2.327,0.0,1.0,0.0,0.0,0.0,0.0,0.0,0.0,1.0,0.0,0.0,0.0
767,1.0,0.0,-0.059,0.867,2.009,1.0,0.0,1.0,2.327,0.0,0.0,0.0,0.0,0.0,0.0,1.0,1.0,0.0,0.0,0.0,0.0
768,1.0,0.0,-0.059,0.867,2.009,1.0,0.0,1.0,2.327,0.0,0.0,0.0,0.0,0.0,0.0,1.0,0.0,0.0,1.0,0.0,0.0
769,1.0,0.0,-0.059,0.868,2.009,1.0,0.0,0.0,1.454,0.0,0.0,0.0,0.0,0.0,0.0,0.0,0.0,0.0,0.0,0.0,0.0
770,1.0,0.0,-0.059,0.869,2.009,1.0,0.0,1.0,2.327,1.0,0.0,0.0,0.0,0.0,0.0,0.0,0.0,0.0,1.0,0.0,0.0
771,1.0,0.0,-0.059,0.828,2.009,1.0,0.0,1.0,2.327,1.0,0.0,0.0,0.0,0.0,0.0,0.0,0.0,0.0,1.0,0.0,0.0
772,1.0,0.0,-0.307,0.829,2.009,1.0,0.0,1.0,2.327,1.0,0.0,0.0,0.0,0.0,0.0,0.0,0.0,0.0,1.0,0.0,0.0
773,1.0,0.0,-0.307,0.829,2.009,1.0,0.0,0.0,1.862,0.0,0.0,0.0,0.0,0.0,0.0,1.0,0.0,0.0,1.0,0.0,0.0
774,1.0,0.0,-0.307,0.862,2.009,1.0,0.0,0.0,1.862,1.0,0.0,0.0,0.0,0.0,0.0,0.0,1.0,0.0,0.0,0.0,0.0
775,1.0,0.0,-0.307,0.9,2.009,1.0,0.0,1.0,2.327,0.0,0.0,0.0,0.0,0.0,0.0,1.0,0.0,0.0,1.0,0.0,0.0
776,1.0,0.0,0.276,0.9,2.009,1.0,0.0,1.0,2.522,0.0,0.0,0.0,1.0,0.0,0.0,0.0,0.0,0.0,1.0,0.0,0.0
777,1.0,0.0,0.276,0.896,2.009,1.0,0.0,0.0,2.002,1.0,0.0,0.0,0.0,0.0,0.0,0.0,0.0,0.0,0.0,0.0,0.0
778,1.0,0.0,0.276,0.896,2.009,1.0,0.0,1.0,2.522,0.0,0.0,1.0,0.0,0.0,0.0,0.0,1.0,0.0,0.0,0.0,0.0
779,1.0,0.0,0.276,0.896,2.009,1.0,0.0,0.0,2.002,0.0,1.0,0.0,0.0,0.0,0.0,0.0,0.0,0.0,1.0,0.0,0.0
780,1.0,0.0,0.276,0.896,2.009,1.0,0.0,0.0,2.002,0.0,1.0,0.0,0.0,0.0,0.0,0.0,1.0,0.0,0.0,0.0,0.0
781,1.0,0.0,0.276,0.896,2.009,1.0,0.0,0.0,2.002,0.0,1.0,0.0,0.0,0.0,0.0,0.0,0.0,0.0,1.0,0.0,0.0
782,1.0,0.0,0.276,0.896,2.009,1.0,0.0,1.0,2.522,1.0,0.0,0.0,0.0,0.0,0.0,0.0,0.0,0.0,1.0,0.0,0.0
783,1.0,0.0,0.228,0.905,2.009,1.0,0.0,0.0,2.366,1.0,0.0,0.0,0.0,0.0,0.0,0.0,0.0,0.0,1.0,0.0,0.0
784,1.0,0.0,0.228,0.905,2.009,1.0,0.0,0.0,2.366,0.0,0.0,1.0,0.0,0.0,0.0,0.0,0.0,0.0,1.0,0.0,0.0
785,1.0,0.0,0.228,0.905,2.009,1.0,0.0,0.0,2.366,0.0,0.0,1.0,0.0,0.0,0.0,0.0,0.0,0.0,1.0,0.0,0.0
786,1.0,0.0,0.228,0.905,2.009,1.0,0.0,0.0,2.366,1.0,0.0,0.0,0.0,0.0,0.0,0.0,1.0,0.0,0.0,0.0,0.0
787,1.0,0.0,0.228,0.905,2.009,1.0,0.0,0.0,2.366,0.0,0.0,0.0,1.0,0.0,0.0,0.0,0.0,0.0,1.0,0.0,0.0
788,1.0,0.0,0.228,0.905,2.009,1.0,0.0,0.0,2.366,0.0,0.0,0.0,0.0,0.0,0.0,0.0,0.0,0.0,0.0,0.0,0.0
789,1.0,0.0,0.228,0.905,2.009,1.0,0.0,0.0,2.366,0.0,1.0,0.0,0.0,0.0,0.0,0.0,1.0,0.0,0.0,0.0,0.0
790,1.0,0.0,0.228,0.905,2.009,1.0,0.0,0.0,2.366,1.0,0.0,0.0,0.0,0.0,0.0,0.0,0.0,0.0,0.0,1.0,0.0
791,1.0,0.0,0.228,0.905,2.009,1.0,0.0,1.0,2.634,0.0,0.0,0.0,0.0,0.0,1.0,0.0,0.0,0.0,1.0,0.0,0.0
792,1.0,0.0,0.228,0.905,2.009,1.0,0.0,0.0,2.366,1.0,0.0,0.0,0.0,0.0,0.0,0.0,0.0,0.0,0.0,1.0,0.0
793,1.0,0.0,0.228,0.905,2.009,1.0,0.0,0.0,2.366,1.0,0.0,0.0,0.0,0.0,0.0,0.0,1.0,0.0,0.0,0.0,0.0
794,1.0,0.0,0.228,0.905,2.009,1.0,0.0,0.0,2.366,0.0,0.0,0.0,1.0,0.0,0.0,0.0,0.0,0.0,1.0,0.0,0.0
795,1.0,0.0,0.228,0.905,2.009,1.0,0.0,0.0,2.366,0.0,0.0,0.0,0.0,0.0,0.0,0.0,0.0,0.0,0.0,0.0,0.0
796,1.0,0.0,0.228,0.905,2.009,1.0,0.0,0.0,2.366,0.0,0.0,0.0,0.0,0.0,1.0,0.0,0.0,0.0,1.0,0.0,0.0
797,1.0,0.0,0.228,0.905,2.009,1.0,0.0,0.0,2.366,1.0,0.0,0.0,0.0,0.0,0.0,0.0,0.0,0.0,0.0,0.0,0.0
798,1.0,0.0,0.228,0.905,2.009,1.0,0.0,0.0,2.366,1.0,0.0,0.0,0.0,0.0,0.0,0.0,0.0,0.0,0.0,0.0,1.0
799,1.0,0.0,0.228,0.905,2.009,1.0,0.0,0.0,2.366,0.0,0.0,0.0,0.0,1.0,0.0,1.0,0.0,0.0,1.0,0.0,0.0
800,1.0,0.0,0.228,0.905,2.009,1.0,0.0,0.0,2.366,0.0,1.0,0.0,0.0,0.0,0.0,0.0,0.0,0.0,1.0,0.0,0.0
801,1.0,0.0,0.228,0.905,2.009,1.0,0.0,1.0,2.634,1.0,0.0,0.0,0.0,0.0,0.0,0.0,1.0,0.0,0.0,0.0,0.0
802,1.0,0.0,0.228,0.905,2.009,1.0,0.0,0.0,2.366,0.0,0.0,0.0,0.0,0.0,0.0,1.0,0.0,0.0,0.0,0.0,0.0
803,1.0,0.0,0.228,0.905,2.009,1.0,0.0,1.0,2.634,1.0,0.0,0.0,0.0,0.0,0.0,0.0,1.0,0.0,0.0,0.0,0.0
804,1.0,0.0,0.228,0.905,2.009,1.0,0.0,0.0,2.366,0.0,0.0,0.0,1.0,0.0,0.0,0.0,0.0,0.0,0.0,0.0,1.0
805,1.0,0.0,0.228,0.905,2.009,1.0,0.0,0.0,2.366,1.0,0.0,0.0,0.0,0.0,0.0,0.0,0.0,0.0,0.0,0.0,1.0
806,1.0,0.0,0.228,0.905,2.009,1.0,0.0,1.0,2.634,0.0,0.0,1.0,0.0,0.0,0.0,1.0,0.0,0.0,1.0,0.0,0.0
807,1.0,0.0,0.228,0.905,2.009,1.0,0.0,0.0,2.366,0.0,0.0,0.0,0.0,0.0,0.0,1.0,0.0,0.0,0.0,0.0,0.0
808,1.0,0.0,0.228,0.905,2.009,1.0,0.0,0.0,2.366,0.0,0.0,0.0,1.0,0.0,0.0,0.0,0.0,0.0,1.0,0.0,0.0
809,1.0,0.0,0.228,0.905,2.009,1.0,0.0,0.0,2.366,0.0,1.0,0.0,0.0,0.0,0.0,0.0,1.0,0.0,0.0,0.0,0.0
810,1.0,0.0,0.228,0.905,2.009,1.0,0.0,0.0,2.366,1.0,0.0,0.0,0.0,0.0,0.0,0.0,1.0,0.0,0.0,0.0,0.0
811,1.0,0.0,0.228,0.905,2.009,1.0,0.0,0.0,2.366,0.0,0.0,0.0,0.0,0.0,0.0,1.0,0.0,0.0,1.0,0.0,0.0
812,1.0,0.0,0.228,0.901,2.009,1.0,0.0,0.0,2.366,1.0,0.0,0.0,0.0,0.0,0.0,0.0,0.0,0.0,0.0,1.0,0.0
813,1.0,0.0,0.228,0.901,2.009,1.0,0.0,0.0,2.366,0.0,0.0,1.0,0.0,0.0,0.0,0.0,0.0,0.0,1.0,0.0,0.0
814,1.0,0.0,0.228,0.901,2.009,1.0,0.0,0.0,2.366,0.0,0.0,1.0,0.0,0.0,0.0,0.0,0.0,0.0,1.0,0.0,0.0
815,1.0,0.0,0.228,0.901,2.009,1.0,0.0,0.0,2.366,0.0,0.0,0.0,0.0,0.0,0.0,1.0,0.0,0.0,1.0,0.0,0.0
816,1.0,0.0,0.228,0.901,2.009,1.0,0.0,1.0,2.634,1.0,0.0,0.0,0.0,0.0,0.0,0.0,1.0,0.0,0.0,0.0,0.0
817,1.0,0.0,0.228,0.901,2.009,1.0,0.0,0.0,2.366,0.0,0.0,0.0,0.0,0.0,0.0,1.0,0.0,0.0,1.0,0.0,0.0
818,1.0,0.0,0.228,0.901,2.009,1.0,0.0,0.0,2.366,0.0,0.0,0.0,0.0,0.0,0.0,0.0,0.0,0.0,1.0,0.0,0.0
819,1.0,0.0,0.228,0.901,2.009,1.0,0.0,0.0,2.366,1.0,0.0,0.0,0.0,0.0,0.0,0.0,0.0,0.0,1.0,0.0,0.0
820,1.0,0.0,0.228,0.901,2.009,1.0,0.0,0.0,2.366,0.0,0.0,1.0,0.0,0.0,0.0,1.0,0.0,0.0,1.0,0.0,0.0
821,1.0,0.0,0.228,0.901,2.009,1.0,0.0,0.0,2.366,1.0,0.0,0.0,0.0,0.0,0.0,0.0,0.0,0.0,1.0,0.0,0.0
822,1.0,0.0,0.228,0.901,2.009,1.0,0.0,0.0,2.366,1.0,0.0,0.0,0.0,0.0,0.0,0.0,0.0,0.0,1.0,0.0,0.0
823,1.0,0.0,0.228,0.901,2.009,1.0,0.0,0.0,2.366,1.0,0.0,0.0,0.0,0.0,0.0,0.0,0.0,0.0,1.0,0.0,0.0
824,1.0,0.0,0.228,0.901,2.009,1.0,0.0,0.0,2.366,0.0,0.0,0.0,0.0,0.0,0.0,1.0,0.0,0.0,1.0,0.0,0.0
825,1.0,0.0,0.228,0.901,2.009,1.0,0.0,0.0,2.366,0.0,0.0,0.0,0.0,0.0,0.0,1.0,1.0,0.0,0.0,0.0,0.0
826,1.0,0.0,0.228,0.901,2.009,1.0,0.0,0.0,2.366,0.0,1.0,0.0,0.0,0.0,0.0,0.0,0.0,1.0,0.0,0.0,0.0
827,1.0,0.0,0.228,0.901,2.009,1.0,0.0,0.0,2.366,0.0,1.0,0.0,0.0,0.0,0.0,0.0,0.0,1.0,0.0,0.0,0.0
828,1.0,0.0,0.228,0.901,2.009,1.0,0.0,0.0,2.366,0.0,0.0,0.0,0.0,0.0,0.0,0.0,0.0,0.0,1.0,0.0,0.0
829,1.0,0.0,0.228,0.901,2.009,1.0,0.0,0.0,2.366,1.0,0.0,0.0,0.0,1.0,0.0,0.0,0.0,0.0,0.0,1.0,0.0
830,1.0,0.0,0.228,0.901,2.009,1.0,0.0,0.0,2.366,0.0,0.0,0.0,1.0,0.0,0.0,0.0,0.0,0.0,0.0,0.0,0.0
831,1.0,0.0,0.228,0.901,2.009,1.0,0.0,0.0,2.366,1.0,0.0,0.0,0.0,0.0,0.0,0.0,0.0,0.0,1.0,0.0,0.0
832,1.0,0.0,0.228,0.901,2.009,1.0,0.0,0.0,2.366,1.0,0.0,0.0,0.0,0.0,0.0,0.0,0.0,0.0,1.0,0.0,0.0
833,1.0,0.0,0.228,0.901,2.009,1.0,0.0,1.0,2.634,0.0,0.0,1.0,0.0,0.0,0.0,0.0,1.0,0.0,0.0,0.0,0.0
834,1.0,0.0,0.228,0.901,2.009,1.0,0.0,0.0,2.366,1.0,0.0,0.0,0.0,0.0,0.0,0.0,0.0,0.0,1.0,0.0,0.0
835,1.0,0.0,0.228,0.901,2.009,1.0,0.0,1.0,2.634,0.0,0.0,0.0,0.0,0.0,0.0,1.0,0.0,0.0,0.0,0.0,0.0
836,1.0,0.0,0.228,0.901,2.009,1.0,0.0,0.0,2.366,0.0,0.0,0.0,0.0,0.0,0.0,1.0,0.0,0.0,1.0,0.0,0.0
837,1.0,0.0,0.228,0.901,2.009,1.0,0.0,1.0,2.634,0.0,0.0,0.0,0.0,0.0,0.0,0.0,0.0,0.0,1.0,0.0,0.0
838,1.0,0.0,0.228,0.901,2.009,1.0,0.0,0.0,2.366,1.0,0.0,0.0,0.0,0.0,0.0,0.0,0.0,0.0,1.0,0.0,0.0
839,1.0,0.0,0.228,0.901,2.009,1.0,0.0,0.0,2.366,0.0,0.0,0.0,0.0,0.0,0.0,1.0,0.0,0.0,1.0,0.0,0.0
840,1.0,0.0,0.228,0.901,2.009,1.0,0.0,0.0,2.366,1.0,0.0,0.0,0.0,0.0,0.0,0.0,0.0,0.0,0.0,0.0,0.0
841,1.0,0.0,0.228,0.901,2.009,1.0,0.0,0.0,2.366,1.0,0.0,0.0,0.0,0.0,0.0,0.0,0.0,0.0,0.0,1.0,0.0
842,1.0,0.0,0.228,0.901,2.009,1.0,0.0,0.0,2.366,0.0,0.0,0.0,0.0,0.0,0.0,1.0,0.0,0.0,1.0,0.0,0.0
843,1.0,0.0,0.228,0.901,2.009,1.0,0.0,1.0,2.634,0.0,0.0,0.0,0.0,0.0,0.0,1.0,0.0,0.0,1.0,0.0,0.0
844,1.0,0.0,0.228,0.901,2.009,1.0,0.0,0.0,2.366,1.0,0.0,0.0,0.0,0.0,0.0,0.0,1.0,0.0,0.0,0.0,0.0
845,1.0,0.0,0.228,0.901,2.009,1.0,0.0,0.0,2.366,0.0,0.0,1.0,0.0,0.0,0.0,0.0,0.0,0.0,1.0,0.0,0.0
846,1.0,0.0,0.228,0.901,2.009,1.0,0.0,0.0,2.366,0.0,0.0,0.0,0.0,0.0,0.0,0.0,0.0,0.0,1.0,0.0,0.0
847,1.0,0.0,0.228,0.901,2.009,1.0,0.0,0.0,2.366,1.0,0.0,0.0,0.0,0.0,0.0,0.0,0.0,1.0,0.0,0.0,0.0
848,1.0,0.0,0.228,0.901,2.009,1.0,0.0,1.0,2.634,0.0,0.0,0.0,1.0,0.0,0.0,0.0,0.0,0.0,1.0,0.0,0.0
849,1.0,0.0,0.228,0.901,2.009,1.0,0.0,0.0,2.366,1.0,0.0,0.0,0.0,0.0,0.0,0.0,0.0,0.0,0.0,0.0,0.0
850,1.0,0.0,0.228,0.901,2.009,1.0,0.0,0.0,2.366,0.0,1.0,0.0,0.0,0.0,0.0,0.0,0.0,1.0,0.0,0.0,0.0
851,1.0,0.0,0.228,0.901,2.009,1.0,0.0,0.0,2.366,0.0,0.0,0.0,0.0,0.0,0.0,1.0,0.0,0.0,1.0,0.0,0.0
852,1.0,0.0,0.228,0.901,2.009,1.0,0.0,0.0,2.366,1.0,0.0,0.0,0.0,0.0,0.0,0.0,1.0,0.0,0.0,0.0,0.0
853,1.0,0.0,0.228,0.901,2.009,1.0,0.0,0.0,2.366,0.0,0.0,0.0,1.0,0.0,0.0,0.0,0.0,0.0,1.0,0.0,0.0
854,1.0,0.0,0.228,0.901,2.009,1.0,0.0,0.0,2.366,1.0,0.0,0.0,0.0,0.0,0.0,0.0,0.0,0.0,1.0,0.0,0.0
855,1.0,0.0,0.228,0.901,2.009,1.0,0.0,0.0,2.366,0.0,0.0,0.0,1.0,0.0,0.0,0.0,0.0,0.0,1.0,0.0,0.0
856,1.0,0.0,0.228,0.901,2.009,1.0,0.0,0.0,2.366,1.0,0.0,0.0,0.0,0.0,0.0,0.0,1.0,0.0,0.0,0.0,0.0
857,1.0,0.0,0.228,0.901,2.009,1.0,0.0,0.0,2.366,0.0,0.0,0.0,0.0,0.0,0.0,1.0,0.0,0.0,0.0,0.0,0.0
858,1.0,0.0,0.228,0.901,2.009,1.0,0.0,0.0,2.366,0.0,0.0,0.0,0.0,0.0,0.0,1.0,0.0,0.0,0.0,0.0,0.0
859,1.0,0.0,0.228,0.901,2.009,1.0,0.0,0.0,2.366,0.0,0.0,0.0,0.0,1.0,0.0,0.0,0.0,0.0,1.0,0.0,0.0
860,1.0,0.0,0.228,0.9,2.009,1.0,0.0,0.0,2.366,0.0,0.0,0.0,0.0,0.0,0.0,1.0,0.0,0.0,1.0,0.0,0.0
861,1.0,0.0,0.228,0.9,2.009,1.0,0.0,0.0,2.366,1.0,0.0,0.0,0.0,1.0,0.0,0.0,0.0,1.0,0.0,0.0,0.0
862,1.0,0.0,0.228,0.9,2.009,1.0,0.0,1.0,2.634,0.0,0.0,0.0,0.0,0.0,0.0,1.0,0.0,0.0,1.0,0.0,0.0
863,1.0,0.0,0.228,0.9,2.009,1.0,0.0,0.0,2.366,1.0,0.0,0.0,0.0,0.0,0.0,0.0,1.0,0.0,0.0,0.0,0.0
864,1.0,0.0,0.228,0.9,2.009,1.0,0.0,0.0,2.366,1.0,0.0,0.0,0.0,0.0,0.0,0.0,0.0,0.0,1.0,0.0,0.0
865,1.0,0.0,0.228,0.9,2.009,1.0,0.0,0.0,2.366,1.0,0.0,0.0,0.0,0.0,0.0,0.0,0.0,0.0,0.0,1.0,0.0
866,1.0,0.0,0.228,0.9,2.009,1.0,0.0,0.0,2.366,0.0,0.0,1.0,0.0,0.0,0.0,0.0,0.0,0.0,1.0,0.0,0.0
867,1.0,0.0,0.228,0.9,2.009,1.0,0.0,0.0,2.366,0.0,0.0,0.0,0.0,0.0,1.0,0.0,1.0,0.0,0.0,0.0,0.0
868,1.0,0.0,0.228,0.9,2.009,1.0,0.0,0.0,2.366,1.0,0.0,0.0,0.0,0.0,0.0,0.0,1.0,0.0,0.0,0.0,0.0
869,1.0,0.0,0.228,0.9,2.009,1.0,0.0,0.0,2.366,0.0,0.0,1.0,0.0,0.0,0.0,0.0,0.0,0.0,1.0,0.0,0.0
870,1.0,0.0,0.228,0.9,2.009,1.0,0.0,0.0,2.366,0.0,0.0,0.0,0.0,0.0,0.0,1.0,0.0,0.0,0.0,0.0,0.0
871,1.0,0.0,0.228,0.885,2.009,1.0,0.0,0.0,2.645,1.0,0.0,0.0,0.0,0.0,0.0,0.0,0.0,0.0,1.0,0.0,0.0
872,1.0,0.0,0.228,0.885,2.009,1.0,0.0,0.0,2.645,1.0,1.0,0.0,0.0,0.0,0.0,0.0,0.0,0.0,0.0,0.0,0.0
873,1.0,0.0,0.228,0.885,2.009,1.0,0.0,0.0,2.645,0.0,0.0,0.0,0.0,1.0,0.0,0.0,0.0,0.0,1.0,0.0,0.0
874,1.0,0.0,0.228,0.885,2.009,1.0,0.0,0.0,2.645,1.0,0.0,0.0,0.0,0.0,0.0,0.0,1.0,0.0,0.0,0.0,0.0
875,1.0,0.0,0.228,0.885,2.009,1.0,0.0,0.0,2.645,0.0,0.0,0.0,0.0,0.0,0.0,1.0,1.0,0.0,0.0,0.0,0.0
876,1.0,0.0,0.228,0.885,2.009,1.0,0.0,0.0,2.645,0.0,1.0,0.0,0.0,1.0,0.0,0.0,0.0,0.0,1.0,0.0,0.0
877,1.0,0.0,0.228,0.885,2.009,1.0,0.0,0.0,2.645,0.0,0.0,0.0,0.0,0.0,0.0,0.0,0.0,0.0,1.0,0.0,0.0
878,1.0,0.0,0.228,0.885,2.009,1.0,0.0,1.0,2.634,1.0,0.0,0.0,0.0,0.0,0.0,0.0,0.0,0.0,1.0,0.0,0.0
879,1.0,0.0,0.228,0.885,2.009,1.0,0.0,0.0,2.645,0.0,0.0,0.0,0.0,0.0,1.0,0.0,0.0,0.0,0.0,0.0,0.0
880,1.0,0.0,0.228,0.885,2.009,1.0,0.0,1.0,2.634,0.0,0.0,0.0,1.0,0.0,0.0,0.0,0.0,0.0,1.0,0.0,0.0
881,1.0,0.0,0.228,0.885,2.009,1.0,0.0,0.0,2.645,1.0,0.0,0.0,0.0,0.0,0.0,0.0,0.0,0.0,0.0,0.0,0.0
882,1.0,0.0,0.228,0.885,2.009,1.0,0.0,0.0,2.645,1.0,0.0,0.0,0.0,0.0,0.0,0.0,0.0,0.0,0.0,1.0,0.0
883,1.0,0.0,0.228,0.885,2.009,1.0,0.0,0.0,2.645,0.0,0.0,0.0,0.0,0.0,0.0,1.0,0.0,0.0,0.0,0.0,0.0
884,1.0,0.0,0.228,0.885,2.009,1.0,0.0,0.0,2.645,0.0,0.0,0.0,0.0,0.0,0.0,0.0,0.0,0.0,1.0,0.0,0.0
885,1.0,0.0,0.228,0.885,2.009,1.0,0.0,0.0,2.645,0.0,0.0,0.0,0.0,0.0,0.0,1.0,1.0,0.0,0.0,0.0,0.0
886,1.0,0.0,0.228,0.885,2.009,1.0,0.0,0.0,2.645,1.0,0.0,0.0,0.0,0.0,0.0,0.0,0.0,0.0,0.0,1.0,0.0
887,1.0,0.0,0.228,0.885,2.009,1.0,0.0,0.0,2.645,0.0,0.0,0.0,0.0,1.0,0.0,1.0,0.0,0.0,1.0,0.0,0.0
888,1.0,0.0,0.228,0.885,2.009,1.0,0.0,1.0,2.634,0.0,0.0,0.0,0.0,0.0,0.0,1.0,0.0,0.0,1.0,0.0,0.0
889,1.0,0.0,0.228,0.885,2.009,1.0,0.0,0.0,2.645,1.0,0.0,0.0,0.0,0.0,0.0,0.0,0.0,0.0,0.0,1.0,0.0
890,1.0,0.0,0.228,0.885,2.009,1.0,0.0,0.0,2.645,1.0,0.0,0.0,0.0,0.0,0.0,0.0,0.0,0.0,0.0,1.0,0.0
891,1.0,0.0,0.228,0.885,2.009,1.0,0.0,0.0,2.645,1.0,0.0,0.0,0.0,0.0,0.0,0.0,0.0,0.0,1.0,0.0,0.0
892,1.0,0.0,0.228,0.885,2.009,1.0,0.0,0.0,2.645,1.0,0.0,0.0,0.0,0.0,0.0,0.0,0.0,1.0,0.0,0.0,0.0
893,1.0,0.0,0.228,0.885,2.009,1.0,0.0,0.0,2.645,1.0,0.0,0.0,0.0,0.0,0.0,0.0,0.0,0.0,0.0,1.0,0.0
894,1.0,0.0,0.228,0.885,2.009,1.0,0.0,0.0,2.645,1.0,0.0,0.0,0.0,0.0,0.0,0.0,0.0,0.0,1.0,0.0,0.0
895,1.0,0.0,0.422,0.834,2.009,1.0,0.0,0.0,2.645,0.0,0.0,0.0,0.0,0.0,0.0,1.0,0.0,0.0,1.0,0.0,0.0
896,1.0,0.0,0.422,0.834,2.009,1.0,0.0,1.0,2.583,0.0,0.0,0.0,0.0,0.0,0.0,1.0,0.0,0.0,1.0,0.0,0.0
897,1.0,0.0,0.422,0.834,2.009,1.0,0.0,0.0,2.645,0.0,0.0,1.0,0.0,0.0,0.0,0.0,0.0,0.0,1.0,0.0,0.0
898,1.0,0.0,0.422,0.834,2.009,1.0,0.0,0.0,2.645,0.0,0.0,0.0,0.0,0.0,0.0,1.0,0.0,0.0,0.0,0.0,0.0
899,1.0,0.0,0.422,0.834,2.009,1.0,0.0,0.0,2.645,1.0,0.0,0.0,0.0,0.0,0.0,0.0,0.0,0.0,0.0,0.0,1.0
900,1.0,0.0,0.422,0.834,2.009,1.0,0.0,1.0,2.583,0.0,0.0,1.0,0.0,0.0,0.0,0.0,0.0,0.0,0.0,0.0,0.0
901,1.0,0.0,0.422,0.834,2.009,1.0,0.0,1.0,2.583,1.0,0.0,0.0,0.0,0.0,0.0,0.0,1.0,0.0,0.0,0.0,0.0
902,1.0,0.0,0.422,0.834,2.009,1.0,0.0,0.0,2.645,0.0,0.0,1.0,0.0,1.0,0.0,0.0,1.0,0.0,0.0,0.0,0.0
903,1.0,0.0,0.422,0.834,2.009,1.0,0.0,0.0,2.645,1.0,0.0,0.0,0.0,0.0,0.0,0.0,0.0,0.0,1.0,0.0,0.0
904,1.0,0.0,0.422,0.834,2.009,1.0,0.0,1.0,2.583,0.0,0.0,0.0,0.0,0.0,0.0,1.0,0.0,0.0,0.0,0.0,0.0
905,1.0,0.0,0.422,0.834,2.009,1.0,0.0,1.0,2.583,0.0,0.0,0.0,0.0,0.0,0.0,0.0,0.0,0.0,1.0,0.0,0.0
907,1.0,0.0,0.422,0.834,2.009,1.0,0.0,0.0,2.645,1.0,0.0,0.0,0.0,0.0,0.0,0.0,0.0,0.0,1.0,0.0,0.0
908,1.0,0.0,0.422,0.834,2.009,1.0,0.0,0.0,2.645,1.0,0.0,0.0,0.0,0.0,0.0,0.0,0.0,1.0,0.0,0.0,0.0
909,1.0,0.0,0.422,0.834,2.009,1.0,0.0,0.0,2.645,1.0,0.0,0.0,0.0,0.0,0.0,0.0,0.0,0.0,0.0,0.0,0.0
910,1.0,0.0,0.422,0.824,2.009,1.0,0.0,1.0,2.583,0.0,0.0,1.0,0.0,0.0,0.0,0.0,0.0,0.0,1.0,0.0,0.0
911,1.0,0.0,0.422,0.824,2.009,1.0,0.0,0.0,2.645,0.0,0.0,0.0,1.0,0.0,0.0,0.0,0.0,0.0,1.0,0.0,0.0
912,1.0,0.0,0.422,0.824,2.009,1.0,0.0,0.0,2.645,1.0,0.0,0.0,0.0,0.0,0.0,0.0,0.0,0.0,0.0,0.0,1.0
913,1.0,0.0,0.422,0.824,2.009,1.0,0.0,0.0,2.645,0.0,0.0,0.0,0.0,0.0,0.0,0.0,0.0,0.0,1.0,0.0,0.0
914,1.0,0.0,0.422,0.824,2.009,1.0,0.0,0.0,2.645,1.0,0.0,0.0,0.0,0.0,0.0,0.0,0.0,0.0,1.0,0.0,0.0
915,1.0,0.0,0.422,0.824,2.009,1.0,0.0,0.0,2.645,1.0,0.0,0.0,0.0,0.0,0.0,0.0,0.0,0.0,1.0,0.0,0.0
916,1.0,0.0,0.422,0.824,2.009,1.0,0.0,1.0,2.583,0.0,0.0,1.0,0.0,0.0,0.0,0.0,0.0,0.0,1.0,0.0,0.0
917,1.0,0.0,0.422,0.824,2.009,1.0,0.0,0.0,2.645,0.0,1.0,0.0,0.0,0.0,0.0,0.0,0.0,1.0,0.0,0.0,0.0
918,1.0,0.0,0.422,0.824,2.009,1.0,0.0,1.0,2.583,0.0,0.0,0.0,0.0,0.0,0.0,1.0,0.0,0.0,0.0,0.0,0.0
919,1.0,0.0,0.422,0.824,2.009,1.0,0.0,0.0,2.645,1.0,0.0,0.0,0.0,0.0,0.0,0.0,0.0,0.0,0.0,0.0,0.0
920,1.0,0.0,0.422,0.824,2.009,1.0,0.0,0.0,2.645,1.0,0.0,0.0,0.0,0.0,0.0,0.0,1.0,0.0,0.0,0.0,0.0
921,1.0,0.0,0.422,0.824,2.009,1.0,0.0,0.0,2.645,0.0,1.0,0.0,0.0,0.0,0.0,0.0,0.0,0.0,1.0,0.0,0.0
922,1.0,0.0,0.422,0.824,2.009,1.0,0.0,0.0,2.645,1.0,0.0,0.0,0.0,0.0,0.0,0.0,0.0,0.0,1.0,0.0,0.0
923,1.0,0.0,0.422,0.824,2.009,1.0,0.0,1.0,2.583,0.0,0.0,0.0,1.0,0.0,0.0,0.0,0.0,0.0,0.0,0.0,1.0
924,1.0,0.0,0.422,0.824,2.009,1.0,0.0,0.0,2.645,1.0,0.0,0.0,0.0,0.0,0.0,0.0,0.0,0.0,0.0,0.0,1.0
925,1.0,0.0,0.422,0.824,2.009,1.0,0.0,0.0,2.645,1.0,0.0,0.0,0.0,0.0,0.0,0.0,0.0,0.0,0.0,1.0,0.0
926,1.0,0.0,0.422,0.824,2.009,1.0,0.0,0.0,2.645,0.0,0.0,1.0,0.0,0.0,1.0,0.0,0.0,0.0,0.0,0.0,0.0
927,1.0,0.0,0.422,0.824,2.009,1.0,0.0,0.0,2.645,0.0,1.0,0.0,0.0,0.0,0.0,0.0,0.0,1.0,0.0,0.0,0.0
928,1.0,0.0,0.422,0.824,2.009,1.0,0.0,0.0,2.645,0.0,0.0,0.0,0.0,0.0,0.0,1.0,0.0,0.0,1.0,0.0,0.0
929,1.0,0.0,0.422,0.824,2.009,1.0,0.0,1.0,2.583,1.0,0.0,0.0,0.0,0.0,0.0,0.0,0.0,0.0,1.0,0.0,0.0
930,1.0,0.0,0.422,0.824,2.009,1.0,0.0,0.0,2.645,1.0,0.0,0.0,0.0,0.0,0.0,0.0,0.0,0.0,1.0,0.0,0.0
931,1.0,0.0,0.422,0.824,2.009,1.0,0.0,0.0,2.645,1.0,0.0,0.0,0.0,0.0,0.0,0.0,0.0,0.0,0.0,1.0,0.0
932,1.0,0.0,0.422,0.824,2.009,1.0,0.0,0.0,2.645,0.0,0.0,0.0,0.0,0.0,0.0,1.0,0.0,0.0,1.0,0.0,0.0
933,1.0,0.0,0.422,0.824,2.009,1.0,0.0,0.0,2.645,1.0,0.0,0.0,0.0,0.0,0.0,0.0,0.0,0.0,0.0,1.0,0.0
934,1.0,0.0,0.422,0.824,2.009,1.0,0.0,0.0,2.645,1.0,0.0,0.0,0.0,0.0,0.0,0.0,0.0,1.0,0.0,0.0,0.0
935,1.0,0.0,0.422,0.824,2.009,1.0,0.0,0.0,2.645,0.0,0.0,0.0,1.0,0.0,0.0,0.0,1.0,0.0,0.0,0.0,0.0
936,1.0,0.0,0.422,0.824,2.009,1.0,0.0,0.0,2.645,0.0,0.0,0.0,0.0,0.0,0.0,1.0,0.0,0.0,1.0,0.0,0.0
937,1.0,0.0,0.422,0.824,2.009,1.0,0.0,0.0,2.645,1.0,0.0,0.0,0.0,0.0,0.0,0.0,0.0,0.0,1.0,0.0,0.0
938,1.0,0.0,0.422,0.824,2.009,1.0,0.0,0.0,2.645,1.0,0.0,0.0,0.0,0.0,0.0,0.0,1.0,0.0,0.0,0.0,0.0
939,1.0,0.0,0.422,0.824,2.009,1.0,0.0,0.0,2.645,1.0,0.0,0.0,0.0,0.0,0.0,0.0,0.0,0.0,0.0,1.0,0.0
940,1.0,0.0,0.422,0.824,2.009,1.0,0.0,0.0,2.645,1.0,0.0,0.0,0.0,0.0,0.0,0.0,0.0,0.0,0.0,1.0,0.0
941,1.0,0.0,0.422,0.824,2.009,1.0,0.0,1.0,2.583,0.0,0.0,0.0,0.0,0.0,0.0,0.0,1.0,0.0,0.0,0.0,0.0
942,1.0,0.0,0.422,0.824,2.009,1.0,0.0,0.0,2.645,0.0,1.0,0.0,0.0,0.0,0.0,0.0,0.0,1.0,0.0,0.0,0.0
943,1.0,0.0,0.422,0.824,2.009,1.0,0.0,1.0,2.583,1.0,0.0,0.0,0.0,0.0,0.0,0.0,1.0,0.0,0.0,0.0,0.0
944,1.0,0.0,0.422,0.824,2.009,1.0,0.0,0.0,2.645,0.0,0.0,0.0,0.0,0.0,0.0,1.0,0.0,0.0,1.0,0.0,0.0
945,1.0,0.0,0.422,0.824,2.009,1.0,0.0,0.0,2.645,0.0,0.0,0.0,0.0,0.0,0.0,1.0,0.0,0.0,0.0,1.0,0.0
946,1.0,0.0,0.422,0.818,2.009,1.0,0.0,0.0,2.619,0.0,0.0,0.0,0.0,0.0,0.0,1.0,0.0,0.0,1.0,0.0,0.0
947,1.0,0.0,0.422,0.818,2.009,1.0,0.0,0.0,2.619,0.0,1.0,0.0,0.0,0.0,1.0,1.0,0.0,1.0,0.0,0.0,0.0
948,1.0,0.0,0.422,0.818,2.009,1.0,0.0,0.0,2.619,0.0,0.0,1.0,0.0,0.0,0.0,0.0,0.0,0.0,1.0,0.0,0.0
949,1.0,0.0,0.422,0.818,2.009,1.0,0.0,0.0,2.619,0.0,0.0,0.0,1.0,0.0,0.0,0.0,0.0,0.0,1.0,0.0,0.0
950,1.0,0.0,0.422,0.818,2.009,1.0,0.0,0.0,2.619,0.0,0.0,0.0,0.0,1.0,0.0,0.0,0.0,1.0,0.0,0.0,0.0
951,1.0,0.0,0.422,0.818,2.009,1.0,0.0,0.0,2.619,1.0,0.0,0.0,0.0,0.0,0.0,0.0,0.0,0.0,0.0,1.0,0.0
952,1.0,0.0,0.422,0.818,2.009,1.0,0.0,0.0,2.619,0.0,0.0,1.0,0.0,0.0,0.0,0.0,0.0,0.0,1.0,0.0,0.0
953,1.0,0.0,0.422,0.818,2.009,1.0,0.0,0.0,2.619,0.0,0.0,0.0,0.0,1.0,0.0,0.0,0.0,1.0,0.0,0.0,0.0
954,1.0,0.0,0.422,0.818,2.009,1.0,0.0,0.0,2.619,0.0,0.0,0.0,0.0,0.0,0.0,1.0,0.0,0.0,1.0,0.0,0.0
955,1.0,0.0,0.422,0.818,2.009,1.0,0.0,0.0,2.619,0.0,1.0,0.0,0.0,0.0,0.0,0.0,0.0,1.0,0.0,0.0,0.0
956,1.0,0.0,0.422,0.818,2.009,1.0,0.0,0.0,2.619,0.0,1.0,0.0,0.0,0.0,0.0,0.0,0.0,1.0,0.0,0.0,0.0
957,1.0,0.0,0.422,0.818,2.009,1.0,0.0,0.0,2.619,1.0,1.0,0.0,0.0,0.0,0.0,0.0,0.0,1.0,0.0,0.0,0.0
958,1.0,0.0,0.422,0.818,2.009,1.0,0.0,0.0,2.619,1.0,0.0,0.0,0.0,0.0,0.0,0.0,0.0,0.0,0.0,1.0,0.0
959,1.0,0.0,0.422,0.818,2.009,1.0,0.0,0.0,2.619,1.0,0.0,0.0,0.0,0.0,0.0,0.0,0.0,0.0,0.0,1.0,0.0
960,1.0,0.0,0.422,0.818,2.009,1.0,0.0,0.0,2.619,0.0,0.0,0.0,0.0,0.0,0.0,0.0,1.0,0.0,0.0,0.0,0.0
961,1.0,0.0,0.422,0.818,2.009,1.0,0.0,0.0,2.619,0.0,0.0,0.0,0.0,0.0,0.0,0.0,0.0,0.0,1.0,0.0,0.0
962,1.0,0.0,0.422,0.818,2.009,1.0,0.0,0.0,2.619,1.0,0.0,0.0,0.0,0.0,0.0,0.0,1.0,0.0,0.0,0.0,0.0
963,1.0,0.0,0.422,0.818,2.009,1.0,0.0,0.0,2.619,1.0,0.0,0.0,0.0,0.0,0.0,0.0,0.0,0.0,1.0,0.0,0.0
964,1.0,0.0,0.422,0.818,2.009,1.0,0.0,0.0,2.619,0.0,1.0,0.0,0.0,0.0,0.0,0.0,0.0,1.0,0.0,0.0,0.0
965,1.0,0.0,0.422,0.818,2.009,1.0,0.0,0.0,2.619,0.0,0.0,0.0,0.0,0.0,0.0,1.0,0.0,0.0,0.0,0.0,0.0
966,1.0,0.0,0.422,0.818,2.009,1.0,0.0,1.0,2.583,0.0,0.0,0.0,0.0,0.0,1.0,1.0,0.0,0.0,1.0,0.0,0.0
967,1.0,0.0,0.422,0.818,2.009,1.0,0.0,0.0,2.619,1.0,0.0,0.0,0.0,0.0,0.0,0.0,0.0,0.0,0.0,1.0,0.0
968,1.0,0.0,0.422,0.818,2.009,1.0,0.0,0.0,2.619,0.0,0.0,1.0,0.0,1.0,0.0,0.0,0.0,1.0,0.0,0.0,0.0
969,1.0,0.0,0.422,0.818,2.009,1.0,0.0,0.0,2.619,0.0,0.0,0.0,1.0,0.0,0.0,0.0,0.0,0.0,1.0,0.0,0.0
970,1.0,0.0,0.422,0.818,2.009,1.0,0.0,1.0,2.583,0.0,0.0,0.0,1.0,0.0,0.0,0.0,1.0,0.0,0.0,0.0,0.0
971,1.0,0.0,0.422,0.818,2.009,1.0,0.0,0.0,2.619,1.0,1.0,0.0,0.0,0.0,0.0,0.0,0.0,1.0,0.0,0.0,0.0
972,1.0,0.0,0.422,0.818,2.009,1.0,0.0,0.0,2.619,0.0,0.0,1.0,0.0,0.0,0.0,0.0,0.0,0.0,1.0,0.0,0.0
973,1.0,0.0,0.422,0.818,2.009,1.0,0.0,1.0,2.583,1.0,0.0,0.0,0.0,0.0,0.0,0.0,0.0,0.0,1.0,0.0,0.0
974,1.0,0.0,0.422,0.818,2.009,1.0,0.0,0.0,2.619,1.0,0.0,0.0,0.0,0.0,0.0,0.0,0.0,0.0,1.0,0.0,0.0
975,1.0,0.0,0.422,0.818,2.009,1.0,0.0,0.0,2.619,0.0,0.0,0.0,1.0,0.0,0.0,0.0,0.0,0.0,1.0,0.0,0.0
976,1.0,0.0,0.422,0.818,2.009,1.0,0.0,0.0,2.619,1.0,0.0,0.0,0.0,0.0,0.0,0.0,0.0,0.0,1.0,0.0,0.0
977,1.0,0.0,0.422,0.818,2.009,1.0,0.0,1.0,2.583,0.0,0.0,0.0,0.0,0.0,1.0,0.0,1.0,0.0,0.0,0.0,0.0
978,1.0,0.0,0.422,0.818,2.009,1.0,0.0,0.0,2.619,1.0,0.0,0.0,0.0,0.0,0.0,0.0,0.0,0.0,0.0,0.0,0.0
979,1.0,0.0,0.422,0.818,2.009,1.0,0.0,0.0,2.619,0.0,1.0,0.0,0.0,0.0,0.0,0.0,0.0,0.0,1.0,0.0,0.0
980,1.0,0.0,0.422,0.818,2.009,1.0,0.0,1.0,2.583,0.0,0.0,0.0,0.0,0.0,1.0,0.0,0.0,0.0,1.0,0.0,0.0
981,1.0,0.0,0.422,0.818,2.009,1.0,0.0,0.0,2.619,0.0,0.0,1.0,0.0,0.0,1.0,0.0,0.0,0.0,1.0,0.0,0.0
982,1.0,0.0,0.422,0.818,2.009,1.0,0.0,0.0,2.619,0.0,0.0,0.0,0.0,0.0,0.0,1.0,1.0,0.0,0.0,0.0,0.0
983,1.0,0.0,0.422,0.818,2.009,1.0,0.0,0.0,2.619,0.0,0.0,0.0,0.0,0.0,0.0,1.0,0.0,0.0,1.0,0.0,0.0
984,1.0,0.0,0.422,0.818,2.009,1.0,0.0,0.0,2.619,1.0,0.0,0.0,0.0,0.0,0.0,0.0,0.0,0.0,1.0,0.0,0.0
985,1.0,0.0,0.422,0.818,2.009,1.0,0.0,1.0,2.583,0.0,0.0,0.0,1.0,0.0,0.0,0.0,0.0,0.0,0.0,0.0,0.0
986,1.0,0.0,0.422,0.818,2.009,1.0,0.0,0.0,2.619,1.0,1.0,0.0,0.0,0.0,0.0,0.0,0.0,1.0,0.0,0.0,0.0
987,1.0,0.0,0.422,0.818,2.009,1.0,0.0,0.0,2.619,0.0,0.0,0.0,1.0,0.0,0.0,0.0,0.0,0.0,1.0,0.0,0.0
988,1.0,0.0,0.422,0.818,2.009,1.0,0.0,0.0,2.619,0.0,0.0,1.0,0.0,0.0,0.0,0.0,1.0,0.0,0.0,0.0,0.0
989,1.0,0.0,0.422,0.818,2.009,1.0,0.0,1.0,2.583,0.0,0.0,0.0,1.0,0.0,0.0,0.0,0.0,0.0,0.0,0.0,0.0
990,1.0,0.0,0.422,0.818,2.009,1.0,0.0,0.0,2.619,0.0,0.0,0.0,0.0,0.0,0.0,0.0,0.0,1.0,0.0,0.0,0.0
991,1.0,0.0,0.422,0.818,2.009,1.0,0.0,0.0,2.619,0.0,1.0,0.0,0.0,1.0,0.0,0.0,0.0,1.0,0.0,0.0,0.0
992,1.0,0.0,-0.159,0.815,2.009,1.0,0.0,0.0,2.233,1.0,0.0,0.0,0.0,0.0,0.0,0.0,1.0,0.0,0.0,0.0,0.0
993,1.0,0.0,-0.159,0.815,2.009,1.0,0.0,1.0,2.583,0.0,0.0,1.0,0.0,0.0,1.0,1.0,0.0,0.0,1.0,0.0,0.0
994,1.0,0.0,-0.159,0.815,2.009,1.0,0.0,0.0,2.233,0.0,0.0,0.0,0.0,0.0,1.0,0.0,1.0,0.0,0.0,0.0,0.0
995,1.0,0.0,-0.159,0.815,2.009,1.0,0.0,0.0,2.233,0.0,0.0,0.0,1.0,0.0,0.0,0.0,0.0,0.0,1.0,0.0,0.0
996,1.0,0.0,-0.159,0.815,2.009,1.0,0.0,0.0,2.233,0.0,1.0,0.0,0.0,0.0,0.0,0.0,0.0,1.0,0.0,0.0,0.0
997,1.0,0.0,-0.159,0.815,2.009,1.0,0.0,1.0,2.583,0.0,0.0,0.0,0.0,1.0,0.0,0.0,0.0,0.0,1.0,0.0,0.0
998,1.0,0.0,-0.159,0.815,2.009,1.0,0.0,0.0,2.233,1.0,0.0,0.0,0.0,0.0,0.0,0.0,1.0,0.0,0.0,0.0,0.0
999,1.0,0.0,-0.159,0.815,2.009,1.0,0.0,0.0,2.233,0.0,0.0,0.0,0.0,0.0,0.0,1.0,0.0,0.0,1.0,0.0,0.0
1000,1.0,0.0,-0.159,0.815,2.009,1.0,0.0,0.0,2.233,1.0,0.0,0.0,0.0,0.0,0.0,0.0,0.0,0.0,0.0,0.0,0.0
1001,1.0,0.0,-0.159,0.815,2.009,1.0,0.0,0.0,2.233,1.0,0.0,0.0,0.0,0.0,0.0,0.0,0.0,0.0,1.0,0.0,0.0
1002,1.0,0.0,-0.159,0.815,2.009,1.0,0.0,0.0,2.233,0.0,0.0,1.0,0.0,0.0,0.0,0.0,0.0,0.0,1.0,0.0,0.0
1003,1.0,0.0,-0.159,0.815,2.009,1.0,0.0,0.0,2.233,0.0,0.0,0.0,0.0,1.0,0.0,0.0,0.0,0.0,0.0,0.0,0.0
1004,1.0,0.0,-0.159,0.815,2.009,1.0,0.0,0.0,2.233,0.0,1.0,0.0,0.0,0.0,0.0,0.0,0.0,1.0,0.0,0.0,0.0
1005,1.0,0.0,-0.159,0.815,2.009,1.0,0.0,0.0,2.233,0.0,0.0,1.0,0.0,0.0,0.0,0.0,1.0,0.0,0.0,0.0,0.0
1006,1.0,0.0,-0.159,0.815,2.009,1.0,0.0,0.0,2.233,0.0,0.0,0.0,0.0,1.0,0.0,0.0,0.0,0.0,0.0,1.0,0.0
1008,1.0,0.0,-0.159,0.815,2.009,1.0,0.0,0.0,2.233,1.0,0.0,0.0,0.0,0.0,0.0,0.0,0.0,0.0,0.0,0.0,0.0
1009,1.0,0.0,-0.159,0.815,2.009,1.0,0.0,0.0,2.233,0.0,0.0,0.0,0.0,0.0,0.0,0.0,0.0,0.0,1.0,0.0,0.0
1010,1.0,0.0,-0.159,0.815,2.009,1.0,0.0,0.0,2.233,0.0,0.0,0.0,1.0,0.0,0.0,0.0,0.0,0.0,1.0,0.0,0.0
1011,1.0,0.0,-0.159,0.815,2.009,1.0,0.0,0.0,2.233,1.0,0.0,0.0,0.0,0.0,0.0,0.0,0.0,0.0,0.0,1.0,0.0
1013,1.0,0.0,-0.159,0.815,2.009,1.0,0.0,0.0,2.233,1.0,0.0,0.0,0.0,0.0,0.0,0.0,0.0,0.0,0.0,1.0,0.0
1015,1.0,0.0,-0.159,0.815,2.009,1.0,0.0,1.0,2.583,0.0,0.0,0.0,0.0,0.0,0.0,0.0,0.0,1.0,0.0,0.0,0.0
1016,1.0,0.0,-0.159,0.815,2.009,1.0,0.0,1.0,2.583,0.0,0.0,0.0,1.0,0.0,0.0,0.0,0.0,0.0,1.0,0.0,0.0
1017,1.0,0.0,-0.159,0.821,2.009,1.0,0.0,0.0,2.184,1.0,0.0,0.0,0.0,0.0,0.0,0.0,0.0,0.0,0.0,0.0,0.0
1018,1.0,0.0,-0.159,0.821,2.009,1.0,0.0,0.0,2.184,0.0,0.0,1.0,0.0,0.0,0.0,0.0,0.0,0.0,0.0,0.0,0.0
1020,1.0,0.0,-0.159,0.821,2.009,1.0,0.0,0.0,2.184,1.0,0.0,0.0,0.0,0.0,0.0,0.0,0.0,0.0,0.0,0.0,0.0
1021,1.0,0.0,-0.159,0.821,2.009,1.0,0.0,0.0,2.184,1.0,0.0,0.0,0.0,0.0,0.0,0.0,1.0,0.0,0.0,0.0,0.0
1022,1.0,0.0,-0.159,0.821,2.009,1.0,0.0,1.0,2.208,0.0,0.0,0.0,0.0,0.0,0.0,1.0,0.0,0.0,1.0,0.0,0.0
1023,1.0,0.0,-0.159,0.821,2.009,1.0,0.0,0.0,2.184,1.0,0.0,0.0,0.0,0.0,0.0,0.0,0.0,0.0,1.0,0.0,0.0
1024,1.0,0.0,-0.159,0.821,2.009,1.0,0.0,0.0,2.184,0.0,1.0,0.0,0.0,0.0,0.0,0.0,0.0,1.0,0.0,0.0,0.0
1025,1.0,0.0,-0.159,0.821,2.009,1.0,0.0,0.0,2.184,0.0,0.0,0.0,0.0,1.0,0.0,0.0,0.0,0.0,0.0,0.0,0.0
1026,1.0,0.0,-0.159,0.821,2.009,1.0,0.0,0.0,2.184,1.0,0.0,0.0,0.0,0.0,0.0,0.0,0.0,0.0,0.0,1.0,0.0
1027,1.0,0.0,-0.159,0.821,2.009,1.0,0.0,0.0,2.184,1.0,0.0,0.0,0.0,0.0,0.0,0.0,0.0,0.0,1.0,0.0,0.0
1028,1.0,0.0,-0.159,0.833,2.009,1.0,0.0,1.0,2.208,1.0,0.0,0.0,0.0,0.0,0.0,0.0,0.0,0.0,0.0,1.0,0.0
1030,1.0,0.0,-0.159,0.833,2.009,1.0,0.0,1.0,2.208,0.0,0.0,0.0,0.0,0.0,0.0,1.0,0.0,0.0,0.0,0.0,0.0
1032,1.0,0.0,-0.159,0.833,2.009,1.0,0.0,0.0,2.184,0.0,0.0,0.0,1.0,0.0,0.0,0.0,0.0,0.0,1.0,0.0,0.0
1035,1.0,0.0,-0.159,0.833,2.009,1.0,0.0,0.0,2.184,0.0,1.0,0.0,0.0,0.0,0.0,0.0,0.0,1.0,0.0,0.0,0.0
1037,1.0,0.0,-0.159,0.833,2.009,1.0,0.0,1.0,2.208,1.0,0.0,0.0,0.0,0.0,0.0,0.0,0.0,0.0,0.0,1.0,0.0
1038,1.0,0.0,-0.159,0.833,2.009,1.0,0.0,0.0,2.184,1.0,0.0,0.0,0.0,0.0,0.0,0.0,1.0,0.0,0.0,0.0,0.0
1040,1.0,0.0,-0.159,0.833,2.009,1.0,0.0,0.0,2.184,0.0,0.0,0.0,0.0,0.0,0.0,0.0,0.0,0.0,1.0,0.0,0.0
1042,1.0,0.0,-0.159,0.833,2.009,1.0,0.0,1.0,2.208,0.0,0.0,1.0,0.0,0.0,0.0,0.0,1.0,0.0,0.0,0.0,0.0
1044,1.0,0.0,-0.159,0.857,2.009,1.0,0.0,1.0,2.208,1.0,0.0,0.0,0.0,0.0,0.0,0.0,0.0,0.0,1.0,0.0,0.0
1048,1.0,0.0,-0.159,0.857,2.009,1.0,0.0,0.0,2.184,1.0,0.0,0.0,0.0,0.0,0.0,0.0,0.0,0.0,0.0,0.0,0.0
1050,1.0,0.0,-0.159,0.857,2.009,1.0,0.0,1.0,2.208,1.0,0.0,0.0,0.0,0.0,0.0,0.0,0.0,0.0,1.0,0.0,0.0
1051,1.0,0.0,-0.159,0.857,2.009,1.0,0.0,1.0,2.208,1.0,0.0,0.0,0.0,0.0,0.0,0.0,0.0,0.0,1.0,0.0,0.0
1054,1.0,0.0,-0.519,0.843,2.009,1.0,0.0,1.0,1.68,1.0,0.0,0.0,0.0,0.0,0.0,0.0,0.0,0.0,0.0,1.0,0.0
1055,1.0,0.0,-0.519,0.843,2.009,1.0,0.0,0.0,2.102,1.0,0.0,0.0,0.0,0.0,0.0,0.0,0.0,0.0,1.0,0.0,0.0
1057,1.0,0.0,-0.519,0.843,2.009,1.0,0.0,0.0,2.102,1.0,0.0,0.0,0.0,0.0,0.0,0.0,0.0,0.0,1.0,0.0,0.0
1058,1.0,0.0,-0.519,0.843,2.009,1.0,0.0,0.0,2.102,1.0,0.0,0.0,0.0,0.0,0.0,0.0,0.0,0.0,1.0,0.0,0.0
1059,1.0,0.0,-0.091,0.912,1.893,0.0,1.0,0.0,1.892,0.0,0.0,0.0,1.0,0.0,0.0,0.0,0.0,0.0,1.0,0.0,0.0
1062,1.0,0.366013072,-2.354,0.312,1.041,0.0,1.0,0.0,-1.884,0.0,0.0,1.0,0.0,0.0,0.0,0.0,1.0,0.0,0.0,0.0,0.0
1063,1.0,0.0,1.285,0.149,-1.011,0.0,1.0,0.0,-0.844,1.0,0.0,0.0,0.0,0.0,0.0,0.0,1.0,0.0,0.0,0.0,0.0
1064,1.0,0.0,1.285,0.149,-1.011,0.0,1.0,0.0,-0.844,1.0,0.0,0.0,0.0,0.0,0.0,0.0,1.0,0.0,0.0,0.0,0.0
1066,1.0,0.0,1.285,0.147,-1.011,0.0,1.0,0.0,-0.844,0.0,0.0,0.0,0.0,0.0,0.0,1.0,1.0,0.0,0.0,0.0,0.0
1067,1.0,0.0,-1.065,0.31,1.295,0.0,0.0,1.0,1.019,0.0,1.0,0.0,0.0,0.0,0.0,0.0,0.0,0.0,1.0,0.0,0.0
1070,1.0,0.0,-1.011,0.289,1.774,0.0,0.0,1.0,0.412,0.0,1.0,0.0,0.0,0.0,0.0,0.0,0.0,1.0,0.0,0.0,0.0
1071,1.0,0.0,-1.148,0.303,1.774,0.0,0.0,1.0,0.412,0.0,1.0,0.0,0.0,0.0,0.0,0.0,0.0,0.0,0.0,0.0,0.0
1072,1.0,0.0,-1.148,0.302,1.774,0.0,0.0,1.0,0.412,0.0,1.0,0.0,0.0,1.0,0.0,0.0,0.0,0.0,0.0,0.0,1.0
1074,1.0,0.0,-1.266,0.299,1.728,0.0,0.0,0.0,-0.37,1.0,0.0,0.0,0.0,0.0,0.0,0.0,0.0,0.0,1.0,0.0,0.0
