,Intercept,wdj_expression_lag1,v2jupack_lag1,v2x_polyarchy_lag1,v2jureview_lag1,legal_common,legal_civil,high_court,j_ind_lag1
0,1.0,0.0,0.743,0.29,1.462,0.0,1.0,0.0,0.217
1,1.0,0.0,0.743,0.29,1.462,0.0,1.0,0.0,0.217
2,1.0,0.0,1.834,0.89,1.835,1.0,0.0,1.0,3.037
3,1.0,0.0,1.834,0.882,1.835,1.0,0.0,0.0,3.014
4,1.0,0.0,1.834,0.879,1.835,1.0,0.0,0.0,3.014
5,1.0,0.0,1.834,0.889,1.835,1.0,0.0,1.0,3.037
6,1.0,0.0,1.834,0.896,1.835,1.0,0.0,0.0,3.014
7,1.0,0.0,1.834,0.896,1.835,1.0,0.0,1.0,3.366
8,1.0,0.0,1.834,0.862,1.835,1.0,0.0,0.0,3.014
9,1.0,0.0,1.834,0.855,1.835,1.0,0.0,1.0,2.528
10,1.0,0.0,1.834,0.871,1.835,1.0,0.0,1.0,3.279
11,1.0,0.0,1.834,0.871,1.835,1.0,0.0,0.0,3.014
12,1.0,0.944444444,1.834,0.86,1.835,1.0,0.0,0.0,3.014
13,1.0,1.0,1.834,0.825,1.835,1.0,0.0,0.0,3.014
14,1.0,1.0,1.834,0.837,1.835,1.0,0.0,1.0,3.279
15,1.0,1.0,1.834,0.828,1.835,1.0,0.0,0.0,3.014
16,1.0,1.0,1.834,0.846,1.835,1.0,0.0,0.0,3.014
18,1.0,1.0,1.834,0.848,1.835,1.0,0.0,0.0,3.014
23,1.0,0.685185185,-0.869,0.193,0.855,0.0,1.0,1.0,-2.345
28,1.0,0.055555556,-1.816,0.376,1.826,0.0,0.0,0.0,-1.477
29,1.0,0.055555556,-1.816,0.278,1.826,0.0,0.0,0.0,-1.477
30,1.0,0.055555556,-1.729,0.252,1.826,0.0,0.0,1.0,-1.089
32,1.0,0.981481481,-0.107,0.677,1.891,0.0,1.0,1.0,-1.328
34,1.0,0.0,0.562,0.702,1.874,0.0,0.0,0.0,1.949
36,1.0,0.0,1.309,0.717,1.874,0.0,0.0,0.0,1.949
37,1.0,0.0,0.911,0.69,1.874,0.0,0.0,1.0,1.279
38,1.0,0.0,0.968,0.672,1.874,0.0,0.0,0.0,1.67
39,1.0,0.0,-1.092,0.293,-1.002,0.0,0.0,0.0,-1.156
40,1.0,0.0,-1.092,0.291,-1.002,0.0,0.0,0.0,-1.156
41,1.0,0.0,-1.092,0.275,-1.002,0.0,0.0,0.0,-1.156
45,1.0,-0.111111111,-1.411,0.298,-0.667,0.0,0.0,1.0,-1.515
47,1.0,0.0,1.858,0.835,1.901,1.0,0.0,1.0,2.199
48,1.0,0.0,1.858,0.833,1.901,1.0,0.0,1.0,2.199
49,1.0,0.0,1.858,0.833,1.901,1.0,0.0,1.0,2.199
50,1.0,0.0,1.858,0.832,1.901,1.0,0.0,1.0,2.199
51,1.0,0.0,1.858,0.842,1.901,1.0,0.0,1.0,2.199
52,1.0,0.0,1.858,0.842,1.901,1.0,0.0,1.0,2.199
53,1.0,0.0,1.858,0.846,1.901,1.0,0.0,1.0,2.199
54,1.0,0.0,1.858,0.84,1.901,1.0,0.0,1.0,2.199
55,1.0,0.0,1.858,0.836,1.901,1.0,0.0,0.0,2.289
56,1.0,0.0,1.858,0.832,1.901,1.0,0.0,1.0,2.199
57,1.0,0.0,1.858,0.825,1.901,1.0,0.0,1.0,2.199
58,1.0,0.0,1.858,0.825,1.901,1.0,0.0,0.0,2.289
59,1.0,0.0,1.858,0.824,1.901,1.0,0.0,0.0,2.289
60,1.0,0.0,1.858,0.83,1.901,1.0,0.0,0.0,2.289
61,1.0,0.0,1.858,0.832,1.901,1.0,0.0,1.0,2.199
62,1.0,0.0,1.858,0.827,1.901,1.0,0.0,1.0,2.199
63,1.0,0.0,1.858,0.826,1.901,1.0,0.0,0.0,2.289
64,1.0,0.0,1.667,0.826,1.901,1.0,0.0,1.0,2.199
65,1.0,0.0,1.667,0.811,1.901,1.0,0.0,1.0,2.199
66,1.0,0.0,1.667,0.81,1.901,1.0,0.0,0.0,2.289
67,1.0,0.0,1.667,0.817,1.901,1.0,0.0,1.0,2.199
68,1.0,0.0,1.667,0.814,1.901,1.0,0.0,0.0,2.289
69,1.0,0.0,1.764,0.807,1.901,1.0,0.0,0.0,2.289
70,1.0,0.0,1.764,0.834,1.901,1.0,0.0,0.0,2.289
71,1.0,0.0,1.764,0.839,1.901,1.0,0.0,1.0,2.199
72,1.0,0.777777778,1.764,0.84,1.901,1.0,0.0,1.0,2.199
73,1.0,0.777777778,1.764,0.85,1.901,1.0,0.0,1.0,2.199
74,1.0,0.777777778,1.088,0.849,1.901,1.0,0.0,0.0,2.289
75,1.0,0.777777778,0.471,0.848,0.853,1.0,0.0,1.0,1.873
76,1.0,0.777777778,1.561,0.841,0.853,1.0,0.0,0.0,2.903
81,1.0,0.920634921,1.959,0.894,1.753,0.0,1.0,1.0,1.565
82,1.0,0.920634921,1.959,0.894,1.753,0.0,1.0,1.0,1.565
83,1.0,0.920634921,1.959,0.887,1.753,0.0,1.0,1.0,1.565
84,1.0,0.920634921,1.959,0.889,1.753,0.0,1.0,0.0,2.224
85,1.0,0.920634921,1.959,0.893,1.753,0.0,1.0,1.0,1.565
88,1.0,0.920634921,1.959,0.886,1.753,0.0,1.0,1.0,1.598
89,1.0,0.920634921,1.959,0.886,1.753,0.0,1.0,0.0,2.501
90,1.0,0.920634921,1.959,0.889,1.753,0.0,1.0,1.0,1.598
91,1.0,0.920634921,1.959,0.87,1.753,0.0,1.0,1.0,1.598
92,1.0,0.920634921,1.959,0.829,1.753,0.0,1.0,1.0,1.598
93,1.0,0.920634921,1.959,0.837,1.753,0.0,1.0,0.0,2.222
94,1.0,0.920634921,1.959,0.841,1.753,0.0,1.0,0.0,2.589
95,1.0,0.920634921,1.959,0.833,0.37,0.0,1.0,1.0,1.545
96,1.0,0.908119658,1.04,0.626,1.707,0.0,1.0,1.0,1.08
97,1.0,0.908119658,1.04,0.665,1.707,0.0,1.0,1.0,1.08
98,1.0,0.900966184,1.04,0.658,1.707,0.0,1.0,1.0,1.08
99,1.0,0.905092593,1.04,0.659,1.707,0.0,1.0,1.0,1.08
100,1.0,0.0,-2.151,0.13,1.087,0.0,0.0,1.0,-0.755
101,1.0,0.0,-2.099,0.131,1.087,0.0,0.0,1.0,-0.755
102,1.0,0.0,-2.099,0.131,1.087,0.0,0.0,0.0,-0.632
103,1.0,0.0,0.415,0.227,-1.255,0.0,1.0,0.0,-0.59
104,1.0,0.0,0.415,0.226,-0.799,0.0,1.0,0.0,-0.95
108,1.0,0.32748538,-0.157,0.4,0.265,1.0,0.0,1.0,-0.751
117,1.0,0.0,1.389,0.885,1.057,0.0,1.0,1.0,1.789
121,1.0,0.0,1.597,0.883,1.057,0.0,1.0,0.0,2.153
127,1.0,0.62962963,1.597,0.868,1.057,0.0,1.0,0.0,2.153
135,1.0,0.0,1.092,0.843,1.784,0.0,1.0,1.0,1.7
137,1.0,0.0,1.092,0.843,1.784,0.0,1.0,1.0,1.7
138,1.0,0.0,1.092,0.843,1.784,0.0,1.0,1.0,1.7
139,1.0,0.0,1.092,0.85,1.784,0.0,1.0,0.0,2.156
144,1.0,0.393939394,0.858,0.738,1.784,0.0,1.0,1.0,-0.062
149,1.0,0.494152047,-0.019,0.45,1.784,0.0,1.0,1.0,-0.758
151,1.0,0.447089947,0.829,0.434,1.784,0.0,1.0,1.0,-1.293
152,1.0,0.0,0.866,0.241,0.764,0.0,1.0,0.0,-2.054
153,1.0,0.0,0.866,0.232,0.764,0.0,1.0,0.0,-2.054
154,1.0,0.0,0.372,0.229,0.764,0.0,1.0,0.0,-1.597
155,1.0,0.873015873,0.372,0.23,0.764,0.0,1.0,0.0,-1.597
156,1.0,0.873015873,0.372,0.234,0.764,0.0,1.0,0.0,-1.597
157,1.0,0.873015873,0.372,0.242,0.764,0.0,1.0,0.0,-1.597
158,1.0,0.873015873,1.401,0.232,0.764,0.0,1.0,1.0,-1.902
159,1.0,0.0,1.467,0.427,1.883,0.0,0.0,0.0,1.908
160,1.0,0.0,1.72,0.425,1.883,0.0,0.0,0.0,1.908
161,1.0,0.0,1.241,0.524,1.883,0.0,0.0,0.0,1.542
162,1.0,0.0,1.241,0.539,1.883,0.0,0.0,0.0,1.542
163,1.0,0.0,1.241,0.539,1.883,0.0,0.0,0.0,1.542
164,1.0,0.777777778,1.241,0.534,1.883,0.0,0.0,0.0,1.542
165,1.0,0.777777778,1.241,0.512,1.883,0.0,0.0,0.0,1.802
166,1.0,0.851851852,1.241,0.496,1.883,0.0,0.0,0.0,1.594
167,1.0,0.851851852,1.241,0.501,1.883,0.0,0.0,0.0,1.594
168,1.0,0.851851852,1.567,0.57,1.883,0.0,0.0,0.0,1.402
169,1.0,0.851851852,1.567,0.557,1.883,0.0,0.0,1.0,1.967
170,1.0,0.0,-0.055,0.496,1.134,0.0,0.0,0.0,1.085
171,1.0,0.0,-0.055,0.614,1.134,0.0,0.0,0.0,1.085
172,1.0,0.0,-0.055,0.568,1.134,0.0,0.0,0.0,1.085
173,1.0,0.0,-0.369,0.501,1.134,0.0,0.0,1.0,1.09
174,1.0,-0.037037037,1.0,0.478,1.348,0.0,0.0,0.0,0.9
175,1.0,0.0,1.24,0.528,0.933,0.0,0.0,0.0,0.972
176,1.0,0.0,0.581,0.48,1.314,0.0,0.0,1.0,1.003
177,1.0,0.633986928,0.147,0.321,0.441,0.0,0.0,0.0,-0.101
179,1.0,0.633986928,0.147,0.325,0.441,0.0,0.0,0.0,-0.238
180,1.0,0.633986928,0.246,0.333,0.441,0.0,0.0,1.0,-0.361
181,1.0,0.633986928,1.238,0.425,0.441,0.0,0.0,1.0,0.789
182,1.0,0.763888889,0.707,0.778,0.879,0.0,0.0,0.0,0.687
183,1.0,0.763888889,0.442,0.777,0.879,0.0,0.0,1.0,0.904
185,1.0,0.814814815,0.442,0.754,0.879,0.0,0.0,1.0,0.904
186,1.0,0.814814815,1.044,0.767,0.031,0.0,0.0,1.0,0.696
187,1.0,0.711111111,-0.039,0.355,-0.761,0.0,0.0,0.0,-0.24
188,1.0,0.711111111,-0.039,0.357,-0.761,0.0,0.0,0.0,-0.24
189,1.0,0.711111111,-0.109,0.37,-0.484,0.0,0.0,0.0,-0.176
191,1.0,0.0,-0.156,0.081,-0.104,0.0,0.0,0.0,-0.975
192,1.0,0.0,0.43,0.655,1.036,0.0,0.0,1.0,1.874
193,1.0,0.0,0.49,0.656,1.036,0.0,0.0,0.0,1.555
194,1.0,0.0,1.062,0.682,1.036,0.0,0.0,1.0,1.406
196,1.0,0.0,1.047,0.685,1.67,0.0,0.0,1.0,1.257
199,1.0,0.0,1.055,0.481,1.421,0.0,0.0,0.0,0.586
200,1.0,0.0,1.055,0.506,1.421,0.0,0.0,0.0,0.586
201,1.0,0.953703704,1.055,0.554,1.421,0.0,0.0,0.0,0.677
203,1.0,0.907407407,1.195,0.555,1.421,0.0,0.0,0.0,0.879
204,1.0,0.907407407,0.79,0.52,1.421,0.0,0.0,0.0,0.879
206,1.0,0.907407407,1.226,0.488,1.421,0.0,0.0,0.0,0.842
209,1.0,0.0,-1.24,0.203,0.765,0.0,0.0,0.0,-0.662
210,1.0,0.0,1.066,0.451,1.109,0.0,0.0,1.0,-0.011
211,1.0,0.0,1.19,0.466,1.579,0.0,0.0,0.0,-0.141
212,1.0,0.0,0.746,0.47,1.579,0.0,0.0,0.0,-0.164
213,1.0,0.0,0.746,0.469,1.579,0.0,0.0,0.0,-0.164
214,1.0,0.0,1.228,0.419,1.757,0.0,0.0,1.0,0.697
215,1.0,0.0,1.398,0.395,1.757,0.0,0.0,0.0,-0.23
216,1.0,0.0,1.398,0.368,1.757,0.0,0.0,1.0,0.001
219,1.0,0.0,-0.996,0.235,1.298,0.0,0.0,1.0,-0.337
220,1.0,0.0,0.119,0.552,1.298,0.0,0.0,1.0,0.474
221,1.0,0.0,0.207,0.463,1.298,0.0,0.0,1.0,0.488
222,1.0,0.0,0.388,0.521,1.821,0.0,0.0,1.0,0.94
223,1.0,0.0,0.17,0.485,1.821,0.0,0.0,1.0,0.185
224,1.0,0.533333333,0.428,0.45,1.821,0.0,0.0,0.0,0.375
225,1.0,0.533333333,0.428,0.428,1.821,0.0,0.0,0.0,0.375
226,1.0,0.359477124,0.181,0.411,1.821,0.0,0.0,0.0,0.115
233,1.0,0.55308642,0.036,0.876,1.76,0.0,1.0,1.0,1.721
235,1.0,0.559178744,-0.373,0.698,1.76,0.0,1.0,0.0,1.792
241,1.0,0.0,-1.621,0.216,0.452,0.0,0.0,1.0,-1.038
244,1.0,0.0,1.673,0.414,1.667,1.0,0.0,1.0,0.016
245,1.0,0.0,1.673,0.414,1.667,1.0,0.0,0.0,0.374
246,1.0,0.0,1.673,0.416,1.667,1.0,0.0,0.0,0.374
247,1.0,0.305555556,1.673,0.403,1.667,1.0,0.0,0.0,0.132
248,1.0,0.305555556,1.673,0.402,1.667,1.0,0.0,0.0,0.416
250,1.0,0.0,0.305,0.392,-0.987,0.0,0.0,0.0,0.691
251,1.0,0.0,1.37,0.663,1.237,0.0,0.0,0.0,0.909
252,1.0,0.0,1.37,0.709,1.237,0.0,0.0,0.0,0.909
253,1.0,0.0,1.37,0.743,1.237,0.0,0.0,1.0,1.392
254,1.0,0.0,1.37,0.743,1.237,0.0,0.0,1.0,1.392
255,1.0,0.0,1.37,0.743,1.237,0.0,0.0,1.0,1.392
256,1.0,0.0,1.37,0.764,1.237,0.0,0.0,1.0,1.392
257,1.0,0.0,1.37,0.778,1.237,0.0,0.0,1.0,1.392
258,1.0,0.0,1.37,0.779,1.237,0.0,0.0,0.0,0.909
259,1.0,0.0,1.37,0.779,1.237,0.0,0.0,0.0,1.28
260,1.0,0.0,1.37,0.775,1.237,0.0,0.0,1.0,1.392
261,1.0,0.0,1.37,0.775,1.237,0.0,0.0,0.0,1.28
262,1.0,0.0,1.37,0.778,1.237,0.0,0.0,1.0,1.392
263,1.0,0.0,1.37,0.777,1.237,0.0,0.0,1.0,1.392
264,1.0,0.0,1.37,0.779,1.237,0.0,0.0,1.0,1.392
265,1.0,0.0,1.355,0.765,1.237,0.0,0.0,0.0,1.494
266,1.0,0.0,1.355,0.758,1.237,0.0,0.0,1.0,1.554
267,1.0,0.0,1.355,0.755,1.237,0.0,0.0,0.0,1.494
268,1.0,0.0,1.355,0.752,1.237,0.0,0.0,1.0,1.554
269,1.0,0.0,1.355,0.738,1.237,0.0,0.0,0.0,1.494
270,1.0,0.0,1.355,0.747,1.237,0.0,0.0,0.0,1.494
271,1.0,0.0,1.355,0.727,1.237,0.0,0.0,0.0,1.377
272,1.0,0.402777778,1.355,0.719,1.237,0.0,0.0,1.0,1.869
273,1.0,0.402777778,1.355,0.725,1.237,0.0,0.0,1.0,1.869
274,1.0,0.402777778,1.355,0.718,1.237,0.0,0.0,0.0,2.031
276,1.0,0.0,-0.607,0.513,0.734,0.0,0.0,1.0,0.651
277,1.0,0.0,1.243,0.591,0.823,0.0,0.0,0.0,1.954
279,1.0,0.0,1.576,0.585,1.268,0.0,0.0,0.0,1.449
280,1.0,0.0,0.426,0.201,1.345,0.0,1.0,1.0,-2.121
281,1.0,0.0,1.633,0.168,1.345,0.0,1.0,0.0,-2.077
285,1.0,0.0,-0.237,0.411,1.111,0.0,0.0,0.0,0.509
286,1.0,0.0,-0.237,0.493,1.111,0.0,0.0,0.0,0.994
287,1.0,0.0,-0.237,0.446,1.513,0.0,0.0,0.0,0.994
288,1.0,0.0,-0.237,0.162,0.773,0.0,0.0,0.0,-0.38
289,1.0,0.0,0.591,0.16,0.665,0.0,0.0,0.0,-0.77
290,1.0,0.0,0.591,0.154,0.665,0.0,0.0,0.0,-0.661
291,1.0,0.0,0.489,0.201,0.665,0.0,0.0,0.0,-0.661
305,1.0,0.0,-1.654,0.388,1.486,0.0,1.0,0.0,0.501
308,1.0,0.0,-3.131,0.295,0.245,0.0,1.0,1.0,0.156
312,1.0,0.619047619,-1.519,0.285,1.455,0.0,1.0,0.0,-0.789
314,1.0,0.0,-0.813,0.27,1.888,0.0,0.0,0.0,-0.064
315,1.0,0.0,-1.096,0.32,1.888,0.0,0.0,0.0,-0.064
316,1.0,0.0,-0.944,0.318,1.888,0.0,0.0,0.0,-0.064
317,1.0,0.0,-0.987,0.312,1.888,0.0,0.0,0.0,-0.101
319,1.0,0.0,-0.748,0.283,1.888,0.0,0.0,0.0,-0.544
320,1.0,0.0,-1.002,0.284,1.888,0.0,0.0,0.0,-0.544
321,1.0,0.755555556,-0.835,0.285,0.984,0.0,0.0,0.0,-0.956
322,1.0,0.0,1.066,0.533,2.009,1.0,0.0,1.0,1.853
323,1.0,0.0,1.066,0.559,2.009,1.0,0.0,0.0,1.336
324,1.0,0.0,1.087,0.554,2.009,1.0,0.0,1.0,1.574
325,1.0,0.0,1.087,0.562,2.009,1.0,0.0,1.0,1.055
326,1.0,0.0,1.087,0.585,2.009,1.0,0.0,1.0,1.875
327,1.0,0.0,1.087,0.612,2.009,1.0,0.0,1.0,1.875
328,1.0,0.0,1.087,0.668,2.009,1.0,0.0,1.0,1.875
329,1.0,0.0,1.087,0.679,2.009,1.0,0.0,1.0,1.875
330,1.0,0.0,1.087,0.678,2.009,1.0,0.0,1.0,1.875
331,1.0,0.0,1.087,0.672,2.009,1.0,0.0,1.0,1.875
332,1.0,0.0,1.087,0.693,2.009,1.0,0.0,1.0,1.875
333,1.0,0.0,1.087,0.7,2.009,1.0,0.0,1.0,1.875
334,1.0,0.0,1.087,0.7,2.009,1.0,0.0,1.0,1.875
335,1.0,0.0,1.751,0.718,2.009,1.0,0.0,1.0,2.327
336,1.0,0.0,1.751,0.724,2.009,1.0,0.0,1.0,2.327
337,1.0,0.0,1.751,0.765,2.009,1.0,0.0,1.0,2.327
338,1.0,0.0,1.751,0.782,2.009,1.0,0.0,1.0,2.327
339,1.0,0.0,1.751,0.791,2.009,1.0,0.0,1.0,2.327
340,1.0,0.0,1.191,0.831,2.009,1.0,0.0,1.0,2.327
341,1.0,0.0,1.191,0.834,2.009,1.0,0.0,0.0,1.454
342,1.0,0.0,1.191,0.832,2.009,1.0,0.0,1.0,2.327
343,1.0,0.0,2.157,0.855,2.009,1.0,0.0,0.0,1.454
344,1.0,0.0,2.157,0.856,2.009,1.0,0.0,1.0,2.327
345,1.0,0.0,2.157,0.857,2.009,1.0,0.0,1.0,2.327
346,1.0,0.0,2.157,0.863,2.009,1.0,0.0,1.0,2.327
347,1.0,0.0,2.157,0.862,2.009,1.0,0.0,1.0,2.327
348,1.0,0.0,2.157,0.859,2.009,1.0,0.0,1.0,2.327
349,1.0,0.0,2.157,0.863,2.009,1.0,0.0,1.0,2.327
350,1.0,0.0,2.157,0.867,2.009,1.0,0.0,0.0,1.454
351,1.0,0.0,2.157,0.872,2.009,1.0,0.0,1.0,2.327
352,1.0,0.0,2.157,0.867,2.009,1.0,0.0,0.0,1.454
353,1.0,0.0,2.157,0.867,2.009,1.0,0.0,1.0,2.327
354,1.0,0.0,2.157,0.868,2.009,1.0,0.0,0.0,1.454
355,1.0,-0.666666667,2.157,0.869,2.009,1.0,0.0,0.0,1.454
356,1.0,-0.666666667,2.157,0.871,2.009,1.0,0.0,1.0,2.327
357,1.0,0.0,2.157,0.871,2.009,1.0,0.0,0.0,1.454
358,1.0,0.0,2.157,0.868,2.009,1.0,0.0,1.0,2.327
359,1.0,0.0,2.157,0.867,2.009,1.0,0.0,1.0,2.327
360,1.0,0.0,2.157,0.828,2.009,1.0,0.0,1.0,2.327
361,1.0,0.0,2.157,0.829,2.009,1.0,0.0,1.0,2.327
362,1.0,0.0,2.157,0.862,2.009,1.0,0.0,1.0,2.327
363,1.0,0.0,2.157,0.862,2.009,1.0,0.0,0.0,1.862
364,1.0,0.0,2.157,0.897,2.009,1.0,0.0,0.0,1.862
365,1.0,0.0,2.157,0.9,2.009,1.0,0.0,1.0,2.327
366,1.0,0.0,2.157,0.9,2.009,1.0,0.0,1.0,2.327
367,1.0,0.0,2.157,0.9,2.009,1.0,0.0,1.0,2.522
368,1.0,0.0,2.157,0.896,2.009,1.0,0.0,1.0,2.522
369,1.0,0.0,2.157,0.896,2.009,1.0,0.0,1.0,2.522
370,1.0,0.0,2.157,0.905,2.009,1.0,0.0,0.0,2.366
371,1.0,0.0,2.157,0.901,2.009,1.0,0.0,0.0,2.366
372,1.0,0.0,2.157,0.9,2.009,1.0,0.0,0.0,2.366
373,1.0,1.0,1.733,0.885,2.009,1.0,0.0,0.0,2.645
374,1.0,1.0,1.733,0.834,2.009,1.0,0.0,0.0,2.645
375,1.0,1.0,1.733,0.824,2.009,1.0,0.0,0.0,2.645
376,1.0,1.0,1.733,0.818,2.009,1.0,0.0,0.0,2.619
377,1.0,1.0,1.484,0.815,2.009,1.0,0.0,0.0,2.233
378,1.0,1.0,1.484,0.821,2.009,1.0,0.0,0.0,2.184
381,1.0,1.0,1.484,0.843,2.009,1.0,0.0,0.0,2.102
382,1.0,0.0,1.977,0.912,1.893,0.0,1.0,1.0,1.952
383,1.0,0.746031746,1.977,0.867,1.893,0.0,1.0,0.0,2.36
384,1.0,0.746031746,1.977,0.852,1.893,0.0,1.0,1.0,2.069
385,1.0,0.746031746,1.977,0.833,1.893,0.0,1.0,0.0,2.575
388,1.0,0.40530303,-0.836,0.431,1.041,0.0,1.0,1.0,-2.685
393,1.0,0.0,-1.364,0.149,-1.011,0.0,1.0,0.0,-0.844
394,1.0,0.0,-0.914,0.147,-1.011,0.0,1.0,0.0,-0.844
395,1.0,0.0,-0.914,0.147,-1.011,0.0,1.0,0.0,-0.844
396,1.0,0.0,-0.914,0.148,-1.011,0.0,1.0,0.0,-0.844
397,1.0,0.0,-0.914,0.15,-1.011,0.0,1.0,0.0,-0.844
399,1.0,-0.222222222,1.242,0.5,1.646,0.0,0.0,1.0,0.635
400,1.0,-0.222222222,1.131,0.485,1.183,0.0,0.0,0.0,1.422
401,1.0,-0.222222222,1.131,0.478,1.183,0.0,0.0,0.0,1.422
402,1.0,-0.222222222,0.984,0.353,1.066,0.0,0.0,0.0,0.524
403,1.0,0.0,-2.384,0.31,1.295,0.0,0.0,1.0,1.019
404,1.0,0.0,-2.773,0.269,1.295,0.0,0.0,1.0,0.092
407,1.0,0.0,-0.209,0.289,1.774,0.0,0.0,1.0,0.412
408,1.0,0.0,0.264,0.303,1.774,0.0,0.0,0.0,0.506
409,1.0,0.0,0.886,0.302,1.774,0.0,0.0,0.0,0.362
410,1.0,0.0,-0.103,0.297,1.168,0.0,0.0,0.0,0.506
411,1.0,0.0,0.336,0.3,1.703,0.0,0.0,1.0,0.412
413,1.0,0.0,1.834,0.896,1.835,1.0,0.0,1.0,3.366
414,1.0,0.0,1.834,0.862,1.835,1.0,0.0,1.0,2.528
415,1.0,0.0,1.834,0.862,1.835,1.0,0.0,0.0,3.014
416,1.0,0.0,1.834,0.862,1.835,1.0,0.0,1.0,2.528
417,1.0,0.0,1.834,0.862,1.835,1.0,0.0,0.0,3.014
418,1.0,0.0,1.834,0.855,1.835,1.0,0.0,1.0,2.528
419,1.0,0.0,1.834,0.871,1.835,1.0,0.0,0.0,3.014
420,1.0,0.0,1.834,0.871,1.835,1.0,0.0,0.0,3.014
421,1.0,0.0,1.834,0.871,1.835,1.0,0.0,0.0,3.014
422,1.0,0.0,1.834,0.871,1.835,1.0,0.0,1.0,3.279
423,1.0,0.0,1.834,0.871,1.835,1.0,0.0,0.0,3.014
424,1.0,0.944444444,1.834,0.86,1.835,1.0,0.0,1.0,3.279
425,1.0,0.944444444,1.834,0.86,1.835,1.0,0.0,0.0,3.014
426,1.0,0.944444444,1.834,0.86,1.835,1.0,0.0,0.0,3.014
427,1.0,1.0,1.834,0.825,1.835,1.0,0.0,0.0,3.014
431,1.0,0.055555556,-1.729,0.252,1.826,0.0,0.0,1.0,-1.089
433,1.0,0.0,1.309,0.717,1.874,0.0,0.0,1.0,1.74
434,1.0,0.0,1.858,0.835,1.901,1.0,0.0,1.0,2.199
435,1.0,0.0,1.858,0.84,1.901,1.0,0.0,1.0,2.199
436,1.0,0.0,1.858,0.836,1.901,1.0,0.0,1.0,2.199
437,1.0,0.0,1.858,0.832,1.901,1.0,0.0,0.0,2.289
438,1.0,0.0,1.858,0.825,1.901,1.0,0.0,1.0,2.199
439,1.0,0.0,1.858,0.824,1.901,1.0,0.0,1.0,2.199
440,1.0,0.0,1.858,0.83,1.901,1.0,0.0,0.0,2.289
441,1.0,0.0,1.858,0.826,1.901,1.0,0.0,1.0,2.199
442,1.0,0.0,1.858,0.826,1.901,1.0,0.0,1.0,2.199
443,1.0,0.0,1.667,0.826,1.901,1.0,0.0,1.0,2.199
444,1.0,0.0,1.667,0.826,1.901,1.0,0.0,1.0,2.199
445,1.0,0.0,1.667,0.826,1.901,1.0,0.0,1.0,2.199
446,1.0,0.0,1.667,0.811,1.901,1.0,0.0,1.0,2.199
447,1.0,0.0,1.667,0.811,1.901,1.0,0.0,0.0,2.289
448,1.0,0.0,1.667,0.811,1.901,1.0,0.0,1.0,2.199
449,1.0,0.0,1.667,0.81,1.901,1.0,0.0,1.0,2.199
450,1.0,0.0,1.667,0.817,1.901,1.0,0.0,0.0,2.289
451,1.0,0.0,1.667,0.817,1.901,1.0,0.0,0.0,2.289
452,1.0,0.0,1.667,0.817,1.901,1.0,0.0,0.0,2.289
453,1.0,0.0,1.667,0.817,1.901,1.0,0.0,0.0,2.289
454,1.0,0.0,1.667,0.817,1.901,1.0,0.0,0.0,2.289
455,1.0,0.0,1.667,0.814,1.901,1.0,0.0,1.0,2.199
456,1.0,0.0,1.667,0.814,1.901,1.0,0.0,0.0,2.289
457,1.0,0.0,1.667,0.814,1.901,1.0,0.0,0.0,2.289
458,1.0,0.0,1.764,0.807,1.901,1.0,0.0,0.0,2.289
459,1.0,0.0,1.764,0.807,1.901,1.0,0.0,1.0,2.199
460,1.0,0.0,1.764,0.834,1.901,1.0,0.0,1.0,2.199
461,1.0,0.0,1.764,0.834,1.901,1.0,0.0,1.0,2.199
462,1.0,0.0,1.764,0.839,1.901,1.0,0.0,0.0,2.289
463,1.0,0.0,1.764,0.839,1.901,1.0,0.0,0.0,2.289
464,1.0,0.0,1.764,0.839,1.901,1.0,0.0,1.0,2.199
465,1.0,0.0,1.764,0.839,1.901,1.0,0.0,0.0,2.289
466,1.0,0.777777778,1.764,0.84,1.901,1.0,0.0,1.0,2.199
467,1.0,0.777777778,1.764,0.84,1.901,1.0,0.0,0.0,2.289
468,1.0,0.777777778,1.764,0.85,1.901,1.0,0.0,0.0,2.289
469,1.0,0.777777778,1.764,0.85,1.901,1.0,0.0,0.0,2.289
470,1.0,0.777777778,1.764,0.85,1.901,1.0,0.0,0.0,2.289
471,1.0,0.777777778,1.088,0.849,1.901,1.0,0.0,1.0,1.648
472,1.0,0.777777778,1.088,0.849,1.901,1.0,0.0,1.0,1.648
473,1.0,0.920634921,1.959,0.88,0.413,0.0,1.0,1.0,1.565
474,1.0,0.920634921,1.959,0.886,1.753,0.0,1.0,1.0,1.598
477,1.0,0.920634921,1.959,0.87,1.753,0.0,1.0,1.0,1.598
479,1.0,0.920634921,1.959,0.829,1.753,0.0,1.0,0.0,1.222
480,1.0,0.920634921,1.959,0.829,1.753,0.0,1.0,0.0,1.222
481,1.0,0.920634921,1.959,0.829,1.753,0.0,1.0,0.0,1.222
482,1.0,0.920634921,1.959,0.837,1.753,0.0,1.0,0.0,2.222
483,1.0,0.920634921,1.959,0.837,1.753,0.0,1.0,0.0,2.222
484,1.0,0.920634921,1.959,0.837,1.753,0.0,1.0,1.0,1.598
485,1.0,0.920634921,1.959,0.837,1.753,0.0,1.0,0.0,2.222
486,1.0,0.920634921,1.959,0.837,1.753,0.0,1.0,0.0,2.222
487,1.0,0.920634921,1.959,0.837,1.753,0.0,1.0,0.0,2.222
488,1.0,0.920634921,1.959,0.837,1.753,0.0,1.0,0.0,2.222
490,1.0,0.920634921,1.959,0.841,1.753,0.0,1.0,1.0,1.72
491,1.0,0.920634921,1.959,0.841,1.753,0.0,1.0,0.0,2.589
492,1.0,0.920634921,1.959,0.841,1.753,0.0,1.0,0.0,2.589
493,1.0,0.908119658,1.04,0.626,1.707,0.0,1.0,1.0,1.08
494,1.0,0.900966184,1.04,0.658,1.707,0.0,1.0,1.0,1.08
495,1.0,0.0,-2.151,0.13,1.087,0.0,0.0,1.0,-0.755
496,1.0,0.0,0.415,0.227,-1.255,0.0,1.0,0.0,-0.59
501,1.0,0.0,1.597,0.89,1.057,0.0,1.0,0.0,2.153
503,1.0,0.0,1.597,0.89,1.057,0.0,1.0,0.0,2.153
504,1.0,0.0,1.597,0.89,1.057,0.0,1.0,0.0,2.153
506,1.0,0.0,1.597,0.889,1.057,0.0,1.0,0.0,2.153
508,1.0,0.0,1.597,0.889,1.057,0.0,1.0,0.0,2.153
510,1.0,0.0,1.597,0.883,1.057,0.0,1.0,0.0,2.153
511,1.0,0.0,1.597,0.883,1.057,0.0,1.0,1.0,1.789
513,1.0,0.0,1.597,0.883,1.057,0.0,1.0,1.0,1.789
515,1.0,0.0,1.597,0.883,1.057,0.0,1.0,0.0,2.153
517,1.0,0.0,1.597,0.883,1.057,0.0,1.0,1.0,1.789
518,1.0,0.0,1.597,0.886,1.057,0.0,1.0,1.0,1.789
520,1.0,0.62962963,1.597,0.866,1.057,0.0,1.0,0.0,2.153
524,1.0,0.62962963,1.597,0.866,1.057,0.0,1.0,0.0,2.153
525,1.0,0.62962963,1.597,0.866,1.057,0.0,1.0,0.0,2.153
526,1.0,0.62962963,1.597,0.868,1.057,0.0,1.0,0.0,2.153
528,1.0,0.62962963,1.597,0.868,1.057,0.0,1.0,0.0,2.153
542,1.0,0.393939394,0.858,0.738,1.784,0.0,1.0,1.0,-0.062
545,1.0,0.393939394,0.858,0.738,1.784,0.0,1.0,1.0,-0.062
552,1.0,0.393939394,0.858,0.555,1.784,0.0,1.0,1.0,-0.056
553,1.0,0.393939394,0.151,0.481,1.784,0.0,1.0,1.0,-0.33
556,1.0,0.494152047,-0.019,0.45,1.784,0.0,1.0,1.0,-0.758
559,1.0,0.447089947,0.829,0.434,1.784,0.0,1.0,1.0,-1.293
560,1.0,0.0,0.372,0.229,0.764,0.0,1.0,0.0,-1.597
561,1.0,0.873015873,0.372,0.23,0.764,0.0,1.0,0.0,-1.597
562,1.0,0.873015873,0.372,0.23,0.764,0.0,1.0,0.0,-1.597
563,1.0,0.873015873,0.372,0.23,0.764,0.0,1.0,0.0,-1.597
564,1.0,0.873015873,0.372,0.23,0.764,0.0,1.0,0.0,-1.597
565,1.0,0.873015873,0.372,0.234,0.764,0.0,1.0,0.0,-1.597
566,1.0,0.0,1.241,0.539,1.883,0.0,0.0,0.0,1.542
567,1.0,0.0,1.241,0.539,1.883,0.0,0.0,0.0,1.542
568,1.0,0.777777778,1.241,0.534,1.883,0.0,0.0,0.0,1.542
569,1.0,0.777777778,1.241,0.534,1.883,0.0,0.0,1.0,1.333
570,1.0,0.777777778,1.241,0.512,1.883,0.0,0.0,0.0,1.802
571,1.0,0.851851852,1.241,0.496,1.883,0.0,0.0,0.0,1.594
572,1.0,0.851851852,1.241,0.501,1.883,0.0,0.0,0.0,1.594
573,1.0,0.0,0.581,0.48,1.314,0.0,0.0,0.0,1.337
574,1.0,0.633986928,0.147,0.323,0.441,0.0,0.0,0.0,-0.101
575,1.0,0.633986928,0.147,0.323,0.441,0.0,0.0,0.0,-0.101
576,1.0,0.633986928,0.147,0.325,0.441,0.0,0.0,0.0,-0.238
577,1.0,0.633986928,0.147,0.325,0.441,0.0,0.0,0.0,-0.238
578,1.0,0.633986928,0.147,0.325,0.441,0.0,0.0,0.0,-0.238
579,1.0,0.763888889,0.442,0.777,0.879,0.0,0.0,0.0,0.687
581,1.0,0.711111111,-0.039,0.355,-0.761,0.0,0.0,0.0,-0.24
582,1.0,0.711111111,-0.039,0.357,-0.761,0.0,0.0,0.0,-0.24
583,1.0,0.711111111,-0.039,0.357,-0.761,0.0,0.0,0.0,-0.24
584,1.0,0.711111111,-0.039,0.357,-0.761,0.0,0.0,0.0,-0.24
585,1.0,0.711111111,-0.039,0.357,-0.761,0.0,0.0,0.0,-0.24
586,1.0,0.711111111,-0.039,0.357,-0.761,0.0,0.0,0.0,-0.24
587,1.0,0.711111111,-0.039,0.357,-0.761,0.0,0.0,0.0,-0.24
588,1.0,0.711111111,-0.039,0.357,-0.761,0.0,0.0,0.0,-0.24
589,1.0,0.711111111,-0.039,0.357,-0.761,0.0,0.0,0.0,-0.24
590,1.0,0.711111111,-0.039,0.357,-0.761,0.0,0.0,0.0,-0.24
591,1.0,0.711111111,-0.109,0.37,-0.484,0.0,0.0,0.0,-0.176
595,1.0,0.0,1.055,0.481,1.421,0.0,0.0,0.0,0.586
596,1.0,0.0,1.055,0.481,1.421,0.0,0.0,0.0,0.586
597,1.0,0.0,1.055,0.506,1.421,0.0,0.0,0.0,0.586
598,1.0,0.953703704,1.055,0.554,1.421,0.0,0.0,0.0,0.677
599,1.0,0.907407407,1.195,0.556,1.421,0.0,0.0,0.0,0.879
600,1.0,0.907407407,1.195,0.556,1.421,0.0,0.0,0.0,0.879
603,1.0,0.907407407,1.226,0.488,1.421,0.0,0.0,0.0,0.842
605,1.0,0.907407407,1.548,0.49,1.421,0.0,0.0,0.0,0.489
607,1.0,0.0,1.19,0.466,1.579,0.0,0.0,0.0,-0.141
608,1.0,0.0,0.746,0.47,1.579,0.0,0.0,1.0,0.697
609,1.0,0.0,0.746,0.47,1.579,0.0,0.0,0.0,-0.164
610,1.0,0.0,1.228,0.419,1.757,0.0,0.0,0.0,-0.164
611,1.0,0.0,1.398,0.368,1.757,0.0,0.0,0.0,-0.41
612,1.0,0.0,1.398,0.368,1.757,0.0,0.0,0.0,-0.41
614,1.0,0.0,0.388,0.521,1.821,0.0,0.0,1.0,0.94
615,1.0,0.0,0.388,0.521,1.821,0.0,0.0,0.0,0.597
616,1.0,0.359477124,0.181,0.411,1.821,0.0,0.0,1.0,0.224
619,1.0,0.559178744,-1.0,0.694,1.76,0.0,1.0,1.0,-0.293
620,1.0,0.449074074,-1.159,0.587,1.76,0.0,1.0,0.0,0.963
622,1.0,0.449074074,-1.149,0.578,1.76,0.0,1.0,1.0,-0.433
624,1.0,0.0,1.673,0.414,1.667,1.0,0.0,0.0,0.374
625,1.0,0.0,1.673,0.414,1.667,1.0,0.0,0.0,0.374
626,1.0,0.305555556,1.673,0.403,1.667,1.0,0.0,0.0,0.132
627,1.0,0.305555556,1.673,0.403,1.667,1.0,0.0,0.0,0.132
628,1.0,0.305555556,1.673,0.403,1.667,1.0,0.0,0.0,0.132
630,1.0,0.0,1.37,0.764,1.237,0.0,0.0,0.0,0.909
631,1.0,0.0,1.37,0.764,1.237,0.0,0.0,1.0,1.392
632,1.0,0.0,1.37,0.764,1.237,0.0,0.0,1.0,1.392
633,1.0,0.0,1.37,0.764,1.237,0.0,0.0,0.0,0.909
634,1.0,0.0,1.37,0.764,1.237,0.0,0.0,0.0,0.909
635,1.0,0.0,1.37,0.778,1.237,0.0,0.0,1.0,1.392
636,1.0,0.0,1.37,0.779,1.237,0.0,0.0,1.0,1.392
637,1.0,0.0,1.37,0.775,1.237,0.0,0.0,0.0,1.28
638,1.0,0.0,1.37,0.775,1.237,0.0,0.0,1.0,1.392
639,1.0,0.0,1.37,0.778,1.237,0.0,0.0,1.0,1.392
640,1.0,0.0,1.37,0.778,1.237,0.0,0.0,0.0,1.28
641,1.0,0.0,1.37,0.778,1.237,0.0,0.0,0.0,1.28
642,1.0,0.0,1.37,0.778,1.237,0.0,0.0,0.0,1.28
643,1.0,0.0,1.37,0.777,1.237,0.0,0.0,0.0,1.28
644,1.0,0.0,1.355,0.765,1.237,0.0,0.0,0.0,1.494
645,1.0,0.0,1.355,0.765,1.237,0.0,0.0,0.0,1.494
646,1.0,0.0,1.355,0.765,1.237,0.0,0.0,0.0,1.494
647,1.0,0.0,1.355,0.765,1.237,0.0,0.0,0.0,1.494
648,1.0,0.0,1.355,0.758,1.237,0.0,0.0,0.0,1.494
649,1.0,0.0,1.355,0.758,1.237,0.0,0.0,1.0,1.554
650,1.0,0.0,1.355,0.755,1.237,0.0,0.0,1.0,1.554
651,1.0,0.0,1.355,0.755,1.237,0.0,0.0,1.0,1.554
652,1.0,0.0,1.355,0.755,1.237,0.0,0.0,0.0,1.494
653,1.0,0.0,1.355,0.752,1.237,0.0,0.0,0.0,1.494
654,1.0,0.0,1.355,0.738,1.237,0.0,0.0,1.0,1.554
655,1.0,0.0,1.355,0.738,1.237,0.0,0.0,1.0,1.554
656,1.0,0.0,1.355,0.738,1.237,0.0,0.0,0.0,1.494
657,1.0,0.0,1.355,0.747,1.237,0.0,0.0,0.0,1.494
658,1.0,0.0,1.355,0.747,1.237,0.0,0.0,0.0,1.494
659,1.0,0.0,1.355,0.747,1.237,0.0,0.0,1.0,1.869
660,1.0,0.0,1.355,0.727,1.237,0.0,0.0,0.0,1.377
661,1.0,0.0,1.355,0.727,1.237,0.0,0.0,1.0,1.869
662,1.0,0.0,1.355,0.727,1.237,0.0,0.0,1.0,1.869
663,1.0,0.0,1.355,0.727,1.237,0.0,0.0,0.0,1.377
664,1.0,0.0,1.355,0.727,1.237,0.0,0.0,0.0,1.377
665,1.0,0.402777778,1.355,0.719,1.237,0.0,0.0,0.0,1.377
666,1.0,0.402777778,1.355,0.719,1.237,0.0,0.0,1.0,1.869
668,1.0,0.402777778,1.355,0.719,1.237,0.0,0.0,0.0,1.377
669,1.0,0.402777778,1.355,0.719,1.237,0.0,0.0,0.0,1.377
670,1.0,0.402777778,1.355,0.725,1.237,0.0,0.0,0.0,1.377
671,1.0,0.402777778,1.355,0.725,1.237,0.0,0.0,0.0,1.377
672,1.0,0.402777778,1.355,0.725,1.237,0.0,0.0,1.0,1.869
673,1.0,0.402777778,1.355,0.725,1.237,0.0,0.0,1.0,1.869
674,1.0,0.402777778,1.355,0.718,1.237,0.0,0.0,0.0,2.031
675,1.0,0.402777778,1.355,0.718,1.237,0.0,0.0,0.0,2.031
676,1.0,0.402777778,1.355,0.718,1.237,0.0,0.0,0.0,2.031
677,1.0,0.0,-0.237,0.493,1.111,0.0,0.0,0.0,0.994
678,1.0,0.0,-0.237,0.162,0.773,0.0,0.0,0.0,-0.38
679,1.0,0.0,-0.237,0.162,0.773,0.0,0.0,0.0,-0.38
680,1.0,0.0,-0.237,0.162,0.773,0.0,0.0,0.0,-0.38
681,1.0,0.0,-0.237,0.162,0.773,0.0,0.0,0.0,-0.38
682,1.0,0.0,-0.237,0.162,0.773,0.0,0.0,0.0,-0.38
683,1.0,0.0,-0.237,0.162,0.773,0.0,0.0,0.0,-0.38
684,1.0,0.0,-0.237,0.162,0.773,0.0,0.0,0.0,-0.38
685,1.0,0.0,-0.237,0.162,0.773,0.0,0.0,0.0,-0.38
686,1.0,0.0,-0.237,0.162,0.773,0.0,0.0,0.0,-0.38
687,1.0,0.0,-0.237,0.162,0.773,0.0,0.0,0.0,-0.38
688,1.0,0.0,-0.237,0.162,0.773,0.0,0.0,1.0,0.632
689,1.0,0.0,-0.237,0.162,0.773,0.0,0.0,0.0,-0.38
690,1.0,0.0,0.591,0.16,0.665,0.0,0.0,0.0,-0.77
691,1.0,0.0,0.591,0.154,0.665,0.0,0.0,0.0,-0.661
713,1.0,0.0,-1.462,0.469,1.486,0.0,1.0,1.0,1.459
714,1.0,0.0,-1.462,0.469,1.486,0.0,1.0,1.0,1.459
715,1.0,0.0,-1.462,0.469,1.486,0.0,1.0,1.0,1.459
719,1.0,0.0,-1.433,0.426,1.486,0.0,1.0,1.0,1.151
721,1.0,0.0,-1.433,0.426,1.486,0.0,1.0,0.0,0.501
722,1.0,0.0,-1.433,0.426,1.486,0.0,1.0,1.0,1.151
723,1.0,0.0,-1.433,0.426,1.486,0.0,1.0,1.0,1.151
724,1.0,0.0,-1.433,0.426,1.486,0.0,1.0,1.0,1.151
726,1.0,0.0,-1.433,0.426,1.486,0.0,1.0,1.0,1.151
727,1.0,0.0,-1.654,0.388,1.486,0.0,1.0,0.0,0.501
728,1.0,0.0,-1.654,0.388,1.486,0.0,1.0,0.0,0.501
730,1.0,0.0,-1.654,0.388,1.486,0.0,1.0,1.0,1.052
735,1.0,0.0,-3.131,0.295,0.245,0.0,1.0,1.0,0.156
736,1.0,0.0,-3.131,0.295,0.245,0.0,1.0,1.0,0.156
738,1.0,0.619047619,-1.736,0.292,1.25,0.0,1.0,1.0,0.093
743,1.0,0.619047619,-1.519,0.285,1.455,0.0,1.0,1.0,0.131
745,1.0,0.619047619,-1.519,0.285,1.455,0.0,1.0,1.0,0.131
746,1.0,0.619047619,-1.519,0.285,1.455,0.0,1.0,1.0,0.131
748,1.0,0.0,-0.944,0.318,1.888,0.0,0.0,0.0,-0.064
749,1.0,0.0,-0.987,0.312,1.888,0.0,0.0,1.0,-0.836
750,1.0,0.0,-0.987,0.312,1.888,0.0,0.0,0.0,-0.101
751,1.0,0.0,-0.987,0.312,1.888,0.0,0.0,0.0,-0.101
752,1.0,0.755555556,-0.835,0.285,0.984,0.0,0.0,0.0,-0.956
753,1.0,0.755555556,-0.835,0.285,0.984,0.0,0.0,0.0,-0.956
754,1.0,0.0,1.087,0.554,2.009,1.0,0.0,0.0,1.336
755,1.0,0.0,1.087,0.679,2.009,1.0,0.0,1.0,1.875
756,1.0,0.0,1.087,0.679,2.009,1.0,0.0,1.0,1.875
757,1.0,0.0,1.751,0.718,2.009,1.0,0.0,1.0,2.327
758,1.0,0.0,1.751,0.718,2.009,1.0,0.0,1.0,2.327
759,1.0,0.0,1.751,0.724,2.009,1.0,0.0,1.0,2.327
760,1.0,0.0,1.751,0.782,2.009,1.0,0.0,1.0,2.327
761,1.0,0.0,1.751,0.791,2.009,1.0,0.0,1.0,2.327
762,1.0,0.0,1.191,0.834,2.009,1.0,0.0,1.0,2.327
763,1.0,0.0,1.191,0.832,2.009,1.0,0.0,1.0,2.327
764,1.0,0.0,2.157,0.855,2.009,1.0,0.0,1.0,2.327
765,1.0,0.0,2.157,0.857,2.009,1.0,0.0,1.0,2.327
766,1.0,0.0,2.157,0.862,2.009,1.0,0.0,1.0,2.327
767,1.0,0.0,2.157,0.867,2.009,1.0,0.0,1.0,2.327
768,1.0,0.0,2.157,0.867,2.009,1.0,0.0,1.0,2.327
769,1.0,0.0,2.157,0.868,2.009,1.0,0.0,0.0,1.454
770,1.0,-0.666666667,2.157,0.869,2.009,1.0,0.0,1.0,2.327
771,1.0,0.0,2.157,0.828,2.009,1.0,0.0,1.0,2.327
772,1.0,0.0,2.157,0.829,2.009,1.0,0.0,1.0,2.327
773,1.0,0.0,2.157,0.829,2.009,1.0,0.0,0.0,1.862
774,1.0,0.0,2.157,0.862,2.009,1.0,0.0,0.0,1.862
775,1.0,0.0,2.157,0.9,2.009,1.0,0.0,1.0,2.327
776,1.0,0.0,2.157,0.9,2.009,1.0,0.0,1.0,2.522
777,1.0,0.0,2.157,0.896,2.009,1.0,0.0,0.0,2.002
778,1.0,0.0,2.157,0.896,2.009,1.0,0.0,1.0,2.522
779,1.0,0.0,2.157,0.896,2.009,1.0,0.0,0.0,2.002
780,1.0,0.0,2.157,0.896,2.009,1.0,0.0,0.0,2.002
781,1.0,0.0,2.157,0.896,2.009,1.0,0.0,0.0,2.002
782,1.0,0.0,2.157,0.896,2.009,1.0,0.0,1.0,2.522
783,1.0,0.0,2.157,0.905,2.009,1.0,0.0,0.0,2.366
784,1.0,0.0,2.157,0.905,2.009,1.0,0.0,0.0,2.366
785,1.0,0.0,2.157,0.905,2.009,1.0,0.0,0.0,2.366
786,1.0,0.0,2.157,0.905,2.009,1.0,0.0,0.0,2.366
787,1.0,0.0,2.157,0.905,2.009,1.0,0.0,0.0,2.366
788,1.0,0.0,2.157,0.905,2.009,1.0,0.0,0.0,2.366
789,1.0,0.0,2.157,0.905,2.009,1.0,0.0,0.0,2.366
790,1.0,0.0,2.157,0.905,2.009,1.0,0.0,0.0,2.366
791,1.0,0.0,2.157,0.905,2.009,1.0,0.0,1.0,2.634
792,1.0,0.0,2.157,0.905,2.009,1.0,0.0,0.0,2.366
793,1.0,0.0,2.157,0.905,2.009,1.0,0.0,0.0,2.366
794,1.0,0.0,2.157,0.905,2.009,1.0,0.0,0.0,2.366
795,1.0,0.0,2.157,0.905,2.009,1.0,0.0,0.0,2.366
796,1.0,0.0,2.157,0.905,2.009,1.0,0.0,0.0,2.366
797,1.0,0.0,2.157,0.905,2.009,1.0,0.0,0.0,2.366
798,1.0,0.0,2.157,0.905,2.009,1.0,0.0,0.0,2.366
799,1.0,0.0,2.157,0.905,2.009,1.0,0.0,0.0,2.366
800,1.0,0.0,2.157,0.905,2.009,1.0,0.0,0.0,2.366
801,1.0,0.0,2.157,0.905,2.009,1.0,0.0,1.0,2.634
802,1.0,0.0,2.157,0.905,2.009,1.0,0.0,0.0,2.366
803,1.0,0.0,2.157,0.905,2.009,1.0,0.0,1.0,2.634
804,1.0,0.0,2.157,0.905,2.009,1.0,0.0,0.0,2.366
805,1.0,0.0,2.157,0.905,2.009,1.0,0.0,0.0,2.366
806,1.0,0.0,2.157,0.905,2.009,1.0,0.0,1.0,2.634
807,1.0,0.0,2.157,0.905,2.009,1.0,0.0,0.0,2.366
808,1.0,0.0,2.157,0.905,2.009,1.0,0.0,0.0,2.366
809,1.0,0.0,2.157,0.905,2.009,1.0,0.0,0.0,2.366
810,1.0,0.0,2.157,0.905,2.009,1.0,0.0,0.0,2.366
811,1.0,0.0,2.157,0.905,2.009,1.0,0.0,0.0,2.366
812,1.0,0.0,2.157,0.901,2.009,1.0,0.0,0.0,2.366
813,1.0,0.0,2.157,0.901,2.009,1.0,0.0,0.0,2.366
814,1.0,0.0,2.157,0.901,2.009,1.0,0.0,0.0,2.366
815,1.0,0.0,2.157,0.901,2.009,1.0,0.0,0.0,2.366
816,1.0,0.0,2.157,0.901,2.009,1.0,0.0,1.0,2.634
817,1.0,0.0,2.157,0.901,2.009,1.0,0.0,0.0,2.366
818,1.0,0.0,2.157,0.901,2.009,1.0,0.0,0.0,2.366
819,1.0,0.0,2.157,0.901,2.009,1.0,0.0,0.0,2.366
820,1.0,0.0,2.157,0.901,2.009,1.0,0.0,0.0,2.366
821,1.0,0.0,2.157,0.901,2.009,1.0,0.0,0.0,2.366
822,1.0,0.0,2.157,0.901,2.009,1.0,0.0,0.0,2.366
823,1.0,0.0,2.157,0.901,2.009,1.0,0.0,0.0,2.366
824,1.0,0.0,2.157,0.901,2.009,1.0,0.0,0.0,2.366
825,1.0,0.0,2.157,0.901,2.009,1.0,0.0,0.0,2.366
826,1.0,0.0,2.157,0.901,2.009,1.0,0.0,0.0,2.366
827,1.0,0.0,2.157,0.901,2.009,1.0,0.0,0.0,2.366
828,1.0,0.0,2.157,0.901,2.009,1.0,0.0,0.0,2.366
829,1.0,0.0,2.157,0.901,2.009,1.0,0.0,0.0,2.366
830,1.0,0.0,2.157,0.901,2.009,1.0,0.0,0.0,2.366
831,1.0,0.0,2.157,0.901,2.009,1.0,0.0,0.0,2.366
832,1.0,0.0,2.157,0.901,2.009,1.0,0.0,0.0,2.366
833,1.0,0.0,2.157,0.901,2.009,1.0,0.0,1.0,2.634
834,1.0,0.0,2.157,0.901,2.009,1.0,0.0,0.0,2.366
835,1.0,0.0,2.157,0.901,2.009,1.0,0.0,1.0,2.634
836,1.0,0.0,2.157,0.901,2.009,1.0,0.0,0.0,2.366
837,1.0,0.0,2.157,0.901,2.009,1.0,0.0,1.0,2.634
838,1.0,0.0,2.157,0.901,2.009,1.0,0.0,0.0,2.366
839,1.0,0.0,2.157,0.901,2.009,1.0,0.0,0.0,2.366
840,1.0,0.0,2.157,0.901,2.009,1.0,0.0,0.0,2.366
841,1.0,0.0,2.157,0.901,2.009,1.0,0.0,0.0,2.366
842,1.0,0.0,2.157,0.901,2.009,1.0,0.0,0.0,2.366
843,1.0,0.0,2.157,0.901,2.009,1.0,0.0,1.0,2.634
844,1.0,0.0,2.157,0.901,2.009,1.0,0.0,0.0,2.366
845,1.0,0.0,2.157,0.901,2.009,1.0,0.0,0.0,2.366
846,1.0,0.0,2.157,0.901,2.009,1.0,0.0,0.0,2.366
847,1.0,0.0,2.157,0.901,2.009,1.0,0.0,0.0,2.366
848,1.0,0.0,2.157,0.901,2.009,1.0,0.0,1.0,2.634
849,1.0,0.0,2.157,0.901,2.009,1.0,0.0,0.0,2.366
850,1.0,0.0,2.157,0.901,2.009,1.0,0.0,0.0,2.366
851,1.0,0.0,2.157,0.901,2.009,1.0,0.0,0.0,2.366
852,1.0,0.0,2.157,0.901,2.009,1.0,0.0,0.0,2.366
853,1.0,0.0,2.157,0.901,2.009,1.0,0.0,0.0,2.366
854,1.0,0.0,2.157,0.901,2.009,1.0,0.0,0.0,2.366
855,1.0,0.0,2.157,0.901,2.009,1.0,0.0,0.0,2.366
856,1.0,0.0,2.157,0.901,2.009,1.0,0.0,0.0,2.366
857,1.0,0.0,2.157,0.901,2.009,1.0,0.0,0.0,2.366
858,1.0,0.0,2.157,0.901,2.009,1.0,0.0,0.0,2.366
859,1.0,0.0,2.157,0.901,2.009,1.0,0.0,0.0,2.366
860,1.0,0.0,2.157,0.9,2.009,1.0,0.0,0.0,2.366
861,1.0,0.0,2.157,0.9,2.009,1.0,0.0,0.0,2.366
862,1.0,0.0,2.157,0.9,2.009,1.0,0.0,1.0,2.634
863,1.0,0.0,2.157,0.9,2.009,1.0,0.0,0.0,2.366
864,1.0,0.0,2.157,0.9,2.009,1.0,0.0,0.0,2.366
865,1.0,0.0,2.157,0.9,2.009,1.0,0.0,0.0,2.366
866,1.0,0.0,2.157,0.9,2.009,1.0,0.0,0.0,2.366
867,1.0,0.0,2.157,0.9,2.009,1.0,0.0,0.0,2.366
868,1.0,0.0,2.157,0.9,2.009,1.0,0.0,0.0,2.366
869,1.0,0.0,2.157,0.9,2.009,1.0,0.0,0.0,2.366
870,1.0,0.0,2.157,0.9,2.009,1.0,0.0,0.0,2.366
871,1.0,1.0,1.733,0.885,2.009,1.0,0.0,0.0,2.645
872,1.0,1.0,1.733,0.885,2.009,1.0,0.0,0.0,2.645
873,1.0,1.0,1.733,0.885,2.009,1.0,0.0,0.0,2.645
874,1.0,1.0,1.733,0.885,2.009,1.0,0.0,0.0,2.645
875,1.0,1.0,1.733,0.885,2.009,1.0,0.0,0.0,2.645
876,1.0,1.0,1.733,0.885,2.009,1.0,0.0,0.0,2.645
877,1.0,1.0,1.733,0.885,2.009,1.0,0.0,0.0,2.645
878,1.0,1.0,1.733,0.885,2.009,1.0,0.0,1.0,2.634
879,1.0,1.0,1.733,0.885,2.009,1.0,0.0,0.0,2.645
880,1.0,1.0,1.733,0.885,2.009,1.0,0.0,1.0,2.634
881,1.0,1.0,1.733,0.885,2.009,1.0,0.0,0.0,2.645
882,1.0,1.0,1.733,0.885,2.009,1.0,0.0,0.0,2.645
883,1.0,1.0,1.733,0.885,2.009,1.0,0.0,0.0,2.645
884,1.0,1.0,1.733,0.885,2.009,1.0,0.0,0.0,2.645
885,1.0,1.0,1.733,0.885,2.009,1.0,0.0,0.0,2.645
886,1.0,1.0,1.733,0.885,2.009,1.0,0.0,0.0,2.645
887,1.0,1.0,1.733,0.885,2.009,1.0,0.0,0.0,2.645
888,1.0,1.0,1.733,0.885,2.009,1.0,0.0,1.0,2.634
889,1.0,1.0,1.733,0.885,2.009,1.0,0.0,0.0,2.645
890,1.0,1.0,1.733,0.885,2.009,1.0,0.0,0.0,2.645
891,1.0,1.0,1.733,0.885,2.009,1.0,0.0,0.0,2.645
892,1.0,1.0,1.733,0.885,2.009,1.0,0.0,0.0,2.645
893,1.0,1.0,1.733,0.885,2.009,1.0,0.0,0.0,2.645
894,1.0,1.0,1.733,0.885,2.009,1.0,0.0,0.0,2.645
895,1.0,1.0,1.733,0.834,2.009,1.0,0.0,0.0,2.645
896,1.0,1.0,1.733,0.834,2.009,1.0,0.0,1.0,2.583
897,1.0,1.0,1.733,0.834,2.009,1.0,0.0,0.0,2.645
898,1.0,1.0,1.733,0.834,2.009,1.0,0.0,0.0,2.645
899,1.0,1.0,1.733,0.834,2.009,1.0,0.0,0.0,2.645
900,1.0,1.0,1.733,0.834,2.009,1.0,0.0,1.0,2.583
901,1.0,1.0,1.733,0.834,2.009,1.0,0.0,1.0,2.583
902,1.0,1.0,1.733,0.834,2.009,1.0,0.0,0.0,2.645
903,1.0,1.0,1.733,0.834,2.009,1.0,0.0,0.0,2.645
904,1.0,1.0,1.733,0.834,2.009,1.0,0.0,1.0,2.583
905,1.0,1.0,1.733,0.834,2.009,1.0,0.0,1.0,2.583
907,1.0,1.0,1.733,0.834,2.009,1.0,0.0,0.0,2.645
908,1.0,1.0,1.733,0.834,2.009,1.0,0.0,0.0,2.645
909,1.0,1.0,1.733,0.834,2.009,1.0,0.0,0.0,2.645
910,1.0,1.0,1.733,0.824,2.009,1.0,0.0,1.0,2.583
911,1.0,1.0,1.733,0.824,2.009,1.0,0.0,0.0,2.645
912,1.0,1.0,1.733,0.824,2.009,1.0,0.0,0.0,2.645
913,1.0,1.0,1.733,0.824,2.009,1.0,0.0,0.0,2.645
914,1.0,1.0,1.733,0.824,2.009,1.0,0.0,0.0,2.645
915,1.0,1.0,1.733,0.824,2.009,1.0,0.0,0.0,2.645
916,1.0,1.0,1.733,0.824,2.009,1.0,0.0,1.0,2.583
917,1.0,1.0,1.733,0.824,2.009,1.0,0.0,0.0,2.645
918,1.0,1.0,1.733,0.824,2.009,1.0,0.0,1.0,2.583
919,1.0,1.0,1.733,0.824,2.009,1.0,0.0,0.0,2.645
920,1.0,1.0,1.733,0.824,2.009,1.0,0.0,0.0,2.645
921,1.0,1.0,1.733,0.824,2.009,1.0,0.0,0.0,2.645
922,1.0,1.0,1.733,0.824,2.009,1.0,0.0,0.0,2.645
923,1.0,1.0,1.733,0.824,2.009,1.0,0.0,1.0,2.583
924,1.0,1.0,1.733,0.824,2.009,1.0,0.0,0.0,2.645
925,1.0,1.0,1.733,0.824,2.009,1.0,0.0,0.0,2.645
926,1.0,1.0,1.733,0.824,2.009,1.0,0.0,0.0,2.645
927,1.0,1.0,1.733,0.824,2.009,1.0,0.0,0.0,2.645
928,1.0,1.0,1.733,0.824,2.009,1.0,0.0,0.0,2.645
929,1.0,1.0,1.733,0.824,2.009,1.0,0.0,1.0,2.583
930,1.0,1.0,1.733,0.824,2.009,1.0,0.0,0.0,2.645
931,1.0,1.0,1.733,0.824,2.009,1.0,0.0,0.0,2.645
932,1.0,1.0,1.733,0.824,2.009,1.0,0.0,0.0,2.645
933,1.0,1.0,1.733,0.824,2.009,1.0,0.0,0.0,2.645
934,1.0,1.0,1.733,0.824,2.009,1.0,0.0,0.0,2.645
935,1.0,1.0,1.733,0.824,2.009,1.0,0.0,0.0,2.645
936,1.0,1.0,1.733,0.824,2.009,1.0,0.0,0.0,2.645
937,1.0,1.0,1.733,0.824,2.009,1.0,0.0,0.0,2.645
938,1.0,1.0,1.733,0.824,2.009,1.0,0.0,0.0,2.645
939,1.0,1.0,1.733,0.824,2.009,1.0,0.0,0.0,2.645
940,1.0,1.0,1.733,0.824,2.009,1.0,0.0,0.0,2.645
941,1.0,1.0,1.733,0.824,2.009,1.0,0.0,1.0,2.583
942,1.0,1.0,1.733,0.824,2.009,1.0,0.0,0.0,2.645
943,1.0,1.0,1.733,0.824,2.009,1.0,0.0,1.0,2.583
944,1.0,1.0,1.733,0.824,2.009,1.0,0.0,0.0,2.645
945,1.0,1.0,1.733,0.824,2.009,1.0,0.0,0.0,2.645
946,1.0,1.0,1.733,0.818,2.009,1.0,0.0,0.0,2.619
947,1.0,1.0,1.733,0.818,2.009,1.0,0.0,0.0,2.619
948,1.0,1.0,1.733,0.818,2.009,1.0,0.0,0.0,2.619
949,1.0,1.0,1.733,0.818,2.009,1.0,0.0,0.0,2.619
950,1.0,1.0,1.733,0.818,2.009,1.0,0.0,0.0,2.619
951,1.0,1.0,1.733,0.818,2.009,1.0,0.0,0.0,2.619
952,1.0,1.0,1.733,0.818,2.009,1.0,0.0,0.0,2.619
953,1.0,1.0,1.733,0.818,2.009,1.0,0.0,0.0,2.619
954,1.0,1.0,1.733,0.818,2.009,1.0,0.0,0.0,2.619
955,1.0,1.0,1.733,0.818,2.009,1.0,0.0,0.0,2.619
956,1.0,1.0,1.733,0.818,2.009,1.0,0.0,0.0,2.619
957,1.0,1.0,1.733,0.818,2.009,1.0,0.0,0.0,2.619
958,1.0,1.0,1.733,0.818,2.009,1.0,0.0,0.0,2.619
959,1.0,1.0,1.733,0.818,2.009,1.0,0.0,0.0,2.619
960,1.0,1.0,1.733,0.818,2.009,1.0,0.0,0.0,2.619
961,1.0,1.0,1.733,0.818,2.009,1.0,0.0,0.0,2.619
962,1.0,1.0,1.733,0.818,2.009,1.0,0.0,0.0,2.619
963,1.0,1.0,1.733,0.818,2.009,1.0,0.0,0.0,2.619
964,1.0,1.0,1.733,0.818,2.009,1.0,0.0,0.0,2.619
965,1.0,1.0,1.733,0.818,2.009,1.0,0.0,0.0,2.619
966,1.0,1.0,1.733,0.818,2.009,1.0,0.0,1.0,2.583
967,1.0,1.0,1.733,0.818,2.009,1.0,0.0,0.0,2.619
968,1.0,1.0,1.733,0.818,2.009,1.0,0.0,0.0,2.619
969,1.0,1.0,1.733,0.818,2.009,1.0,0.0,0.0,2.619
970,1.0,1.0,1.733,0.818,2.009,1.0,0.0,1.0,2.583
971,1.0,1.0,1.733,0.818,2.009,1.0,0.0,0.0,2.619
972,1.0,1.0,1.733,0.818,2.009,1.0,0.0,0.0,2.619
973,1.0,1.0,1.733,0.818,2.009,1.0,0.0,1.0,2.583
974,1.0,1.0,1.733,0.818,2.009,1.0,0.0,0.0,2.619
975,1.0,1.0,1.733,0.818,2.009,1.0,0.0,0.0,2.619
976,1.0,1.0,1.733,0.818,2.009,1.0,0.0,0.0,2.619
977,1.0,1.0,1.733,0.818,2.009,1.0,0.0,1.0,2.583
978,1.0,1.0,1.733,0.818,2.009,1.0,0.0,0.0,2.619
979,1.0,1.0,1.733,0.818,2.009,1.0,0.0,0.0,2.619
980,1.0,1.0,1.733,0.818,2.009,1.0,0.0,1.0,2.583
981,1.0,1.0,1.733,0.818,2.009,1.0,0.0,0.0,2.619
982,1.0,1.0,1.733,0.818,2.009,1.0,0.0,0.0,2.619
983,1.0,1.0,1.733,0.818,2.009,1.0,0.0,0.0,2.619
984,1.0,1.0,1.733,0.818,2.009,1.0,0.0,0.0,2.619
985,1.0,1.0,1.733,0.818,2.009,1.0,0.0,1.0,2.583
986,1.0,1.0,1.733,0.818,2.009,1.0,0.0,0.0,2.619
987,1.0,1.0,1.733,0.818,2.009,1.0,0.0,0.0,2.619
988,1.0,1.0,1.733,0.818,2.009,1.0,0.0,0.0,2.619
989,1.0,1.0,1.733,0.818,2.009,1.0,0.0,1.0,2.583
990,1.0,1.0,1.733,0.818,2.009,1.0,0.0,0.0,2.619
991,1.0,1.0,1.733,0.818,2.009,1.0,0.0,0.0,2.619
992,1.0,1.0,1.484,0.815,2.009,1.0,0.0,0.0,2.233
993,1.0,1.0,1.484,0.815,2.009,1.0,0.0,1.0,2.583
994,1.0,1.0,1.484,0.815,2.009,1.0,0.0,0.0,2.233
995,1.0,1.0,1.484,0.815,2.009,1.0,0.0,0.0,2.233
996,1.0,1.0,1.484,0.815,2.009,1.0,0.0,0.0,2.233
997,1.0,1.0,1.484,0.815,2.009,1.0,0.0,1.0,2.583
998,1.0,1.0,1.484,0.815,2.009,1.0,0.0,0.0,2.233
999,1.0,1.0,1.484,0.815,2.009,1.0,0.0,0.0,2.233
1000,1.0,1.0,1.484,0.815,2.009,1.0,0.0,0.0,2.233
1001,1.0,1.0,1.484,0.815,2.009,1.0,0.0,0.0,2.233
1002,1.0,1.0,1.484,0.815,2.009,1.0,0.0,0.0,2.233
1003,1.0,1.0,1.484,0.815,2.009,1.0,0.0,0.0,2.233
1004,1.0,1.0,1.484,0.815,2.009,1.0,0.0,0.0,2.233
1005,1.0,1.0,1.484,0.815,2.009,1.0,0.0,0.0,2.233
1006,1.0,1.0,1.484,0.815,2.009,1.0,0.0,0.0,2.233
1008,1.0,1.0,1.484,0.815,2.009,1.0,0.0,0.0,2.233
1009,1.0,1.0,1.484,0.815,2.009,1.0,0.0,0.0,2.233
1010,1.0,1.0,1.484,0.815,2.009,1.0,0.0,0.0,2.233
1011,1.0,1.0,1.484,0.815,2.009,1.0,0.0,0.0,2.233
1013,1.0,1.0,1.484,0.815,2.009,1.0,0.0,0.0,2.233
1015,1.0,1.0,1.484,0.815,2.009,1.0,0.0,1.0,2.583
1016,1.0,1.0,1.484,0.815,2.009,1.0,0.0,1.0,2.583
1017,1.0,1.0,1.484,0.821,2.009,1.0,0.0,0.0,2.184
1018,1.0,1.0,1.484,0.821,2.009,1.0,0.0,0.0,2.184
1020,1.0,1.0,1.484,0.821,2.009,1.0,0.0,0.0,2.184
1021,1.0,1.0,1.484,0.821,2.009,1.0,0.0,0.0,2.184
1022,1.0,1.0,1.484,0.821,2.009,1.0,0.0,1.0,2.208
1023,1.0,1.0,1.484,0.821,2.009,1.0,0.0,0.0,2.184
1024,1.0,1.0,1.484,0.821,2.009,1.0,0.0,0.0,2.184
1025,1.0,1.0,1.484,0.821,2.009,1.0,0.0,0.0,2.184
1026,1.0,1.0,1.484,0.821,2.009,1.0,0.0,0.0,2.184
1027,1.0,1.0,1.484,0.821,2.009,1.0,0.0,0.0,2.184
1028,1.0,1.0,1.484,0.833,2.009,1.0,0.0,1.0,2.208
1030,1.0,1.0,1.484,0.833,2.009,1.0,0.0,1.0,2.208
1032,1.0,1.0,1.484,0.833,2.009,1.0,0.0,0.0,2.184
1035,1.0,1.0,1.484,0.833,2.009,1.0,0.0,0.0,2.184
1037,1.0,1.0,1.484,0.833,2.009,1.0,0.0,1.0,2.208
1038,1.0,1.0,1.484,0.833,2.009,1.0,0.0,0.0,2.184
1040,1.0,1.0,1.484,0.833,2.009,1.0,0.0,0.0,2.184
1042,1.0,1.0,1.484,0.833,2.009,1.0,0.0,1.0,2.208
1044,1.0,1.0,1.484,0.857,2.009,1.0,0.0,1.0,2.208
1048,1.0,1.0,1.484,0.857,2.009,1.0,0.0,0.0,2.184
1050,1.0,1.0,1.484,0.857,2.009,1.0,0.0,1.0,2.208
1051,1.0,1.0,1.484,0.857,2.009,1.0,0.0,1.0,2.208
1054,1.0,1.0,1.484,0.843,2.009,1.0,0.0,1.0,1.68
1055,1.0,1.0,1.484,0.843,2.009,1.0,0.0,0.0,2.102
1057,1.0,1.0,1.484,0.843,2.009,1.0,0.0,0.0,2.102
1058,1.0,1.0,1.484,0.843,2.009,1.0,0.0,0.0,2.102
1059,1.0,0.0,1.977,0.912,1.893,0.0,1.0,0.0,1.892
1062,1.0,0.40530303,-0.836,0.312,1.041,0.0,1.0,0.0,-1.884
1063,1.0,0.0,-1.364,0.149,-1.011,0.0,1.0,0.0,-0.844
1064,1.0,0.0,-1.364,0.149,-1.011,0.0,1.0,0.0,-0.844
1066,1.0,0.0,-0.914,0.147,-1.011,0.0,1.0,0.0,-0.844
1067,1.0,0.0,-2.384,0.31,1.295,0.0,0.0,1.0,1.019
1070,1.0,0.0,-0.209,0.289,1.774,0.0,0.0,1.0,0.412
1071,1.0,0.0,0.264,0.303,1.774,0.0,0.0,1.0,0.412
1072,1.0,0.0,0.886,0.302,1.774,0.0,0.0,1.0,0.412
1074,1.0,0.0,-0.679,0.299,1.728,0.0,0.0,0.0,-0.37
