,Contracts_Expression:wdj_expression_lag1,Contracts_Expression:Civil,Contracts_Expression:Mixed,Contracts_Expression:1.high_court,Contracts_Expression:Citizen,Contracts_Expression:Press,Contracts_Expression:Intermediary,Contracts_Expression:Other/unclear,Contracts_Expression:1.mode_electronic_internet,Contracts_Expression:1.mode_press_newspapers,Contracts_Expression:1.mode_public_assembly,Contracts_Expression:1.mode_public_speech,Contracts_Expression:1.mode_non_verbal_expression,Contracts_Expression:yearspline1,Contracts_Expression:yearspline2,Contracts_Expression:_cons,Expands_Expression:wdj_expression_lag1,Expands_Expression:Civil,Expands_Expression:Mixed,Expands_Expression:1.high_court,Expands_Expression:Citizen,Expands_Expression:Press,Expands_Expression:Intermediary,Expands_Expression:Other/unclear,Expands_Expression:1.mode_electronic_internet,Expands_Expression:1.mode_press_newspapers,Expands_Expression:1.mode_public_assembly,Expands_Expression:1.mode_public_speech,Expands_Expression:1.mode_non_verbal_expression,Expands_Expression:yearspline1,Expands_Expression:yearspline2,Expands_Expression:_cons
Contracts_Expression:wdj_expression_lag1,0.12605720581162613,0.008620095781001,0.007201332003721967,-0.02614684848450357,0.0386614341976507,0.004504295475273855,-0.0027790060321212337,0.04868019965533909,0.006557490613296557,0.026960373631136365,-0.0034461696522928614,0.02762344607673082,0.007397286536015567,0.0011461775878113267,-0.007600318577078195,-2.32181325761593,0.018240085215240252,0.004740193535992821,-0.010124435727972003,-0.00867765586434624,0.004969779128319279,-0.028752461554558278,-0.028141965240459206,-0.006646624071344264,-0.018963585872043026,-0.00963535077226642,0.008872534506411055,-0.0002824643598370034,-0.017369513539827647,0.0003342320296322654,-0.0009802673958931964,-0.6522763344838923
Contracts_Expression:Civil,0.008620095781001,0.12690787274406018,0.030585510464373963,0.020481667181099724,-0.0577984793652281,-0.06068369413412634,0.019834287831699503,-0.02054568972154636,0.0035124975726509287,0.017949752268881503,-0.018740396545840827,0.00959846298009643,-0.01480162430946745,-0.0021309323902616775,0.0015194413846635949,4.261758776235554,-0.01733145946983719,0.008657668637248836,-0.0059099593613142765,0.005536719533124262,-0.02107548662462225,-0.012952453027940737,0.05140686774912832,-0.013035116288059628,0.017737928729254428,0.01527484830796296,-0.05766470902180067,-0.007877219084156015,-0.0042276698928361755,-0.00036766019665318626,4.4078063780248715e-05,0.7503438831827463
Contracts_Expression:Mixed,0.007201332003721967,0.030585510464373963,0.257769058863358,0.032109880194509645,-0.010503869427670376,0.04041979954879059,0.08132555226855873,0.008511673039846793,-0.01662599624251095,0.009453635429426914,-0.04299572012628614,0.027022593005488666,0.0062778324087143685,-0.001485424965210332,0.0006447010352304567,2.9345838670209567,-0.005398604434882672,0.010947764714331966,0.09747966309166574,-0.00480506775651503,0.001385519108801213,0.08908843196235405,0.10133033815788987,0.04955582393699667,0.02540877952014215,-0.012363145222321945,-0.06556077123801934,-0.005089297027996792,0.041777658940048604,-0.0007717357677051653,-0.0013907835816145905,1.5307009463844408
Contracts_Expression:1.high_court,-0.02614684848450357,0.020481667181099724,0.032109880194509645,0.07946125968720025,-0.09017038433575929,-0.028317557581076742,0.020188998218591266,-0.07517058882502337,0.0018062267609075386,0.038109907885714764,-0.0004268531085851154,0.010434842486406257,0.004095088108384049,-0.002363874964070615,0.005639409512726992,4.713288370713561,-0.023068604608899954,-0.005852930372805202,-0.0008786160918134964,0.029294425880343863,0.006145031170283158,0.051572487939526374,0.07075929206440386,-0.0012280905959592258,0.03751072292810168,0.03439794185334689,-0.05166749455327089,-0.0012945546745975936,0.03440576631753591,1.58459995828821e-05,-8.409862592366444e-05,-0.05541351118948823
Contracts_Expression:Citizen,0.0386614341976507,-0.0577984793652281,-0.010503869427670376,-0.09017038433575927,0.18126529453640408,0.09969373162283081,-0.008723666728188953,0.1452042948613693,-0.006345460506759929,-0.06520689452950966,-0.0013613745446354715,-0.022223814523913775,0.008187246850001911,0.004871997447616331,-0.008574991413083148,-9.764694021423203,0.034047593586672587,0.028460105703331476,0.023433124451667977,-0.03116261959103072,0.014144632717773076,-0.045676846893723436,-0.09653629593416929,0.021858279157288118,-0.05129968387086814,-0.06106295325310841,0.06958135502513085,-0.0034980654529490098,-0.027143642258760176,0.00019903195183111554,0.0005211573610640306,-0.3888686150173449
Contracts_Expression:Press,0.004504295475273855,-0.06068369413412634,0.04041979954879059,-0.028317557581076742,0.09969373162283081,0.1752554325543691,0.05280416969882418,0.10836280770217913,-0.005123506541767713,-0.06890603386369515,0.0325822018026973,-0.0007964833067243372,0.008915686706499101,0.002921227749089797,-0.0030163470721983805,-5.885863001545018,0.020424994927122027,0.049607235812492406,0.04857558733940238,-0.018348693065042714,0.029024065526215174,0.050229411824198954,0.0046633574220547435,0.04924342277291724,-0.025258490256775214,-0.06333677499635475,0.03932695673858578,-0.005897482313071122,0.017201794863082348,-0.0004026543054052096,0.0007244541305090008,0.7830108646465064
Contracts_Expression:Intermediary,-0.0027790060321212337,0.019834287831699503,0.08132555226855873,0.020188998218591266,-0.008723666728188955,0.05280416969882418,0.22391804527084141,0.07437858377611549,-0.07020256991885784,-0.062169347263600815,-0.024996697218252924,0.05173728288729147,-0.03911412753981776,-0.000842810239557315,0.002186215420226753,1.6519447229261786,-0.0007034285214055504,0.06689631858032857,0.03314931469388808,-0.02923095353334375,0.011808721550671239,0.033681752799622745,0.16420386129994574,0.05172754805446504,-0.026421121375400893,-0.04158623262844993,-0.055896172807348515,-0.013008428699940356,0.016345142873748407,-0.0009035561426739556,-0.00022905198524695355,1.8095410623249089
Contracts_Expression:Other/unclear,0.048680199655339096,-0.02054568972154636,0.008511673039846793,-0.07517058882502337,0.1452042948613693,0.10836280770217913,0.07437858377611549,0.24532750112935975,-0.021802867420814907,-0.11377569947470659,-0.006492736963956169,0.002687477165176589,-0.021956091826626976,0.00499156842042549,-0.008360588097963107,-10.034604900811127,0.04049033813371519,0.07808261107907151,0.05074859357824956,-0.05247705606662958,0.005306776258588789,-0.06906466604426785,-0.07357703746944234,0.05698087989722059,-0.07624797211588065,-0.12320624905023697,0.043052985971969195,-0.022861673455588052,-0.05304783991315417,-0.00024710524192953545,0.0006776813952982412,0.5171862054964358
Contracts_Expression:1.mode_electronic_internet,0.006557490613296557,0.0035124975726509287,-0.01662599624251095,0.0018062267609075383,-0.006345460506759929,-0.005123506541767712,-0.07020256991885784,-0.021802867420814907,0.054504621287842725,0.02124959999984516,0.030883613667762662,-0.009252042711698565,0.028710977731748806,-7.839907983220074e-05,-0.0003552878638314126,0.14055256898322926,-0.007660168180980057,-0.004099066340820786,-0.007061894395226518,0.014044847010923149,0.0006425806495641439,0.006672837587304155,-0.044055749949425065,-0.013257022239630519,0.017080498898734423,-0.005945992111096483,0.01548249460623004,0.0016952971813625124,0.005222140746856765,0.0001544250020761076,0.0007722037857578857,-0.31885170128031937
Contracts_Expression:1.mode_press_newspapers,0.026960373631136368,0.017949752268881503,0.009453635429426914,0.038109907885714764,-0.06520689452950966,-0.06890603386369515,-0.062169347263600815,-0.11377569947470659,0.02124959999984516,0.13722368102798332,-0.0007250872072350333,0.0037996138507766135,0.03612512908185695,-0.002055548870202224,0.0007060763965629706,4.117575767351695,-0.008136404735150642,-0.062271453924590395,-0.022872530056776936,0.0364037905561824,0.003965526383648041,0.041449841560702305,0.0026034157234325686,-0.0329405112905962,0.03640460362950401,0.07983037690257475,-0.04030453415721456,0.010577702016830833,0.02385315460791134,0.0007746283825971564,-0.001994200385219492,-1.5567721661407325
Contracts_Expression:1.mode_public_assembly,-0.0034461696522928614,-0.018740396545840823,-0.04299572012628614,-0.0004268531085851154,-0.0013613745446354715,0.032582201802697296,-0.02499669721825292,-0.00649273696395617,0.030883613667762662,-0.0007250872072350334,0.11118365442337806,0.010575213551435468,0.015108514713796865,0.0004635327111188146,-8.921697511320768e-05,-0.9439513643442476,0.0051309284776444196,-0.0022701535085698234,-0.013077295194678306,0.00640673898860202,0.005688646885004362,0.01417868400765041,-0.012395496647061953,-0.004112028609780325,-0.0005175136252202397,-0.019211759361268687,0.04815808824633766,0.007290242640896589,0.009717471649189506,7.936999005650507e-06,0.00047651282714183095,-0.02961820474880584
Contracts_Expression:1.mode_public_speech,0.027623446076730816,0.00959846298009643,0.027022593005488666,0.010434842486406257,-0.022223814523913775,-0.0007964833067243372,0.051737282887291465,0.0026874771651765896,-0.009252042711698565,0.003799613850776613,0.010575213551435468,0.05331536720443409,-0.006349415117185539,-0.0005381692999527956,-0.0007588545206439859,1.0622158807767563,0.00565795824540745,0.009253725758046626,0.003935950019571947,-0.011663181161932077,-0.0003213514061738347,0.009915017983284686,0.04169188736313017,0.00694206562017895,-0.008749226696928947,-0.005047854590696993,-0.014864405152372674,0.004522617595893224,0.002709946492310642,-0.0001929306376604211,-0.0009066081030527741,0.3959610781086591
Contracts_Expression:1.mode_non_verbal_expression,0.007397286536015567,-0.01480162430946745,0.0062778324087143685,0.004095088108384049,0.008187246850001911,0.008915686706499101,-0.03911412753981776,-0.021956091826626976,0.02871097773174881,0.03612512908185695,0.015108514713796867,-0.00634941511718554,0.04011455786949368,-0.00024032686315058794,-7.38864276744895e-05,0.46004659067722237,-0.003351681269081257,-0.015194579411378797,-0.00228076110640639,0.010887959275854132,0.01161684090032048,0.02704744979535163,-0.014364153333805325,-0.0062411486980729495,0.014102552664323201,0.006357409316004994,0.0014351572418138596,-0.0010489127538195245,0.015752852298765076,0.00024183738817265687,-0.00016718711675825593,-0.49136835797020556
Contracts_Expression:yearspline1,0.0011461775878113265,-0.0021309323902616775,-0.001485424965210332,-0.002363874964070615,0.00487199744761633,0.002921227749089797,-0.000842810239557315,0.00499156842042549,-7.839907983220074e-05,-0.002055548870202224,0.00046353271111881466,-0.0005381692999527956,-0.00024032686315058797,0.00018632609731221016,-0.00029094656349115867,-0.3731912546047142,0.0014008508933277325,0.0011269382548478848,0.0009098584682852807,-0.0007534838812143615,0.00015038113661563468,-0.0020377575312460544,-0.004507217516188462,0.000731729029334454,-0.0018983858217870918,-0.00223379499277457,0.00269693647226994,1.7420478196635602e-05,-0.0013710558232252047,1.366490350015937e-05,2.1209985651491493e-05,-0.02728307039121465
Contracts_Expression:yearspline2,-0.007600318577078196,0.0015194413846635947,0.0006447010352304568,0.005639409512726992,-0.008574991413083148,-0.003016347072198381,0.0021862154202267536,-0.008360588097963107,-0.0003552878638314127,0.0007060763965629706,-8.921697511320768e-05,-0.0007588545206439859,-7.38864276744895e-05,-0.00029094656349115867,0.000876351491628883,0.5826334921600191,-0.003310317787276646,-0.0002625636662370662,-0.0007616575094748518,0.0018650693693073972,-0.00010555126495221673,0.003926388900958194,0.007923798965542522,-0.00042446959869295103,0.0034459509136849135,0.002666584011674966,-0.003912213882043209,-0.0005656361277021758,0.0030639677825734686,-4.25463364869475e-05,0.00010779685984263319,0.0835273188210137
Contracts_Expression:_cons,-2.321813257615931,4.2617587762355535,2.934583867020957,4.71328837071356,-9.764694021423201,-5.885863001545019,1.6519447229261788,-10.034604900811127,0.1405525689832293,4.1175757673516955,-0.9439513643442476,1.062215880776756,0.4600465906772223,-0.37319125460471425,0.5826334921600191,747.5224904141259,-2.7987732657516973,-2.288296647064969,-1.8368560484147707,1.50592753399687,-0.3197123254122197,4.056245308197785,8.99739380642162,-1.4846644871835648,3.8015759360110897,4.5090413044622935,-5.387188418076256,-0.022565935398609595,2.7310658281887448,-0.027215307595027098,-0.04325502651724631,54.34870218696858
Expands_Expression:wdj_expression_lag1,0.018240085215240252,-0.01733145946983719,-0.005398604434882672,-0.023068604608899954,0.034047593586672587,0.020424994927122027,-0.0007034285214055503,0.04049033813371519,-0.0076601681809800575,-0.008136404735150642,0.00513092847764442,0.005657958245407451,-0.003351681269081257,0.0014008508933277325,-0.003310317787276646,-2.7987732657516977,0.033836185794957584,-0.0005859185846398935,0.01678836263287263,-0.013490286555945807,0.0012770219657253796,-0.010254748903600272,-0.032537173524063316,0.010000286003721532,-0.02189903171358636,-0.014475657729012947,0.019871014414879807,0.00448497292705042,-0.012372632931845625,0.0002121915673827463,-0.001674194277669492,-0.41619664296326386
Expands_Expression:Civil,0.004740193535992821,0.008657668637248836,0.010947764714331966,-0.005852930372805202,0.028460105703331476,0.04960723581249241,0.06689631858032857,0.07808261107907152,-0.004099066340820786,-0.062271453924590395,-0.0022701535085698234,0.009253725758046626,-0.015194579411378797,0.0011269382548478848,-0.0002625636662370662,-2.2882966470649686,-0.0005859185846398935,0.07092167339150494,0.02189318193459091,-0.012232544588428934,-0.0009191091046895182,-0.014914186504769182,0.011559349462104502,0.02365281425419898,-0.016149692989006925,-0.05570879314560506,-0.002106969771932181,-0.010822651739972097,-0.00522146612261442,-0.0005427990033807382,0.001859532961609233,1.0798327100649237
Expands_Expression:Mixed,-0.010124435727972001,-0.0059099593613142765,0.09747966309166574,-0.0008786160918134964,0.023433124451667973,0.04857558733940238,0.03314931469388808,0.05074859357824956,-0.007061894395226517,-0.022872530056776936,-0.013077295194678306,0.003935950019571947,-0.00228076110640639,0.0009098584682852807,-0.000761657509474852,-1.8368560484147705,0.01678836263287263,0.021893181934590913,0.07658555200161038,-0.010326337556805263,-0.005543363457951434,0.02668921133453011,0.0013304116883498791,0.033132799065696994,-0.0027244869845175945,-0.037409054595438425,-0.00028039292336013387,0.00016285268689357726,0.00994192611229481,-0.0004242838052949313,-0.0004099896391559683,0.8383316885729882
Expands_Expression:1.high_court,-0.00867765586434624,0.005536719533124262,-0.00480506775651503,0.029294425880343863,-0.03116261959103072,-0.018348693065042714,-0.029230953533343755,-0.052477056066629585,0.014044847010923149,0.0364037905561824,0.006406738988602019,-0.011663181161932079,0.010887959275854132,-0.0007534838812143616,0.0018650693693073974,1.5059275339968698,-0.013490286555945807,-0.012232544588428934,-0.010326337556805265,0.02866541411692512,0.002978079542183869,0.018657743135849225,0.0031596844347085793,-0.013863017674763703,0.025440410803880154,0.028442073523897906,-0.012753918019315044,0.002454733198270211,0.015747022652507162,0.00029322654945831164,0.00033718309026343997,-0.6060501382397195
Expands_Expression:Citizen,0.00496977912831928,-0.02107548662462225,0.001385519108801213,0.006145031170283159,0.014144632717773076,0.029024065526215174,0.011808721550671239,0.005306776258588788,0.000642580649564144,0.003965526383648042,0.005688646885004362,-0.0003213514061738347,0.01161684090032048,0.00015038113661563468,-0.00010555126495221673,-0.3197123254122197,0.0012770219657253796,-0.0009191091046895182,-0.005543363457951434,0.002978079542183869,0.03140325914607283,0.029443578970198822,0.02209020462043595,0.013594276114687515,0.0001120053928210746,-0.0015092697638073845,0.0026006034381339895,-0.002122619203613577,0.01362450696018251,0.00021566626656075247,-0.000282102766501375,-0.445060178003858
Expands_Expression:Press,-0.028752461554558278,-0.012952453027940737,0.08908843196235405,0.051572487939526374,-0.045676846893723436,0.050229411824198954,0.033681752799622745,-0.06906466604426784,0.006672837587304155,0.041449841560702305,0.01417868400765041,0.009915017983284686,0.02704744979535163,-0.0020377575312460544,0.003926388900958193,4.056245308197785,-0.010254748903600272,-0.014914186504769182,0.02668921133453011,0.01865774313584922,0.02944357897019882,0.12315974817992477,0.09516772178972907,0.021909241819967687,0.039076373179284425,0.026632197124998813,-0.03689861399991596,0.0058457846879343255,0.060298087128545695,-0.00014526621019353577,-0.0012077198128714961,0.2550426332504906
Expands_Expression:Intermediary,-0.028141965240459206,0.051406867749128324,0.10133033815788987,0.07075929206440387,-0.09653629593416929,0.004663357422054743,0.16420386129994574,-0.07357703746944236,-0.04405574994942506,0.002603415723432569,-0.012395496647061952,0.04169188736313016,-0.014364153333805325,-0.004507217516188462,0.007923798965542522,8.99739380642162,-0.032537173524063316,0.0115593494621045,0.0013304116883498791,0.0031596844347085793,0.02209020462043595,0.09516772178972906,0.2456297860827374,0.02407121058214301,0.023254066250104385,0.033530463555953245,-0.08916251313252706,-0.011685710133326616,0.05593826077702047,-0.0008428444594262004,-0.0007001819834694489,1.6750152361760031
Expands_Expression:Other/unclear,-0.006646624071344265,-0.013035116288059628,0.04955582393699667,-0.0012280905959592256,0.02185827915728812,0.04924342277291724,0.05172754805446504,0.05698087989722059,-0.013257022239630519,-0.032940511290596206,-0.004112028609780325,0.00694206562017895,-0.0062411486980729495,0.0007317290293344541,-0.0004244695986929511,-1.4846644871835653,0.010000286003721532,0.023652814254198976,0.03313279906569699,-0.013863017674763703,0.013594276114687517,0.02190924181996769,0.02407121058214301,0.03679949768480232,-0.014413250777865075,-0.03415559418864143,-0.002595214242916567,-0.007089126588527606,0.004312532478293918,-0.00024083337861975876,-0.00024358932443442076,0.475580358812556
Expands_Expression:1.mode_electronic_internet,-0.01896358587204303,0.017737928729254428,0.02540877952014215,0.037510722928101675,-0.05129968387086814,-0.025258490256775217,-0.026421121375400893,-0.07624797211588066,0.017080498898734423,0.03640460362950401,-0.0005175136252202397,-0.008749226696928947,0.014102552664323201,-0.0018983858217870918,0.0034459509136849135,3.8015759360110897,-0.021899031713586356,-0.016149692989006925,-0.002724486984517594,0.025440410803880154,0.0001120053928210746,0.039076373179284425,0.023254066250104382,-0.014413250777865075,0.04870338360540675,0.03718898134620172,-0.025395788196107667,0.007490023974458548,0.031181767425606667,8.054201453710792e-06,0.00016621413167245335,-0.037764234438960584
Expands_Expression:1.mode_press_newspapers,-0.00963535077226642,0.015274848307962961,-0.012363145222321945,0.03439794185334689,-0.06106295325310841,-0.06333677499635475,-0.04158623262844993,-0.12320624905023697,-0.0059459921110964825,0.07983037690257475,-0.019211759361268687,-0.005047854590696992,0.006357409316004995,-0.00223379499277457,0.0026665840116749666,4.509041304462294,-0.014475657729012948,-0.05570879314560506,-0.037409054595438425,0.028442073523897906,-0.0015092697638073845,0.026632197124998813,0.033530463555953245,-0.03415559418864144,0.03718898134620173,0.10302462335929377,-0.043501767049380885,0.0114180460014815,0.020659336684128195,0.0006028266577697166,-0.0016832383858393597,-1.2100417200538078
Expands_Expression:1.mode_public_assembly,0.008872534506411055,-0.057664709021800674,-0.06556077123801934,-0.05166749455327089,0.06958135502513085,0.03932695673858578,-0.05589617280734852,0.043052985971969195,0.01548249460623004,-0.04030453415721456,0.04815808824633766,-0.014864405152372674,0.0014351572418138596,0.00269693647226994,-0.003912213882043209,-5.387188418076256,0.019871014414879807,-0.002106969771932181,-0.00028039292336013387,-0.012753918019315044,0.0026006034381339895,-0.03689861399991596,-0.08916251313252706,-0.0025952142429165664,-0.025395788196107667,-0.04350176704938088,0.10945646777629799,0.011109877974501865,-0.017445467444264236,7.446094020338836e-05,0.001107539821669976,-0.15350994312993432
Expands_Expression:1.mode_public_speech,-0.0002824643598370034,-0.007877219084156013,-0.005089297027996791,-0.0012945546745975936,-0.0034980654529490098,-0.005897482313071121,-0.013008428699940356,-0.022861673455588052,0.0016952971813625124,0.010577702016830835,0.00729024264089659,0.004522617595893224,-0.0010489127538195245,1.7420478196635602e-05,-0.0005656361277021758,-0.0225659353986096,0.00448497292705042,-0.010822651739972097,0.0001628526868935773,0.002454733198270211,-0.002122619203613577,0.005845784687934326,-0.011685710133326616,-0.007089126588527605,0.007490023974458548,0.0114180460014815,0.011109877974501864,0.01815501155224339,0.007122377073159475,6.590923845663151e-05,-0.000349256937326529,-0.1381068363558228
Expands_Expression:1.mode_non_verbal_expression,-0.017369513539827647,-0.0042276698928361755,0.041777658940048604,0.03440576631753591,-0.02714364225876018,0.017201794863082345,0.016345142873748407,-0.05304783991315418,0.005222140746856765,0.023853154607911337,0.009717471649189508,0.002709946492310642,0.015752852298765076,-0.0013710558232252047,0.0030639677825734686,2.731065828188745,-0.012372632931845625,-0.00522146612261442,0.00994192611229481,0.015747022652507162,0.013624506960182508,0.0602980871285457,0.05593826077702047,0.004312532478293918,0.031181767425606667,0.020659336684128195,-0.017445467444264236,0.007122377073159474,0.044564174594077625,-0.00014114152569345443,-7.943328849743496e-05,0.2569371179069058
Expands_Expression:yearspline1,0.0003342320296322654,-0.00036766019665318626,-0.0007717357677051653,1.58459995828821e-05,0.00019903195183111554,-0.0004026543054052096,-0.0009035561426739555,-0.0002471052419295354,0.00015442500207610762,0.0007746283825971564,7.936999005650509e-06,-0.0001929306376604211,0.00024183738817265687,1.366490350015937e-05,-4.25463364869475e-05,-0.0272153075950271,0.00021219156738274628,-0.0005427990033807382,-0.0004242838052949313,0.00029322654945831164,0.00021566626656075247,-0.00014526621019353577,-0.0008428444594262002,-0.00024083337861975876,8.054201453710792e-06,0.0006028266577697166,7.446094020338836e-05,6.590923845663151e-05,-0.00014114152569345443,1.854528762480561e-05,-2.903176865378774e-05,-0.0371412037102559
Expands_Expression:yearspline2,-0.0009802673958931964,4.4078063780248715e-05,-0.0013907835816145905,-8.409862592366445e-05,0.0005211573610640306,0.0007244541305090008,-0.00022905198524695355,0.000677681395298241,0.0007722037857578857,-0.001994200385219492,0.00047651282714183095,-0.0009066081030527741,-0.00016718711675825593,2.120998565149149e-05,0.00010779685984263319,-0.043255026517246296,-0.001674194277669492,0.001859532961609233,-0.0004099896391559683,0.0003371830902634399,-0.000282102766501375,-0.0012077198128714964,-0.0007001819834694488,-0.00024358932443442074,0.00016621413167245335,-0.0016832383858393597,0.0011075398216699762,-0.000349256937326529,-7.943328849743496e-05,-2.903176865378774e-05,0.00021411841323048256,0.05729462326086886
Expands_Expression:_cons,-0.6522763344838924,0.7503438831827463,1.5307009463844408,-0.05541351118948822,-0.3888686150173449,0.7830108646465065,1.8095410623249086,0.5171862054964358,-0.3188517012803194,-1.5567721661407328,-0.02961820474880584,0.39596107810865916,-0.4913683579702055,-0.027283070391214644,0.08352731882101372,54.34870218696858,-0.4161966429632638,1.0798327100649237,0.838331688572988,-0.6060501382397195,-0.445060178003858,0.25504263325049054,1.6750152361760031,0.47558035881255595,-0.03776423443896059,-1.2100417200538076,-0.15350994312993432,-0.1381068363558228,0.2569371179069058,-0.03714120371025591,0.057294623260868864,74.4163187152345
