,Contracts_Expression:court_independence_lag1,Contracts_Expression:Civil,Contracts_Expression:Mixed,Contracts_Expression:1.high_court,Contracts_Expression:Citizen,Contracts_Expression:Press,Contracts_Expression:Intermediary,Contracts_Expression:Other/unclear,Contracts_Expression:1.mode_electronic_internet,Contracts_Expression:1.mode_press_newspapers,Contracts_Expression:1.mode_public_assembly,Contracts_Expression:1.mode_public_speech,Contracts_Expression:1.mode_non_verbal_expression,Contracts_Expression:yearspline1,Contracts_Expression:yearspline2,Contracts_Expression:_cons,Expands_Expression:court_independence_lag1,Expands_Expression:Civil,Expands_Expression:Mixed,Expands_Expression:1.high_court,Expands_Expression:Citizen,Expands_Expression:Press,Expands_Expression:Intermediary,Expands_Expression:Other/unclear,Expands_Expression:1.mode_electronic_internet,Expands_Expression:1.mode_press_newspapers,Expands_Expression:1.mode_public_assembly,Expands_Expression:1.mode_public_speech,Expands_Expression:1.mode_non_verbal_expression,Expands_Expression:yearspline1,Expands_Expression:yearspline2,Expands_Expression:_cons
Contracts_Expression:court_independence_lag1,0.032963411174289255,0.04582692214151079,0.07340672753277735,0.0073467268020797425,-0.010489252920961726,0.02636514487257763,0.012480666056666263,-0.014629637698886155,0.0005787254882890489,0.005505735458025207,0.00536601139754726,0.0160508231945398,-7.476192743699069e-06,-0.0006496140202749919,0.0007940237764540313,1.2222344528178959,0.014526246568550548,0.02042210428511265,0.03462776494110836,-0.0035105917059126634,0.007893988077611842,0.033243441087759534,0.034923742622162794,0.015487662606087246,0.004496970408931544,0.007304056448032308,-0.014518072833725701,0.008001856888796255,0.018501143292550322,-0.0003534727891022628,-0.0001182885890527449,0.6633206934068372
Contracts_Expression:Civil,0.04582692214151078,0.15961866942941141,0.14459573741890092,0.006993658893385404,-0.043912269715142116,0.022823266274502887,0.05858377213503631,-0.018935591711035784,0.011947633533810186,0.024596451909353955,0.004592919300559502,0.03841042527415369,0.018057588605518916,-0.0022159370197832834,0.003331340481689117,4.299260966157355,0.01933144309752144,0.07882930487170478,0.06886330565624257,-0.010131232023935385,-0.0003881648611171485,0.06776305523987014,0.1158082226383217,0.028719339089690387,0.013654139299855834,-0.012981198706249345,-0.04388232600083908,0.00499694254362074,0.04183317590452659,-0.0011427340612625357,0.0006035948925394959,2.222150206668056
Contracts_Expression:Mixed,0.07340672753277734,0.14459573741890092,0.37353281152682843,0.026976830953481207,-0.03987898650545115,0.06975452487132648,0.07928145278066635,-0.02663105628421207,0.026115911284882026,0.0366725749556218,0.003608642482877872,0.05692493620328395,0.03952207728446633,-0.0029728985627979687,0.004318199440695472,5.718935387134535,0.026554719468006277,0.04634680633398261,0.1639350344044303,-0.011221081618576493,0.011173547180530699,0.15732366401587572,0.17231917739217267,0.07648368228884675,0.035601111701200575,-0.02527950095746904,-0.09154425088966757,0.0061612575139657335,0.08193550279712337,-0.0015376221532407647,-0.00025451403046787243,2.9706829842628353
Contracts_Expression:1.high_court,0.007346726802079743,0.006993658893385404,0.026976830953481207,0.13709459436582866,-0.10397628797795401,-0.04108095702098176,-0.019673963853589934,-0.12440200967808462,0.04767256643369109,0.09467542482074945,0.0200177292099732,0.021331486315563832,0.0655823104074946,-0.0015920450359028788,0.006725399183164722,3.093130398388587,-2.5078780865915334e-05,-0.0580790691154013,-0.01623338128577197,0.03567347152739587,0.010563713152026059,0.0822570593683164,0.14874554177113491,-0.021296370227851,0.062261512255662024,0.08018358577565983,-0.09484251500182302,-0.013052610460333175,0.06362421828501413,0.0002181262267204138,-0.0014971533950703113,-0.47394772277633923
Contracts_Expression:Citizen,-0.010489252920961728,-0.04391226971514212,-0.03987898650545116,-0.10397628797795401,0.1281600311475196,0.05055597968450366,0.003736248829463354,0.09689201895170124,-0.054919919249118127,-0.09519392902435687,-0.028819577819605195,-0.03252404230622033,-0.06520958631568598,0.002194855599837547,-0.006530394567620373,-4.2978610599320435,-0.002160537053844803,0.022107163841836853,-0.0013576521995698526,-0.021896252849467553,0.001998569845138923,-0.07641688988823389,-0.15244230458952948,0.01215025014190957,-0.047281216775106535,-0.042424235177175605,0.09317361339500131,0.016378435558320734,-0.0539425494116139,0.00020972679552146408,0.001031425936880389,-0.3896872556230728
Contracts_Expression:Press,0.026365144872577625,0.022823266274502887,0.06975452487132648,-0.04108095702098176,0.05055597968450367,0.14856162691071037,0.034384686999279886,0.04962326888176734,-0.024465839056005433,-0.08359071783551908,0.022955058763340593,0.004156252522272284,-0.026262938042034608,0.0005974326423028676,-0.0026088000963322266,-1.2323140989810881,0.010001950948163064,0.0456894709421386,0.04628570695023671,-0.014635412269212392,0.009367942379242709,0.03640426604597293,-0.029336365228285078,0.03379791630598865,-0.021273519360487745,-0.03055903658292693,0.03133309412484887,0.016012862410794457,0.0014376635061884033,-0.0005274359763420259,0.00100584875077096,1.0225849537900975
Contracts_Expression:Intermediary,0.012480666056666263,0.0585837721350363,0.07928145278066635,-0.019673963853589934,0.003736248829463354,0.034384686999279886,0.1595620618748733,0.03732116495078569,-0.04512651150164546,-0.005185036249694683,-0.007079404236369316,0.01691688382692577,0.01242605106244846,-0.001127949416123805,0.0023390081132581503,2.201507895911145,0.02114389132516798,0.0922745309398504,0.06827191969221355,-0.03534287792830787,0.0013576852222026013,0.03322330191226433,0.14453942671343098,0.025071627695200393,-0.01861804033049696,-0.03008627173969335,-0.01722574395395817,-0.007961743308583125,0.01992882710240414,-0.0015136238837047376,0.0021431128288808433,2.9726729379779795
Contracts_Expression:Other/unclear,-0.014629637698886153,-0.018935591711035784,-0.026631056284212074,-0.12440200967808462,0.09689201895170123,0.04962326888176734,0.03732116495078569,0.20449116237947568,-0.053527824847069895,-0.15269644442486183,-0.014151277993654014,-0.027028618872701613,-0.09355386025473625,0.0020386715413119125,-0.007073971563856598,-3.9853599437494918,-0.007483323809591185,0.06430727058620918,0.02755830403359391,-0.048743444128823865,-0.021375875812703938,-0.114927265223157,-0.19089446894639722,0.045092532240138386,-0.08228310098679237,-0.13460338480911996,0.11480724545650675,0.0031793422491806266,-0.09905272178908145,-0.00044839741321233876,0.002265619690136452,0.9625820124586004
Contracts_Expression:1.mode_electronic_internet,0.0005787254882890489,0.011947633533810188,0.026115911284882026,0.04767256643369109,-0.05491991924911812,-0.024465839056005433,-0.04512651150164546,-0.05352782484706989,0.05451929996221627,0.04618409111056632,0.018285804746846164,0.015302190570360204,0.03531494773644131,-0.0010014574015756107,0.002775976356993343,1.9648122366789076,-0.006766432465678321,-0.031875168876308035,-0.00968862590653047,0.021697468073682256,-0.00023078366551703816,0.03627577092151732,0.03423298273831412,-0.008749823713163586,0.02924409143294276,0.017216752078680245,-0.044491181322599174,-0.005752036996992709,0.025935943392028912,0.0002655439407659028,-0.0008043295912128174,-0.5304529900499866
Contracts_Expression:1.mode_press_newspapers,0.005505735458025207,0.024596451909353955,0.0366725749556218,0.09467542482074943,-0.09519392902435687,-0.08359071783551908,-0.005185036249694684,-0.1526964444248618,0.04618409111056632,0.2097111608637119,0.0172243868148992,0.042757744724035984,0.09298443103608861,-0.0016334770998382472,0.004639252818128426,3.1916785784182715,0.007304486767743506,-0.049301234709840054,-0.009182582075103385,0.04271053913884652,0.02125310914997074,0.09908707000028959,0.17695220331641542,-0.030330633667778585,0.06008858975128722,0.10332428295171986,-0.11175341939861566,-0.01289809176473644,0.07646857872100508,0.0005497429434552927,-0.002594777225667412,-1.1501748807805632
Contracts_Expression:1.mode_public_assembly,0.005366011397547259,0.004592919300559501,0.0036086424828778714,0.020017729209973197,-0.028819577819605195,0.02295505876334059,-0.0070794042363693166,-0.014151277993654014,0.018285804746846164,0.0172243868148992,0.04182131539960075,0.012794197951193423,0.013468679773106935,-0.00010946404014098396,0.0006105519346641227,0.1942991215687552,-0.000924794251936267,-0.0028964828822343825,-0.001748280667091079,0.010228484756843707,-0.001120508466542909,0.026949753043770716,0.011694278442700674,0.0030612134832661547,0.004932579609315813,0.003464086571383707,-0.018469671339702367,-0.0023018017211181674,0.012515332527945223,-3.3859437753632523e-07,-7.601888911622205e-06,-0.007589511905140513
Contracts_Expression:1.mode_public_speech,0.016050823194539803,0.03841042527415369,0.05692493620328396,0.021331486315563832,-0.03252404230622033,0.004156252522272284,0.016916883826925768,-0.027028618872701617,0.015302190570360204,0.04275774472403599,0.012794197951193421,0.04293990792358142,0.02067158063837507,-0.0006223845966360858,0.0009692135893373204,1.1839726281882514,0.006793670594672361,0.006129876550435358,0.018779426482686865,0.004437454716057782,0.005847784048678352,0.039738632372177216,0.056345050241601295,0.005669021936021655,0.007984357032466584,0.004205202101042799,-0.036637851866748186,0.002550104912176013,0.02038842378398454,-0.0001579935939095113,-0.0003284911388298977,0.28995392358511785
Contracts_Expression:1.mode_non_verbal_expression,-7.476192743699069e-06,0.018057588605518916,0.03952207728446633,0.0655823104074946,-0.06520958631568598,-0.026262938042034608,0.01242605106244846,-0.09355386025473625,0.0353149477364413,0.09298443103608861,0.013468679773106935,0.02067158063837507,0.08022625336153602,-0.0016330349268408582,0.004538994547927381,3.2071267893590787,0.01031727596676825,-0.017212843058046566,0.008485538096375372,0.020486154066586555,0.01583323101560597,0.08265631482912784,0.14422467048236845,-0.015647598707759162,0.04409184829450585,0.051921819970451547,-0.08157653224343567,-0.014213693554737951,0.06026603913509157,-1.3301679728251231e-05,-0.0013349687438891172,-0.02012675594897109
Contracts_Expression:yearspline1,-0.0006496140202749919,-0.0022159370197832834,-0.0029728985627979682,-0.0015920450359028788,0.002194855599837547,0.0005974326423028676,-0.0011279494161238052,0.0020386715413119125,-0.0010014574015756107,-0.001633477099838247,-0.00010946404014098396,-0.0006223845966360857,-0.0016330349268408584,8.5810974912594e-05,-0.0002118447952806026,-0.1683307274375011,-0.00042884103597133394,-0.0004111079387807735,-0.0011882833506308976,3.0875880844047114e-05,-0.00023520657038723458,-0.00230809845139274,-0.005079210134263512,-0.00017673902314821192,-0.0010084526939542478,-0.0005563737340939872,0.0022060928058971288,0.00030230996123385326,-0.0017831070366620654,2.7210501146643225e-05,-6.349193545142124e-06,-0.05272741130541931
Contracts_Expression:yearspline2,0.0007940237764540313,0.003331340481689117,0.004318199440695472,0.006725399183164722,-0.006530394567620372,-0.0026088000963322266,0.0023390081132581503,-0.007073971563856599,0.002775976356993343,0.004639252818128426,0.0006105519346641227,0.0009692135893373203,0.004538994547927381,-0.00021184479528060262,0.0007299500686473465,0.4160891441685813,0.0004978427283685475,-0.0005427999843111408,0.0014163859337242676,0.0006777039847313081,4.049936406725864e-07,0.0050430884843505564,0.013410392833578737,-0.0009008696894536077,0.0033690536092751346,0.0029348073917848834,-0.005747770980560023,-0.0009590342878782491,0.0049359050091050275,-6.358527469339713e-05,6.518715981909222e-05,0.12350061863865407
Contracts_Expression:_cons,1.2222344528178959,4.299260966157355,5.718935387134536,3.0931303983885865,-4.2978610599320435,-1.2323140989810881,2.201507895911145,-3.9853599437494913,1.9648122366789074,3.1916785784182715,0.1942991215687552,1.1839726281882514,3.2071267893590782,-0.16833072743750113,0.4160891441685812,330.33335549754486,0.8203634913462781,0.7890657947518103,2.2813033693757303,-0.06599650461981738,0.4457434703364009,4.477012576335195,9.944733593643418,0.32077832376008825,1.9751296690540354,1.0750739664321343,-4.305807632353677,-0.6070902827211294,3.4794078220478832,-0.053278257252869936,0.013198981675023896,103.30031388069838
Expands_Expression:court_independence_lag1,0.014526246568550548,0.019331443097521443,0.026554719468006277,-2.5078780865915334e-05,-0.0021605370538448033,0.010001950948163064,0.02114389132516798,-0.007483323809591185,-0.00676643246567832,0.007304486767743507,-0.000924794251936267,0.006793670594672361,0.01031727596676825,-0.000428841035971334,0.0004978427283685475,0.8203634913462781,0.01705025558093412,0.020359608725745125,0.02448413622608227,-0.00714835971804908,0.010795967022398378,0.018890346095184016,0.0366261346168885,0.005325907537316286,0.0014381787502672646,0.00834050146049784,-0.010479373738790836,0.0003973912095265387,0.010238375708141545,-0.00026490070143050996,-0.00026133540114496405,0.48984024765581363
Expands_Expression:Civil,0.02042210428511265,0.07882930487170478,0.0463468063339826,-0.05807906911540129,0.02210716384183685,0.04568947094213859,0.0922745309398504,0.06430727058620918,-0.031875168876308035,-0.049301234709840054,-0.002896482882234382,0.006129876550435358,-0.017212843058046566,-0.0004111079387807735,-0.0005427999843111408,0.7890657947518104,0.020359608725745125,0.12872928956191806,0.06109671250278834,-0.03126786165341752,-0.010211504098207985,-0.013348905304147226,0.01791657285862511,0.020657813395712227,-0.023203571665160655,-0.05047021361583376,0.03115006258760237,0.00576749874425939,-0.00423217177131384,-0.0011232049062451046,0.0018247045086019701,2.20618486984485
Expands_Expression:Mixed,0.03462776494110836,0.06886330565624259,0.1639350344044303,-0.01623338128577197,-0.0013576521995698524,0.04628570695023671,0.06827191969221355,0.02755830403359391,-0.00968862590653047,-0.009182582075103385,-0.001748280667091079,0.01877942648268686,0.008485538096375372,-0.0011882833506308974,0.0014163859337242676,2.2813033693757294,0.02448413622608227,0.06109671250278834,0.11714017582601374,-0.02300877011048413,0.0030558917255572074,0.05830453674351851,0.06061468740051784,0.04366170873756216,0.007294205562975093,-0.03880494813663363,-0.011260406319770731,0.007263926295117062,0.02845965289896654,-0.001203867528926616,0.0008309973925098661,2.3352841035677794
Expands_Expression:1.high_court,-0.0035105917059126634,-0.010131232023935387,-0.011221081618576493,0.03567347152739587,-0.02189625284946755,-0.01463541226921239,-0.03534287792830788,-0.048743444128823865,0.021697468073682256,0.042710539138846516,0.010228484756843707,0.004437454716057782,0.020486154066586555,3.0875880844047114e-05,0.000677703984731308,-0.06599650461981738,-0.00714835971804908,-0.03126786165341752,-0.02300877011048413,0.028714881460094474,0.0035657938060351183,0.01648373897417537,0.011489312189301,-0.01589554988770671,0.024803641644974672,0.03795072364539995,-0.024303610530125554,-0.0007127299568218548,0.020725345504212834,0.0005583654467441055,-0.0007734573364925318,-1.1174373824491957
Expands_Expression:Citizen,0.007893988077611842,-0.0003881648611171485,0.011173547180530699,0.010563713152026057,0.001998569845138923,0.009367942379242709,0.0013576852222026013,-0.02137587581270394,-0.00023078366551703818,0.021253109149970743,-0.001120508466542909,0.005847784048678352,0.015833231015605968,-0.00023520657038723455,4.0499364067258646e-07,0.44574347033640077,0.010795967022398377,-0.010211504098207987,0.0030558917255572074,0.0035657938060351187,0.027675908911335218,0.030383303310581554,0.037625556982779945,0.0030681766563730034,0.009075322841255673,0.023548702075196274,-0.02049292052389997,0.001679693829781352,0.016986203158058266,0.0001712832998048799,-0.0008563366492682719,-0.3757569341639212
Expands_Expression:Press,0.033243441087759534,0.06776305523987014,0.15732366401587572,0.08225705936831638,-0.07641688988823388,0.03640426604597293,0.03322330191226433,-0.11492726522315701,0.03627577092151732,0.09908707000028959,0.026949753043770716,0.039738632372177216,0.08265631482912784,-0.00230809845139274,0.0050430884843505564,4.477012576335195,0.018890346095184016,-0.013348905304147228,0.0583045367435185,0.01648373897417537,0.030383303310581554,0.17366363122204223,0.20645070373977853,0.01723085651175418,0.05932735040375804,0.052789018979290836,-0.11304030539823351,-0.004242467545181234,0.09519336982288151,-0.0005005299075712044,-0.0016210264749616178,0.9099438137160344
Expands_Expression:Intermediary,0.034923742622162794,0.11580822263832172,0.17231917739217265,0.14874554177113494,-0.15244230458952948,-0.029336365228285078,0.14453942671343098,-0.19089446894639722,0.03423298273831412,0.17695220331641545,0.011694278442700675,0.0563450502416013,0.14422467048236845,-0.005079210134263512,0.01341039283357874,9.944733593643418,0.0366261346168885,0.01791657285862511,0.06061468740051784,0.011489312189301,0.037625556982779945,0.2064507037397785,0.46650106428044424,-0.004363836212622152,0.0778733518815573,0.10945461200352985,-0.19608195633608733,-0.030461454174838136,0.14909362249156086,-0.0014729095014864451,-0.0008376944069673348,2.7994517409304334
Expands_Expression:Other/unclear,0.015487662606087247,0.028719339089690384,0.07648368228884676,-0.021296370227851,0.01215025014190957,0.03379791630598865,0.025071627695200396,0.045092532240138386,-0.008749823713163586,-0.030330633667778585,0.003061213483266155,0.005669021936021655,-0.015647598707759166,-0.0001767390231482119,-0.0009008696894536078,0.32077832376008814,0.005325907537316286,0.020657813395712224,0.04366170873756216,-0.01589554988770671,0.003068176656373004,0.01723085651175418,-0.004363836212622151,0.03680695603675138,-0.01398074829464823,-0.03982721342939715,0.004961885534005244,0.0006987946765229344,-0.004933427795090827,-0.0004764868475447902,0.00039742927349419943,0.9413401447213637
Expands_Expression:1.mode_electronic_internet,0.004496970408931544,0.013654139299855834,0.03560111170120057,0.062261512255662024,-0.047281216775106535,-0.021273519360487745,-0.01861804033049696,-0.08228310098679238,0.02924409143294276,0.06008858975128721,0.004932579609315813,0.007984357032466584,0.044091848294505846,-0.0010084526939542478,0.0033690536092751346,1.9751296690540356,0.0014381787502672644,-0.02320357166516065,0.007294205562975093,0.02480364164497467,0.009075322841255673,0.05932735040375804,0.0778733518815573,-0.013980748294648232,0.05870799510146731,0.05204079612113122,-0.04840064699526369,0.002818779026646652,0.05610895176961702,6.34758864335089e-05,-0.0008645415766981371,-0.16543823140156427
Expands_Expression:1.mode_press_newspapers,0.007304056448032308,-0.012981198706249345,-0.025279500957469038,0.08018358577565983,-0.042424235177175605,-0.03055903658292693,-0.03008627173969335,-0.13460338480911996,0.017216752078680245,0.10332428295171986,0.0034640865713837067,0.004205202101042798,0.05192181997045155,-0.0005563737340939872,0.002934807391784883,1.075073966432134,0.008340501460497838,-0.05047021361583376,-0.03880494813663363,0.037950723645399954,0.023548702075196274,0.05278901897929083,0.10945461200352985,-0.03982721342939714,0.05204079612113122,0.12782684145236375,-0.062104085316804586,-0.002722226935906037,0.05559501813987655,0.0007611335999177441,-0.00228528580766393,-1.5701758275306728
Expands_Expression:1.mode_public_assembly,-0.0145180728337257,-0.043882326000839085,-0.09154425088966757,-0.09484251500182302,0.09317361339500131,0.03133309412484887,-0.01722574395395817,0.11480724545650674,-0.04449118132259918,-0.11175341939861566,-0.018469671339702367,-0.03663785186674819,-0.08157653224343567,0.0022060928058971288,-0.005747770980560024,-4.305807632353677,-0.010479373738790836,0.03115006258760237,-0.011260406319770731,-0.02430361053012555,-0.020492920523899973,-0.11304030539823352,-0.1960819563360873,0.004961885534005244,-0.04840064699526369,-0.06210408531680459,0.12814145964734824,0.016334670181190957,-0.07091797584993606,8.266094583872917e-05,0.0017662814189477198,-0.110453305484112
Expands_Expression:1.mode_public_speech,0.008001856888796255,0.0049969425436207394,0.0061612575139657335,-0.013052610460333174,0.016378435558320737,0.016012862410794457,-0.007961743308583125,0.0031793422491806266,-0.00575203699699271,-0.01289809176473644,-0.002301801721118167,0.002550104912176013,-0.014213693554737951,0.00030230996123385326,-0.0009590342878782493,-0.6070902827211294,0.0003973912095265387,0.00576749874425939,0.007263926295117062,-0.0007127299568218548,0.001679693829781352,-0.004242467545181235,-0.030461454174838136,0.0006987946765229343,0.002818779026646652,-0.002722226935906037,0.016334670181190957,0.016931514642558942,0.001216047335988824,-1.821928771609442e-05,0.00030254652323609903,0.029108900951638553
Expands_Expression:1.mode_non_verbal_expression,0.018501143292550322,0.04183317590452659,0.08193550279712337,0.06362421828501413,-0.0539425494116139,0.0014376635061884033,0.01992882710240414,-0.09905272178908142,0.025935943392028912,0.07646857872100508,0.012515332527945223,0.02038842378398454,0.06026603913509157,-0.0017831070366620654,0.0049359050091050275,3.4794078220478832,0.010238375708141543,-0.00423217177131384,0.028459652898966535,0.020725345504212834,0.016986203158058266,0.09519336982288151,0.14909362249156086,-0.004933427795090826,0.05610895176961701,0.05559501813987656,-0.07091797584993606,0.001216047335988824,0.08263443848067124,-0.0003726301091024327,-0.0004602301544176484,0.6773309495107226
Expands_Expression:yearspline1,-0.0003534727891022628,-0.0011427340612625357,-0.0015376221532407647,0.0002181262267204138,0.00020972679552146403,-0.0005274359763420258,-0.0015136238837047376,-0.0004483974132123387,0.00026554394076590287,0.0005497429434552927,-3.3859437753632523e-07,-0.00015799359390951132,-1.330167972825123e-05,2.7210501146643225e-05,-6.358527469339713e-05,-0.053278257252869936,-0.0002649007014305099,-0.0011232049062451046,-0.001203867528926616,0.0005583654467441055,0.00017128329980487986,-0.0005005299075712045,-0.0014729095014864451,-0.0004764868475447902,6.34758864335089e-05,0.0007611335999177441,8.266094583872917e-05,-1.8219287716094425e-05,-0.0003726301091024327,2.8172772091372526e-05,-4.191994386422559e-05,-0.05556330271133359
Expands_Expression:yearspline2,-0.00011828858905274488,0.0006035948925394959,-0.00025451403046787243,-0.0014971533950703115,0.001031425936880389,0.00100584875077096,0.0021431128288808433,0.002265619690136452,-0.0008043295912128174,-0.0025947772256674118,-7.601888911622205e-06,-0.00032849113882989765,-0.0013349687438891172,-6.349193545142125e-06,6.518715981909222e-05,0.013198981675023896,-0.00026133540114496405,0.0018247045086019701,0.0008309973925098662,-0.0007734573364925318,-0.000856336649268272,-0.0016210264749616176,-0.0008376944069673348,0.0003974292734941995,-0.000864541576698137,-0.00228528580766393,0.0017662814189477198,0.00030254652323609903,-0.00046023015441764843,-4.19199438642256e-05,0.00015131288409467978,0.08412855662773223
Expands_Expression:_cons,0.6633206934068373,2.222150206668056,2.9706829842628353,-0.4739477227763392,-0.38968725562307277,1.0225849537900975,2.9726729379779795,0.9625820124586003,-0.5304529900499865,-1.150174880780563,-0.007589511905140513,0.28995392358511785,-0.020126755948971092,-0.05272741130541931,0.12350061863865407,103.30031388069837,0.48984024765581363,2.20618486984485,2.335284103567779,-1.1174373824491954,-0.3757569341639212,0.9099438137160344,2.799451740930433,0.941340144721364,-0.16543823140156427,-1.5701758275306728,-0.110453305484112,0.029108900951638556,0.6773309495107225,-0.0555633027113336,0.08412855662773223,109.69104657529496
