,Contracts_Expression:court_independence_lag1,Contracts_Expression:v2jupurge_lag1,Contracts_Expression:wdj_press_lag1,Contracts_Expression:Civil,Contracts_Expression:Mixed,Contracts_Expression:1.high_court,Contracts_Expression:Citizen,Contracts_Expression:Press,Contracts_Expression:Intermediary,Contracts_Expression:Other/unclear,Contracts_Expression:1.mode_electronic_internet,Contracts_Expression:1.mode_press_newspapers,Contracts_Expression:1.mode_public_assembly,Contracts_Expression:1.mode_public_speech,Contracts_Expression:1.mode_non_verbal_expression,Contracts_Expression:yearspline1,Contracts_Expression:yearspline2,Contracts_Expression:_cons,Expands_Expression:court_independence_lag1,Expands_Expression:v2jupurge_lag1,Expands_Expression:wdj_press_lag1,Expands_Expression:Civil,Expands_Expression:Mixed,Expands_Expression:1.high_court,Expands_Expression:Citizen,Expands_Expression:Press,Expands_Expression:Intermediary,Expands_Expression:Other/unclear,Expands_Expression:1.mode_electronic_internet,Expands_Expression:1.mode_press_newspapers,Expands_Expression:1.mode_public_assembly,Expands_Expression:1.mode_public_speech,Expands_Expression:1.mode_non_verbal_expression,Expands_Expression:yearspline1,Expands_Expression:yearspline2,Expands_Expression:_cons
Contracts_Expression:court_independence_lag1,0.02845791801146381,0.0028358032287875536,-0.02535026913506598,0.04557706682183964,0.05749854848086804,0.014153041505267375,-0.012831011195493987,0.019355693324093048,0.002590890784916551,-0.020445828552797495,0.002273799310675475,0.01113252057851261,0.0032142442257163052,0.01737109498990849,0.0011436052645443125,-0.0004561057003055196,0.000766486192662011,0.8382416307200952,0.013628453805980057,-0.004983302031289515,-0.0026461564840642156,0.009414570627588758,0.018877984084655713,0.001283359956646063,0.006514008877761688,0.025265478742528224,0.026557704204092387,0.007849352626817626,0.006612596881889335,0.014022887726640553,-0.013103001292990623,0.00817652777197762,0.015870914516749893,-0.00022482715462523244,-0.0001804479829538398,0.4182571045001072
Contracts_Expression:v2jupurge_lag1,0.002835803228787553,0.03852232810493803,-0.04577373134273069,0.07666166433540328,0.03881510658598096,-0.006432872459745565,0.0014865131491941606,0.012729916298098292,-0.007365421074905897,0.006375173490658961,0.0018540938831914933,-0.016442967224191966,0.004169889300971193,-0.0009052393447165141,-0.008698222675541338,-5.022241354748889e-05,0.0005244009647687558,0.020121871270479656,-0.0026736208957498717,0.008105356233353418,-0.011992525571423692,0.016361808374126974,0.01130786062124247,-0.00916114688187199,-0.0031250509181494886,0.009453586418678264,-0.008092777057489129,0.017052591494798767,-0.004954725282752674,-0.016719887301071462,0.004305137750134365,0.005814573482473019,0.005703678902151075,-0.000267411526048736,0.0006626231280777566,0.5192584698468401
Contracts_Expression:wdj_press_lag1,-0.02535026913506598,-0.04577373134273068,0.3364007539911235,-0.17063585123338604,-0.10872885474667528,-0.038091203507465414,0.047715950075922615,-0.04750691815247577,-0.05401267253391996,0.04014318694966207,0.020843076490426552,-0.03240619221301238,-0.014387943942135186,-0.028989043115672707,-0.017899097728377677,0.0005757835581148678,-0.0023040209576386016,-0.9868444406855309,-0.010055446407304566,-0.0006404202807504863,0.07052267612644476,-0.030770127317139313,-0.028307986554255423,0.00679672121991766,0.0037957426071692463,-0.09109091372608576,-0.09172819561914698,-0.021760510935869313,-0.02750647984368961,-0.0059586997034704004,0.032196987732535765,-0.020915647362512335,-0.05737892669596519,0.0009942940217984913,-0.0006710914585004562,-1.9280065731062435
Contracts_Expression:Civil,0.04557706682183964,0.07666166433540328,-0.17063585123338604,0.306357286544555,0.19196993496608955,0.017012302176624177,-0.055144274542687576,0.02524891755013943,0.010195873972375888,-0.026306133271076407,0.013758752616084488,0.017421187181474274,0.006607602334234664,0.040038526965872685,0.004765113131646855,-0.001741059118431153,0.0035852287155524066,3.2050408703043103,0.011824814338248503,0.00854247594193637,-0.02966560413309383,0.0801194735375881,0.05347760792123691,-0.013393210543398548,-0.007511445823522294,0.07169795254913418,0.0734213343728289,0.04427514103818894,0.013050428653687505,-0.01600757547142316,-0.041416035076622795,0.014262540351271316,0.047654858496483724,-0.0011583950859903522,0.0008696988841209893,2.245729021617205
Contracts_Expression:Mixed,0.05749854848086805,0.03881510658598096,-0.10872885474667528,0.19196993496608955,0.3405984141016875,0.04672087064827119,-0.052771964101315544,0.05941184404504104,0.047431026033455934,-0.04621039957783838,0.03343301406338276,0.04178057808233464,0.0014613735832369953,0.06005960324167394,0.04139434982001466,-0.002617313713127845,0.005164766906483797,4.960339202779447,0.016162039602664095,-0.011304411545651325,0.010001908001625294,0.0036364878004712963,0.10643111310942063,-0.007238406368788961,0.006512578538896935,0.1519597126881276,0.1534110312713459,0.06719732663455646,0.044618323952069334,-0.0175437991105553,-0.0886675469198134,0.014018664449779193,0.08736662178999324,-0.0015445494440791002,0.0003702431946789078,3.0205625020939983
Contracts_Expression:1.high_court,0.014153041505267375,-0.006432872459745565,-0.03809120350746542,0.017012302176624177,0.04672087064827119,0.14491303083825602,-0.11665965845844094,-0.04085106415108628,-0.0293021566399041,-0.133140911666986,0.04618651981380929,0.09387601170262456,0.013046658744695967,0.02034658104605303,0.06362554958824178,-0.001824369440199163,0.007753103081178327,3.5541405465707836,0.007255113688342157,-0.024433603917155048,0.05937038310025219,-0.08865415157957546,-0.01432823670185897,0.03620143317913805,0.007777402853250426,0.08916942802697629,0.15007691692918662,-0.023280847190628187,0.06464589035070013,0.08060098145207872,-0.09973900126723524,-0.010646415552911138,0.06784728002311229,-8.972510064351213e-07,-0.001586293105152434,-0.0055900083680511334
Contracts_Expression:Citizen,-0.012831011195493987,0.0014865131491941606,0.04771595007592262,-0.055144274542687576,-0.052771964101315544,-0.11665965845844092,0.14660307812435705,0.05376158194771143,0.013032388499785412,0.1112789634490117,-0.05363989881525439,-0.10041624808686006,-0.022865335962345516,-0.03327218054159436,-0.06727390198433517,0.0024290061239094236,-0.007669319035221889,-4.7600959611114515,-0.0057283273434614295,0.017940899826834788,-0.026075580542385672,0.04528198066664911,0.0026360486807974802,-0.02465987756418729,0.006998168862991795,-0.08537922131064626,-0.15895218957734364,0.016309491780843167,-0.05043716880299893,-0.04527914088711034,0.10403458877226898,0.01591895899111824,-0.060150465077032075,0.00038402790128042865,0.0010747720347846486,-0.7634932636375844
Contracts_Expression:Press,0.019355693324093048,0.01272991629809829,-0.04750691815247578,0.02524891755013943,0.05941184404504104,-0.04085106415108628,0.05376158194771144,0.15016092293655628,0.03345119024672637,0.04993419966651286,-0.02097915506548489,-0.08277648387398309,0.02523622891226982,0.006787849068010977,-0.02403702577240575,0.0008018537236903041,-0.0028125739085397158,-1.6518646798445746,0.007536265476066435,-0.002460420256149549,-0.03021431783736108,0.030363050921979974,0.030159790675200245,-0.015821428940686454,0.009561201617033516,0.03579156611872613,-0.026676265449284014,0.03441546373643511,-0.02006162924742001,-0.031257989563664816,0.037165013629688076,0.016477333393292253,0.0009516046269928073,-0.0004662031541790599,0.0010673523072954516,0.9109717167768603
Contracts_Expression:Intermediary,0.0025908907849165504,-0.007365421074905896,-0.05401267253391996,0.010195873972375888,0.047431026033455934,-0.0293021566399041,0.013032388499785412,0.03345119024672637,0.13839138103218626,0.047497521910404156,-0.0505126460806869,-0.018840868205443017,-0.01366305595498712,0.008806492100578735,0.000678125304283578,-0.0007442933129049307,0.0015355925272575804,1.4832189666948676,0.011743471819325812,0.004271935790854088,-0.06436555861747295,0.07592605653754517,0.050704456064781446,-0.03224527418653815,-0.004641788416897337,0.014959687363698562,0.10110437669723947,0.018478770163850872,-0.029007762733346383,-0.03864414552389831,-0.007921483148750668,-0.010729924046299385,0.003648941629228324,-0.0012812821165052641,0.00237464777146836,2.5304219245046036
Contracts_Expression:Other/unclear,-0.020445828552797495,0.00637517349065896,0.04014318694966207,-0.026306133271076407,-0.046210399577838374,-0.133140911666986,0.1112789634490117,0.049934199666512864,0.047497521910404156,0.21581352753826666,-0.05365686534035794,-0.153970580918927,-0.006898389854861043,-0.02787343135217831,-0.09336847416776664,0.002322204394725355,-0.008197137121022926,-4.549273627350324,-0.014816553319237098,0.028155306573217038,-0.0600556440783786,0.10355150595815057,0.02736612177416987,-0.048842187507221926,-0.018097950609946248,-0.12470004484811915,-0.19529388280097246,0.04664243707543981,-0.08515968664462728,-0.1343642622551885,0.12269982982723816,6.11905042169767e-05,-0.10563473738877331,-0.00016344608475242698,0.00235092925468225,0.3562507861858122
Contracts_Expression:1.mode_electronic_internet,0.0022737993106754753,0.0018540938831914933,0.020843076490426552,0.013758752616084488,0.03343301406338276,0.04618651981380929,-0.05363989881525438,-0.02097915506548489,-0.050512646080686896,-0.05365686534035794,0.05649825537001455,0.044961654948241205,0.019266637058274753,0.016874199500111535,0.034734127788599606,-0.0009491966619502678,0.002612529704211967,1.8535399017965783,-0.0037313772414077,-0.009744643350988803,0.040743361576993715,-0.04999223565271055,-0.008318289948213518,0.020602470483425464,-1.9838266442704496e-06,0.03831900521370116,0.028491090853928924,-0.006008339581599687,0.02984156365030763,0.014987470047335827,-0.042066525116972626,-0.002504610628949764,0.02706611485295351,0.0001881354686169068,-0.0008771776679349038,-0.3644617000564543
Contracts_Expression:1.mode_press_newspapers,0.01113252057851261,-0.016442967224191966,-0.03240619221301238,0.017421187181474274,0.04178057808233464,0.09387601170262456,-0.10041624808686006,-0.08277648387398309,-0.018840868205443017,-0.15397058091892704,0.044961654948241205,0.2025547896785797,0.010454188645715519,0.03813726981777087,0.08654112545929826,-0.0018477773672828004,0.005296820092476271,3.6431608239540076,0.008747444219064227,-0.015683769803769166,0.03419324987534297,-0.07135050818870267,-0.012528603823888457,0.04270758181220501,0.01769600891797744,0.09929008304032606,0.1610595401086726,-0.031124567442160533,0.05887226624822667,0.0987296795749162,-0.11289239621737458,-0.009825961045657809,0.07634058932345512,0.00036239998254261076,-0.002413505839967813,-0.7488085602301705
Contracts_Expression:1.mode_public_assembly,0.0032142442257163052,0.004169889300971193,-0.014387943942135186,0.006607602334234665,0.0014613735832369953,0.013046658744695967,-0.022865335962345516,0.025236228912269818,-0.01366305595498712,-0.006898389854861042,0.01926663705827475,0.010454188645715519,0.0406071699006144,0.012324764175717245,0.009318047159333799,0.00010034631723424354,0.00013810373528899374,-0.22484674397595372,-0.00164479741029864,-0.0022484808745698933,-0.0032147866393614443,-0.007058907487218563,-0.005780879407877966,0.00901053608810279,-0.0034543947516471074,0.019799088847249475,-0.003713617572699044,0.003746986732683754,0.0003928107301492469,-0.0028339185251598877,-0.009897629981788714,-0.0011081627891920305,0.0061414305467365924,6.568884336311524e-05,8.67576742493125e-06,-0.12970223518188648
Contracts_Expression:1.mode_public_speech,0.017371094989908492,-0.0009052393447165142,-0.028989043115672707,0.04003852696587268,0.06005960324167395,0.02034658104605303,-0.03327218054159436,0.006787849068010977,0.008806492100578737,-0.027873431352178315,0.016874199500111535,0.03813726981777087,0.012324764175717245,0.041343920883485735,0.017686794659351208,-0.0006692587715923475,0.0011874274103601222,1.2779290816612605,0.006671193163701437,-0.005949063661264427,-0.0012797964719939471,-0.0063668668933544665,0.015048156471409656,0.004337393387508382,0.003186029312122255,0.04079733464347017,0.048781201355226976,0.007399387602233409,0.007102978932352547,0.00046709759318356155,-0.035308840895571104,0.004502680817001679,0.020705318834978784,-0.00023349944298710733,-0.0001797478086474344,0.45203221069417593
Contracts_Expression:1.mode_non_verbal_expression,0.0011436052645443125,-0.008698222675541338,-0.017899097728377673,0.0047651131316468545,0.04139434982001466,0.06362554958824178,-0.06727390198433517,-0.02403702577240575,0.000678125304283578,-0.09336847416776663,0.03473412778859961,0.08654112545929825,0.0093180471593338,0.017686794659351208,0.07529853378855646,-0.0017350845707419839,0.004877831348508107,3.4285594982353462,0.009278828012630745,-0.012418901154465667,0.021166922251577798,-0.04306017736985885,0.003485877009234764,0.020304132668430973,0.01273978883664855,0.08299800341156999,0.1299657046896149,-0.014886732356684773,0.042075654145904286,0.0465312238513118,-0.0817076835254595,-0.012257924894180405,0.05961916208515009,-0.00016297073497477187,-0.0011481614639341927,0.30550626253301594
Contracts_Expression:yearspline1,-0.0004561057003055196,-5.022241354748889e-05,0.0005757835581148679,-0.0017410591184311528,-0.0026173137131278446,-0.0018243694401991629,0.002429006123909423,0.0008018537236903042,-0.0007442933129049307,0.002322204394725355,-0.0009491966619502678,-0.0018477773672828002,0.00010034631723424354,-0.0006692587715923475,-0.0017350845707419839,8.368934766714894e-05,-0.00021910981860942804,-0.1643595716054491,-0.00042764886972852795,0.0003647165842221621,-0.0007060263358275832,0.0005820873898615058,-0.000738081371722458,-7.126752250521017e-05,-0.00019250435453221852,-0.0022663333160767643,-0.004856605903808174,7.06730117889473e-05,-0.001063153738689601,-0.0006901056113903459,0.002394524048758399,0.00031115585142307877,-0.0017938131438671938,2.7510801699495956e-05,-4.098376156925525e-06,-0.054068599183199416
Contracts_Expression:yearspline2,0.0007664861926620109,0.0005244009647687558,-0.0023040209576386016,0.0035852287155524066,0.005164766906483798,0.007753103081178327,-0.007669319035221889,-0.0028125739085397158,0.0015355925272575804,-0.008197137121022926,0.0026125297042119667,0.005296820092476271,0.00013810373528899374,0.0011874274103601222,0.004877831348508107,-0.00021910981860942807,0.0007919183693691918,0.42930855027574066,0.000882555325948925,-0.001217912596293111,0.0031152699533163416,-0.003223692145705647,0.0011615354094692255,0.0008442166936336896,-6.226269730350424e-05,0.005888803324414755,0.013764370612739267,-0.0012346355894402553,0.0037136531503480707,0.0032585591148756444,-0.006647756810656502,-0.0009072303371637021,0.005462289671804121,-7.362444209515521e-05,5.444422393687963e-05,0.1449226697182063
Contracts_Expression:_cons,0.8382416307200952,0.020121871270479645,-0.9868444406855308,3.2050408703043103,4.960339202779445,3.554140546570784,-4.760095961111451,-1.6518646798445749,1.4832189666948674,-4.549273627350323,1.8535399017965783,3.643160823954007,-0.2248467439759537,1.2779290816612605,3.4285594982353467,-0.1643595716054491,0.4293085502757407,323.08490536477035,0.8236528313201285,-0.7220889783380469,1.4084661124676887,-1.1756470625674984,1.3966754248254376,0.14603587145547414,0.37118673651799344,4.389996567241225,9.545372927513364,-0.19089189478568558,2.089770967357029,1.363486412032425,-4.692844202534695,-0.6389196361474512,3.4946512762741184,-0.053512001241599085,0.007462193274353215,105.23271299772466
Expands_Expression:court_independence_lag1,0.013628453805980057,-0.0026736208957498717,-0.010055446407304566,0.011824814338248502,0.0161620396026641,0.007255113688342156,-0.0057283273434614295,0.007536265476066435,0.011743471819325812,-0.0148165533192371,-0.0037313772414077,0.008747444219064227,-0.0016447974102986398,0.006671193163701437,0.009278828012630745,-0.00042764886972852795,0.000882555325948925,0.8236528313201283,0.014869569217521887,-0.002818466465678107,-0.008801549091748916,0.010613267321588177,0.016307124155075077,-0.0027314413648568026,0.009108010248010537,0.014630411229442426,0.03090751526689852,9.035852335605213e-05,0.0028058650678329106,0.013276437637510522,-0.011075214361239477,0.0013678412743805346,0.010108792837875287,-0.00022275086004334242,-0.00010865683376566722,0.41395279380568323
Expands_Expression:v2jupurge_lag1,-0.004983302031289515,0.008105356233353418,-0.0006404202807504862,0.00854247594193637,-0.011304411545651325,-0.02443360391715505,0.017940899826834784,-0.0024604202561495495,0.004271935790854087,0.028155306573217038,-0.009744643350988803,-0.01568376980376917,-0.0022484808745698933,-0.005949063661264428,-0.012418901154465667,0.00036471658422216203,-0.001217912596293111,-0.7220889783380469,-0.0028184664656781076,0.011028483657861202,-0.01621870720716835,0.02675860496184943,0.00020012323930514462,-0.008795754669879134,-0.0032399890534535137,-0.019039812607331702,-0.0309563739934756,0.005575402228676559,-0.015129695869185745,-0.016748345532658825,0.014639950133701533,-0.001522627042372005,-0.015991556232497466,3.23448337682765e-05,0.0002142317530103477,-0.06946272043355345
Expands_Expression:wdj_press_lag1,-0.0026461564840642156,-0.011992525571423692,0.07052267612644476,-0.029665604133093826,0.010001908001625292,0.059370383100252194,-0.02607558054238567,-0.030214317837361084,-0.06436555861747295,-0.0600556440783786,0.040743361576993715,0.03419324987534297,-0.0032147866393614443,-0.0012797964719939471,0.021166922251577798,-0.0007060263358275831,0.0031152699533163416,1.4084661124676887,-0.008801549091748916,-0.01621870720716835,0.14754033049076348,-0.1044263774157707,-0.02741182274688606,0.033923899316952555,0.007649795309653415,0.01671754583666275,0.019320049032511357,-0.019265899845220293,0.04523629897770169,0.042719397595873655,-0.03077574846440917,-0.0011985177677240957,0.02650008001683084,0.0005526536409300543,-0.001099731674323717,-1.0772895401180007
Expands_Expression:Civil,0.009414570627588758,0.016361808374126974,-0.030770127317139313,0.0801194735375881,0.0036364878004712968,-0.08865415157957546,0.04528198066664911,0.03036305092197997,0.07592605653754517,0.10355150595815056,-0.04999223565271055,-0.07135050818870267,-0.007058907487218563,-0.0063668668933544665,-0.04306017736985886,0.0005820873898615058,-0.003223692145705647,-1.1756470625674984,0.010613267321588177,0.026758604961849425,-0.1044263774157707,0.1734761137691944,0.044957639805718035,-0.040375003768403035,-0.01913724861096409,-0.0562997578952842,-0.0579540359758403,0.025205080396777466,-0.05309363277429107,-0.06569657368056449,0.054901529518314666,-0.001436760381304879,-0.04237924114302844,-0.0007173075442490936,0.0017646548355276528,1.3892460642174838
Expands_Expression:Mixed,0.018877984084655713,0.011307860621242468,-0.02830798655425542,0.05347760792123691,0.10643111310942063,-0.01432823670185897,0.0026360486807974802,0.030159790675200242,0.05070445606478144,0.02736612177416987,-0.00831828994821352,-0.012528603823888457,-0.005780879407877966,0.015048156471409656,0.0034858770092347645,-0.0007380813717224581,0.0011615354094692255,1.3966754248254376,0.016307124155075077,0.00020012323930514465,-0.027411822746886055,0.04495763980571804,0.07689025646427025,-0.021172805187075587,0.0005366693837162042,0.03243974307812864,0.03385610124672229,0.03069863296738624,0.0006047724912280455,-0.03508602775183581,-0.0017298534632892882,0.006466146891489046,0.01454373951496415,-0.0009715446771138848,0.0011588771300225023,1.894687016322633
Expands_Expression:1.high_court,0.0012833599566460631,-0.00916114688187199,0.00679672121991766,-0.013393210543398548,-0.0072384063687889605,0.03620143317913805,-0.024659877564187287,-0.015821428940686454,-0.03224527418653814,-0.048842187507221926,0.020602470483425464,0.04270758181220502,0.00901053608810279,0.004337393387508382,0.020304132668430973,-7.126752250521018e-05,0.0008442166936336896,0.14603587145547414,-0.0027314413648568026,-0.008795754669879134,0.033923899316952555,-0.040375003768403035,-0.021172805187075584,0.027084146411348875,0.0038037347397127733,0.017078163002217324,0.016447857210271612,-0.015544395021718777,0.02592045902742484,0.039562018232978405,-0.02440764609505636,-0.00020897177569235653,0.021037722242554614,0.00047101994105655287,-0.0009331052307045237,-0.9345789842031775
Expands_Expression:Citizen,0.006514008877761688,-0.0031250509181494886,0.0037957426071692467,-0.007511445823522293,0.006512578538896935,0.007777402853250425,0.006998168862991795,0.009561201617033516,-0.004641788416897336,-0.018097950609946244,-1.9838266442704496e-06,0.01769600891797744,-0.003454394751647107,0.003186029312122255,0.01273978883664855,-0.00019250435453221852,-6.226269730350424e-05,0.3711867365179935,0.009108010248010537,-0.0032399890534535137,0.007649795309653415,-0.019137248610964087,0.0005366693837162042,0.0038037347397127737,0.027180392984259654,0.02582866595406321,0.026120851823471472,0.0031807515070001466,0.008691177676423294,0.022017667666710854,-0.01658791373025967,0.0028285878208252433,0.01429864464869091,0.0001523125370251348,-0.0007461053894445804,-0.3277373101836195
Expands_Expression:Press,0.025265478742528224,0.009453586418678262,-0.09109091372608576,0.07169795254913418,0.1519597126881276,0.08916942802697629,-0.08537922131064625,0.03579156611872613,0.014959687363698562,-0.12470004484811914,0.03831900521370116,0.09929008304032605,0.019799088847249475,0.04079733464347018,0.08299800341156999,-0.0022663333160767643,0.005888803324414755,4.3899965672412256,0.014630411229442425,-0.0190398126073317,0.01671754583666275,-0.0562997578952842,0.03243974307812865,0.017078163002217324,0.02582866595406321,0.17617402680480543,0.19661316589899236,0.012277726800073033,0.0628151675653084,0.05238433066177049,-0.11352256218300583,-0.00020260836966653586,0.0988379905305636,-0.0006294519263288919,-0.0014081077113004719,1.2119988994833193
Expands_Expression:Intermediary,0.026557704204092387,-0.00809277705748913,-0.09172819561914698,0.0734213343728289,0.15341103127134592,0.15007691692918662,-0.15895218957734364,-0.026676265449284014,0.10110437669723947,-0.19529388280097246,0.028491090853928924,0.1610595401086726,-0.003713617572699044,0.048781201355226976,0.1299657046896149,-0.004856605903808174,0.013764370612739267,9.545372927513363,0.03090751526689852,-0.0309563739934756,0.019320049032511354,-0.05795403597584029,0.03385610124672229,0.016447857210271612,0.026120851823471472,0.1966131658989924,0.4115206334825809,-0.01476843163582682,0.07205299496567288,0.09862726019750541,-0.19274869763856717,-0.02618143789496524,0.1413432339472714,-0.0015878848813380658,-0.000427917393771543,3.1068157169701363
Expands_Expression:Other/unclear,0.007849352626817626,0.017052591494798767,-0.021760510935869316,0.04427514103818894,0.06719732663455646,-0.023280847190628187,0.016309491780843167,0.03441546373643511,0.018478770163850876,0.04664243707543981,-0.0060083395815996865,-0.031124567442160536,0.003746986732683754,0.007399387602233408,-0.014886732356684772,7.06730117889473e-05,-0.0012346355894402553,-0.1908918947856856,9.035852335605213e-05,0.00557540222867656,-0.01926589984522029,0.02520508039677747,0.03069863296738624,-0.015544395021718775,0.0031807515070001466,0.012277726800073033,-0.014768431635826819,0.03607830347202878,-0.013917920518076912,-0.04116442225061888,0.010377496015762395,0.0024893239283807537,-0.006250696653916938,-0.00038074481134333445,0.0005931277124038007,0.749566029049157
Expands_Expression:1.mode_electronic_internet,0.006612596881889336,-0.004954725282752674,-0.02750647984368961,0.013050428653687505,0.044618323952069334,0.06464589035070013,-0.05043716880299893,-0.02006162924742001,-0.029007762733346383,-0.08515968664462728,0.02984156365030763,0.05887226624822667,0.0003928107301492469,0.007102978932352548,0.042075654145904286,-0.001063153738689601,0.0037136531503480707,2.089770967357029,0.00280586506783291,-0.015129695869185746,0.04523629897770169,-0.053093632774291064,0.0006047724912280455,0.02592045902742484,0.008691177676423294,0.0628151675653084,0.07205299496567288,-0.013917920518076912,0.060755712151553995,0.05141709568471144,-0.04933950802580514,0.004819857040595982,0.0570462582298956,-4.9879636100940845e-06,-0.0009917133396477812,-0.002509904185545019
Expands_Expression:1.mode_press_newspapers,0.014022887726640555,-0.016719887301071462,-0.0059586997034704004,-0.01600757547142316,-0.0175437991105553,0.08060098145207872,-0.04527914088711034,-0.03125798956366482,-0.03864414552389831,-0.1343642622551885,0.014987470047335827,0.0987296795749162,-0.0028339185251598873,0.00046709759318356155,0.0465312238513118,-0.0006901056113903459,0.003258559114875644,1.363486412032425,0.013276437637510522,-0.016748345532658825,0.04271939759587365,-0.06569657368056449,-0.03508602775183581,0.0395620182329784,0.022017667666710858,0.05238433066177049,0.09862726019750541,-0.04116442225061888,0.05141709568471144,0.12601152119099338,-0.06315141246402897,-0.0014752234782264844,0.053531748764672114,0.0006684305075518096,-0.00241492647467621,-1.36169609834395
Expands_Expression:1.mode_public_assembly,-0.013103001292990623,0.004305137750134365,0.032196987732535765,-0.041416035076622795,-0.08866754691981339,-0.09973900126723524,0.10403458877226898,0.037165013629688076,-0.007921483148750666,0.12269982982723816,-0.042066525116972626,-0.1128923962173746,-0.009897629981788714,-0.03530884089557111,-0.08170768352545948,0.0023945240487583987,-0.006647756810656502,-4.692844202534694,-0.011075214361239477,0.014639950133701533,-0.03077574846440917,0.054901529518314666,-0.001729853463289288,-0.02440764609505636,-0.01658791373025967,-0.11352256218300581,-0.19274869763856717,0.010377496015762393,-0.04933950802580514,-0.06315141246402899,0.13371790068491898,0.015262314882042275,-0.0736406967195347,0.0002723974266512156,0.0016384915596867483,-0.5168327637556663
Expands_Expression:1.mode_public_speech,0.00817652777197762,0.005814573482473018,-0.020915647362512335,0.014262540351271316,0.014018664449779193,-0.010646415552911138,0.01591895899111824,0.016477333393292253,-0.010729924046299386,6.11905042169767e-05,-0.0025046106289497642,-0.009825961045657809,-0.0011081627891920305,0.004502680817001679,-0.012257924894180405,0.00031115585142307877,-0.0009072303371637019,-0.6389196361474512,0.0013678412743805346,-0.001522627042372005,-0.001198517767724096,-0.0014367603813048788,0.006466146891489045,-0.00020897177569235653,0.0028285878208252433,-0.00020260836966653586,-0.026181437894965236,0.0024893239283807537,0.004819857040595982,-0.0014752234782264841,0.015262314882042273,0.017398026662306828,0.0030526339984217232,5.608612998944484e-06,0.00016914065740524303,-0.018765487496125492
Expands_Expression:1.mode_non_verbal_expression,0.015870914516749893,0.005703678902151075,-0.057378926695965185,0.047654858496483724,0.08736662178999324,0.0678472800231123,-0.060150465077032075,0.0009516046269928071,0.003648941629228324,-0.1056347373887733,0.02706611485295351,0.07634058932345511,0.006141430546736592,0.020705318834978784,0.05961916208515009,-0.0017938131438671936,0.005462289671804121,3.494651276274118,0.010108792837875287,-0.015991556232497466,0.026500080016830838,-0.04237924114302844,0.01454373951496415,0.021037722242554614,0.014298644648690911,0.0988379905305636,0.1413432339472714,-0.006250696653916939,0.0570462582298956,0.053531748764672114,-0.0736406967195347,0.0030526339984217232,0.08383632609166368,-0.00048065151869081135,-0.0004392703651871855,0.9250880715894828
Expands_Expression:yearspline1,-0.00022482715462523238,-0.000267411526048736,0.0009942940217984913,-0.0011583950859903522,-0.0015445494440791,-8.972510064351214e-07,0.00038402790128042865,-0.00046620315417905987,-0.0012812821165052641,-0.00016344608475242695,0.00018813546861690684,0.0003623999825426108,6.568884336311524e-05,-0.00023349944298710736,-0.00016297073497477187,2.7510801699495956e-05,-7.362444209515521e-05,-0.053512001241599085,-0.00022275086004334242,3.23448337682765e-05,0.0005526536409300543,-0.0007173075442490935,-0.0009715446771138848,0.0004710199410565528,0.00015231253702513477,-0.0006294519263288919,-0.0015878848813380658,-0.0003807448113433344,-4.9879636100940845e-06,0.0006684305075518096,0.0002723974266512156,5.608612998944485e-06,-0.0004806515186908113,2.6866050401706033e-05,-4.205802319958104e-05,-0.05306752382392897
Expands_Expression:yearspline2,-0.00018044798295383977,0.0006626231280777566,-0.0006710914585004561,0.0008696988841209894,0.0003702431946789078,-0.001586293105152434,0.0010747720347846483,0.0010673523072954516,0.00237464777146836,0.00235092925468225,-0.0008771776679349038,-0.002413505839967813,8.675767424931248e-06,-0.00017974780864743437,-0.0011481614639341927,-4.098376156925525e-06,5.444422393687963e-05,0.007462193274353215,-0.00010865683376566724,0.00021423175301034774,-0.001099731674323717,0.0017646548355276528,0.0011588771300225025,-0.0009331052307045236,-0.0007461053894445804,-0.001408107711300472,-0.000427917393771543,0.0005931277124038007,-0.0009917133396477812,-0.00241492647467621,0.0016384915596867483,0.00016914065740524303,-0.0004392703651871856,-4.205802319958104e-05,0.00014664255176921818,0.08378632814522857
Expands_Expression:_cons,0.41825710450010717,0.5192584698468401,-1.9280065731062435,2.2457290216172043,3.0205625020939983,-0.005590008368051138,-0.7634932636375842,0.9109717167768603,2.5304219245046036,0.3562507861858122,-0.36446170005645434,-0.7488085602301705,-0.12970223518188648,0.4520322106941759,0.305506262533016,-0.054068599183199416,0.14492266971820633,105.23271299772465,0.4139527938056833,-0.06946272043355346,-1.0772895401180007,1.3892460642174838,1.894687016322633,-0.9345789842031774,-0.32773731018361946,1.2119988994833193,3.1068157169701363,0.7495660290491569,-0.0025099041855450193,-1.36169609834395,-0.5168327637556664,-0.018765487496125496,0.9250880715894827,-0.05306752382392897,0.08378632814522857,104.9078349427277
