,Contracts_Expression:court_independence_lag1,Contracts_Expression:v2jupurge_lag1,Contracts_Expression:wdj_citizen_lag1,Contracts_Expression:Civil,Contracts_Expression:Mixed,Contracts_Expression:1.high_court,Contracts_Expression:Citizen,Contracts_Expression:Press,Contracts_Expression:Intermediary,Contracts_Expression:Other/unclear,Contracts_Expression:1.mode_electronic_internet,Contracts_Expression:1.mode_press_newspapers,Contracts_Expression:1.mode_public_assembly,Contracts_Expression:1.mode_public_speech,Contracts_Expression:1.mode_non_verbal_expression,Contracts_Expression:yearspline1,Contracts_Expression:yearspline2,Contracts_Expression:_cons,Expands_Expression:court_independence_lag1,Expands_Expression:v2jupurge_lag1,Expands_Expression:wdj_citizen_lag1,Expands_Expression:Civil,Expands_Expression:Mixed,Expands_Expression:1.high_court,Expands_Expression:Citizen,Expands_Expression:Press,Expands_Expression:Intermediary,Expands_Expression:Other/unclear,Expands_Expression:1.mode_electronic_internet,Expands_Expression:1.mode_press_newspapers,Expands_Expression:1.mode_public_assembly,Expands_Expression:1.mode_public_speech,Expands_Expression:1.mode_non_verbal_expression,Expands_Expression:yearspline1,Expands_Expression:yearspline2,Expands_Expression:_cons
Contracts_Expression:court_independence_lag1,0.25942111750152114,-0.052153587613343454,0.10342610896913926,-0.008228478580830314,0.1959484964820158,-0.0017482711831501335,0.0038406657646812546,0.011700133272350071,0.04952061487316083,-0.056498418480609054,-0.054279817794630605,0.07305569913463879,-0.0029316474453345057,-0.0031881511314253833,-0.0015125771075605618,-0.0038708994500999514,0.005158719550562396,7.250572481179471,0.06812921949441489,-0.0747183788103977,0.06747959666452748,-0.11645226882294658,0.037940111444620526,0.0009164153607641555,0.019889676673050624,0.07613471214261483,0.14025048849063954,0.008604748139753978,0.0369535366153803,0.087936823218492,-0.03729711843442019,0.0019377019587044548,0.04826640119509855,-0.0011915220280044648,-0.0005156931523373722,2.340561359103364
Contracts_Expression:v2jupurge_lag1,-0.052153587613343454,0.16091801903442618,-0.1467527034084851,0.18381858650905053,-0.09083429110694614,-0.00042700327109195213,0.012883494341821802,0.012038452651168575,-0.05246634353879437,0.07586392230983856,0.014729417092439297,-0.08698249777273379,-0.01799923960631914,0.018074168342023425,-0.06465990782898264,0.0015836547026332043,-0.0017949816091296796,-3.367786761016058,-0.04046438189545094,0.058945463873909254,-0.044890810067660825,0.07814873476896744,-0.010304342764345137,-0.020507623118995736,-0.022082042367674626,-0.07377180845803784,-0.1408099213179956,0.01351700237320859,-0.03991899822962946,-0.08925867613601707,0.06025890164143575,0.020922134460309237,-0.04409789667681581,0.0001796347087232961,0.0024047801003592916,-0.37351160654253146
Contracts_Expression:wdj_citizen_lag1,0.10342610896913926,-0.14675270340848512,0.8050936939271469,-0.489610657074668,0.1048580560642065,-0.08141327076269447,0.04790101168526763,0.034743269856672185,-0.015747148425235842,-0.12993758099205585,-0.05274747674614245,-0.01852250647161769,0.017761991448276126,-0.04895090015321306,-0.06276512278507496,-0.0009535698382072995,-0.0050771332975686695,2.1005298623378543,0.007779470466142301,-0.07099060926684701,0.2547366957193109,-0.2103389008728556,-0.05594099712199907,0.04218054433525174,0.030977115846557785,0.00032852916926921495,-0.011676338510765483,-0.04082910489517423,-0.005372823457230717,0.15130868676460424,0.06228948073066267,0.02105072824590763,0.02231206655319656,0.001149787168317826,-0.0011144588865616013,-2.202521063220865
Contracts_Expression:Civil,-0.008228478580830314,0.1838185865090505,-0.48961065707466805,0.4634834499788728,-0.07480714093319632,0.05989505532025318,-0.020531299928478398,-0.022829064224265123,-0.018895185037733138,0.09765831360961856,0.017388025114139914,-0.006805026203232367,-0.02198797755247827,0.030937451772660995,-0.015716061535020785,0.0002958533803090884,0.004729076761805011,-1.0233117359797186,-0.02356990890390284,0.03831199562313861,-0.16763725202143812,0.15066001673948706,0.012177234629178758,-0.02254514436719688,-0.02873728556451136,-0.03425572347445541,-0.049776205660719046,0.033443184108181326,-0.004571769918902182,-0.08351431547785024,-0.0058048450526775475,-0.004393091933805514,-0.022611297574481767,-0.0006826876577165073,0.002140762338895548,1.3441793469861745
Contracts_Expression:Mixed,0.1959484964820158,-0.09083429110694613,0.10485805606420652,-0.0748071409331963,0.4529738980790213,-0.021974791588967257,-0.05325116848170582,0.05673726426533192,0.054982574342704926,-0.04749068529181988,0.02592095624918828,0.047715689264429526,0.0024209575212939633,0.04440691210406467,0.009257389325128876,-0.004582779695823912,0.004948830997208459,8.870560730121545,0.03537322637178846,-0.06041483906517249,-0.007271531724168131,-0.07568752529569552,0.082035740630677,-0.025535712524167056,0.003350172203839396,0.15532952650321194,0.16355151168612012,0.06548393202605489,0.018171715995047293,-0.019342593310763958,-0.08678337878582307,0.0029186353359269652,0.06626186258757791,-0.001967881961626247,0.0005723888002383146,3.94045536935736
Contracts_Expression:1.high_court,-0.0017482711831501335,-0.0004270032710919521,-0.08141327076269447,0.05989505532025318,-0.021974791588967254,0.03582123050456826,-0.0027166566290812927,0.0021444779531450877,0.0006907376114224535,-0.021067344571547,0.006076712783253388,0.047787812368113275,0.013840981233953399,0.004802887183159314,0.03455979359074642,-2.876829572425896e-05,0.002189956909430401,0.02454889015984942,0.008095589314278223,-0.019716765241105983,-0.00032837269880756244,-0.018532518560959735,-0.008268358748208561,0.015537224044865914,0.008748118422322797,0.03511766174772553,0.044401660895437046,0.004588866578651059,0.028361760936647967,0.03368258970521953,-0.029563888717832266,-0.006114654083420058,0.025759365132091518,1.3090339974084014e-06,-0.0011029324748487459,0.0033262939672802252
Contracts_Expression:Citizen,0.0038406657646812546,0.0128834943418218,0.04790101168526762,-0.0205312999284784,-0.05325116848170582,-0.0027166566290812923,0.026690651494972233,0.0002626163333433056,-0.024288098167451297,-0.004406732784848005,-0.007935170945968783,-0.009956446258238773,-0.0010949470270187557,-0.009585408812710711,-0.012505591002414409,0.0006392054102505357,-0.001746897047244556,-1.295629082174467,0.006898501859080313,0.010357074579929097,0.048557593373029305,-0.02275712206559128,-0.010442117466438226,0.007114945222487949,0.007484929985366094,-0.027034419160237074,-0.042478045087595,-0.017026479999478043,-0.008049875126539456,0.01753117124466309,0.02384374543460739,0.006118893483326074,-0.014595698782986928,0.00048036983110727135,-0.0004682902665573112,-0.9920086346521302
Contracts_Expression:Press,0.011700133272350071,0.012038452651168575,0.03474326985667219,-0.022829064224265127,0.05673726426533192,0.0021444779531450877,0.00026261633334330567,0.07736201000406331,0.028634201375710423,-0.02134152295180636,0.00029303655720462206,0.0051673095221951605,0.01485414111223434,0.02005290423351601,0.003843251109113941,-0.00042751110614168826,0.0014260438552105566,0.7860543578122129,-0.0004057807285847881,-0.02362348752522073,0.035260047849676554,-0.029419378106898385,0.009846521134280216,-0.0022877768440319655,0.004344193077221866,0.06486643718256241,0.04298445936074023,0.017250774038409376,0.009913319206651032,0.0005210187753702282,-0.006826676075011453,0.01575968773450657,0.035142385978955186,-0.0004658975932403649,0.0003791278065114932,0.955175238191874
Contracts_Expression:Intermediary,0.04952061487316083,-0.05246634353879436,-0.015747148425235842,-0.01889518503773314,0.054982574342704926,0.0006907376114224535,-0.024288098167451297,0.028634201375710416,0.19205588658746175,-0.01741753602282614,-0.07121954549464288,0.07694444832640265,0.007626198601426509,-0.0010384783511386832,0.05689370968001324,-0.0022051208541755724,0.006617222372677377,4.362374571416997,0.06737847979183563,-0.04477408408269709,-0.03169933577849335,0.05956268797007987,0.07064384892414853,-0.020356737471286863,0.015679191976674178,0.09519707211549305,0.23731886452471515,0.016202582896268906,0.011761556484805168,0.030692202696161117,-0.06531328562498809,-0.020239506743291724,0.059132453988243135,-0.002034139160535276,0.001262023640239177,3.9839432823134837
Contracts_Expression:Other/unclear,-0.056498418480609054,0.07586392230983854,-0.12993758099205588,0.09765831360961857,-0.047490685291819885,-0.021067344571546995,-0.004406732784848005,-0.02134152295180636,-0.01741753602282614,0.09702526869906762,0.004347499786886251,-0.11745706323190569,-0.03806072979174195,-0.002315388309623731,-0.06083879058035515,0.0010072189282591408,-0.0024404029280787566,-2.0135923272720104,-0.02905425845088858,0.06757802467808334,-0.09556573474735253,0.1221504679113574,0.015131790448495127,-0.03635874890530742,-0.029895518945314982,-0.1020844441562594,-0.1134772288544026,0.0002617315060864578,-0.05753939447054152,-0.10820698726883658,0.04998555377974104,0.0020529919433631048,-0.07016974011827856,-7.174372160727741e-05,0.002517704259588728,0.11485244948216572
Contracts_Expression:1.mode_electronic_internet,-0.05427981779463061,0.014729417092439297,-0.05274747674614245,0.017388025114139918,0.025920956249188283,0.006076712783253387,-0.00793517094596878,0.00029303655720462206,-0.07121954549464288,0.004347499786886251,0.059518058916719956,-0.0136267258522782,0.007068585574605517,0.020158989087146972,0.002561694867507489,0.0008505907643158069,-0.002012168156757107,-1.6177726348090888,-0.03330276988570647,0.02107092015753702,-0.01450905156902268,-0.004643147499528522,-0.016777202836733535,0.004313218047641835,-0.008037078446789817,0.001769989878813418,-0.0750738761647057,0.0113807133143002,0.0011792249411558496,-0.04257739569555782,0.0013320475373667419,0.007595996028600834,-0.0080355571274875,0.0005494839898460105,-0.0004338389378545146,-1.0613980381001842
Contracts_Expression:1.mode_press_newspapers,0.07305569913463879,-0.08698249777273379,-0.01852250647161769,-0.006805026203232368,0.047715689264429526,0.047787812368113275,-0.009956446258238773,0.0051673095221951605,0.07694444832640265,-0.11745706323190569,-0.013626725852278202,0.2412690811250809,0.055049997266025004,0.014145090494542512,0.13426085720443873,-0.0016308883526497068,0.005986844533625084,3.190850616694366,0.07740254921853754,-0.09209753845945681,0.07658689810404556,-0.11516460741474929,0.027292225441366703,0.039142108877429575,0.05226059189651955,0.1830853929012031,0.24156649267124256,0.017898363649527536,0.09097618676340408,0.15050612307955089,-0.1232114070882641,-0.019460403498002505,0.11100895815464876,-0.0005038663517890436,-0.004381057958774915,0.9626155223642527
Contracts_Expression:1.mode_public_assembly,-0.0029316474453345057,-0.017999239606319144,0.017761991448276126,-0.02198797755247827,0.002420957521293963,0.013840981233953399,-0.0010949470270187557,0.01485414111223434,0.00762619860142651,-0.03806072979174196,0.007068585574605518,0.055049997266025004,0.021956783261094306,0.008338853352907282,0.034797893088937014,-9.141159955237435e-05,0.0010426626472053383,0.20508119887293683,0.0079870731933666,-0.025812122434627417,0.03223951812571337,-0.041741585350173194,-0.006250637234065215,0.014113576842355481,0.013107868844094817,0.05528566432745172,0.048305079339128316,0.006592801910168158,0.02745674236983828,0.03471047637678137,-0.02495565175555949,0.0009263274006026676,0.03513514917933297,-3.550452227744658e-07,-0.0011127846095254535,0.015048329442344566
Contracts_Expression:1.mode_public_speech,-0.0031881511314253833,0.01807416834202342,-0.04895090015321306,0.030937451772660992,0.04440691210406467,0.004802887183159314,-0.009585408812710711,0.02005290423351601,-0.0010384783511386832,-0.002315388309623731,0.020158989087146972,0.01414509049454251,0.008338853352907282,0.02048492784815708,0.009766732597534581,-0.00016128632383289647,0.0006492347874466523,0.27327592936609274,-0.005409607899283945,-0.002327045015492813,-0.009570796409755254,-0.0015518441658434103,0.008591346407155925,-0.004184929891849747,-0.000598581674797136,0.03777465281655606,0.01154333909452336,0.01894473773735752,0.006833224629184031,-0.02174858704392683,-0.01454369134319397,0.006793392985005651,0.016314968957072316,-0.0002599098808988119,0.00013940517426599055,0.5267254369081956
Contracts_Expression:1.mode_non_verbal_expression,-0.0015125771075605618,-0.06465990782898264,-0.06276512278507496,-0.01571606153502078,0.009257389325128876,0.03455979359074642,-0.012505591002414407,0.0038432511091139416,0.05689370968001324,-0.06083879058035514,0.0025616948675074884,0.1342608572044387,0.034797893088937014,0.009766732597534581,0.10177241260725084,-0.0006851989001008554,0.003846555133271591,1.4416859593789462,0.048904070892688146,-0.042583276699970925,0.029255810224933766,-0.04472157619851524,0.02263670164286894,0.018470625050431715,0.03313336989915388,0.11354095758490704,0.15926723386185707,0.012926129474326593,0.05304048171031033,0.06773517291365666,-0.08375370260500696,-0.018017283838257573,0.0660443219470159,-0.000403783111303155,-0.002692335662157242,0.7573532177803257
Contracts_Expression:yearspline1,-0.003870899450099952,0.001583654702633204,-0.0009535698382072995,0.0002958533803090885,-0.004582779695823912,-2.8768295724258964e-05,0.0006392054102505357,-0.0004275111061416882,-0.0022051208541755724,0.0010072189282591408,0.0008505907643158067,-0.0016308883526497066,-9.141159955237435e-05,-0.00016128632383289644,-0.0006851989001008554,8.568836354226152e-05,-0.00015767673101088077,-0.16498458090429818,-0.0011583567865658263,0.001530041682712517,-3.4625639827009986e-05,0.0010644885591503904,-0.001034103679920603,0.00021359464580069802,-0.0002536511374679178,-0.002254612122439817,-0.00428135934191935,-0.0005462792407213319,-0.0008049648899173523,-0.001035728312673937,0.0013892480650540134,0.00023543064617449072,-0.001460089693950758,3.899506279919943e-05,-1.3153640513605385e-05,-0.07762303317953917
Contracts_Expression:yearspline2,0.005158719550562395,-0.0017949816091296796,-0.0050771332975686695,0.004729076761805011,0.004948830997208458,0.002189956909430401,-0.0017468970472445558,0.0014260438552105566,0.006617222372677377,-0.0024404029280787566,-0.002012168156757107,0.005986844533625083,0.0010426626472053386,0.0006492347874466524,0.0038465551332715906,-0.00015767673101088077,0.000519882914326319,0.3027941168925046,0.0025292989893156027,-0.003704301729108628,-0.0012807681543504563,-0.0004012762510525763,0.0017166383671762253,0.0001640700093138697,0.0008356151190807436,0.006302667791804035,0.012298700884839614,0.0014607135937125951,0.0029107262408147906,0.0032311429815418905,-0.004388641836229691,-0.0010633307171737185,0.0047050421123878226,-9.33925766648325e-05,2.35717108657252e-05,0.18593397206769452
Contracts_Expression:_cons,7.250572481179472,-3.3677867610160583,2.1005298623378548,-1.0233117359797186,8.870560730121543,0.024548890159849422,-1.295629082174467,0.7860543578122128,4.362374571416997,-2.0135923272720104,-1.6177726348090888,3.190850616694366,0.20508119887293683,0.2732759293660927,1.4416859593789466,-0.1649845809042982,0.3027941168925046,318.7767296716537,2.2201816395544025,-2.9828754682096674,0.021658213878092164,-2.0187762040175303,1.9833679203235264,-0.39419441526020055,0.493064721673491,4.400804435112981,8.418838726234048,1.0231604550385978,1.5704281557825202,2.0314426399406393,-2.7554336997702995,-0.5081809785414848,2.84913075523648,-0.07498834325174064,0.023436404768066785,149.39224479887295
Expands_Expression:court_independence_lag1,0.06812921949441489,-0.04046438189545094,0.007779470466142301,-0.02356990890390284,0.03537322637178846,0.008095589314278223,0.006898501859080314,-0.00040578072858478805,0.06737847979183562,-0.02905425845088858,-0.03330276988570647,0.07740254921853754,0.0079870731933666,-0.0054096078992839445,0.048904070892688146,-0.0011583567865658263,0.0025292989893156027,2.220181639554403,0.08173507157546839,-0.022280713363588483,0.04171077340086236,-0.02776815066139024,0.05734751538211895,-0.003587237410184468,0.03555208760567952,0.06612093017616588,0.13036068901896786,0.009118042483495938,0.014879033170525618,0.05562831470478232,-0.05491158863326463,-0.015176444076816646,0.0275679721362112,-0.0007497442386104454,-0.00179875434462393,1.3522302038712537
Expands_Expression:v2jupurge_lag1,-0.0747183788103977,0.058945463873909254,-0.07099060926684701,0.03831199562313861,-0.060414839065172504,-0.019716765241105983,0.010357074579929099,-0.02362348752522073,-0.04477408408269709,0.06757802467808334,0.02107092015753702,-0.09209753845945681,-0.025812122434627417,-0.002327045015492813,-0.04258327669997092,0.001530041682712517,-0.0037043017291086278,-2.982875468209668,-0.02228071336358848,0.07713479905968522,-0.0422663068156191,0.08495043922853103,0.0021346551977769576,-0.02052096877638667,-0.01740581534099514,-0.09559960980870204,-0.1303826252196722,-0.00905634505043662,-0.053661045285733684,-0.0900602415181176,0.04488746536216014,0.0016830635933583152,-0.06622508010206955,0.00040849264893157264,0.00164828440173886,-0.8810281283249106
Expands_Expression:wdj_citizen_lag1,0.06747959666452748,-0.044890810067660825,0.2547366957193109,-0.16763725202143812,-0.007271531724168132,-0.00032837269880756244,0.048557593373029305,0.03526004784967655,-0.03169933577849335,-0.09556573474735253,-0.01450905156902268,0.07658689810404556,0.03223951812571337,-0.009570796409755252,0.02925581022493377,-3.4625639827009986e-05,-0.0012807681543504563,0.02165821387809216,0.04171077340086235,-0.0422663068156191,0.2087938204231503,-0.17927112863730166,-0.024480043604235918,0.038957658953406485,0.046151962494297864,0.059136364035500696,0.03662196721813994,-0.01709380202278518,0.03242470203970812,0.11750434678781577,-0.007692487226188747,0.011026157822590364,0.04037537227188331,0.0009324270675553191,-0.0036114957239145127,-1.9010702716545116
Expands_Expression:Civil,-0.11645226882294657,0.07814873476896746,-0.2103389008728556,0.15066001673948706,-0.07568752529569552,-0.018532518560959735,-0.02275712206559128,-0.029419378106898385,0.05956268797007987,0.12215046791135742,-0.004643147499528522,-0.1151646074147493,-0.0417415853501732,-0.0015518441658434103,-0.04472157619851523,0.0010644885591503904,-0.0004012762510525763,-2.0187762040175303,-0.027768150661390243,0.08495043922853103,-0.17927112863730166,0.2544400138318768,0.03360588305470584,-0.047900113585064824,-0.04412616605167566,-0.1063671604423873,-0.07843993581792107,-0.0002969715126573111,-0.07719136528063361,-0.14772101350040326,0.039192131858033205,-0.013312894231781659,-0.07465073521776076,-0.0008127603440829217,0.004755913348201476,1.5672898199034824
Expands_Expression:Mixed,0.037940111444620526,-0.010304342764345137,-0.05594099712199907,0.012177234629178756,0.082035740630677,-0.008268358748208561,-0.010442117466438226,0.009846521134280216,0.07064384892414854,0.015131790448495126,-0.016777202836733535,0.027292225441366703,-0.006250637234065215,0.008591346407155925,0.02263670164286894,-0.001034103679920603,0.0017166383671762251,1.9833679203235262,0.05734751538211894,0.002134655197776958,-0.024480043604235915,0.03360588305470584,0.0843728569316037,-0.02680013374109652,0.013450325575789828,0.047012030591480444,0.09259467293348099,0.0222249589149683,-0.008451789294985806,-0.01322204265882242,-0.03932644329612518,-0.00846872175636042,0.010764769018371104,-0.0011056698579190833,-3.190161544165432e-05,2.0804140150968466
Expands_Expression:1.high_court,0.0009164153607641555,-0.020507623118995733,0.04218054433525174,-0.02254514436719688,-0.025535712524167052,0.015537224044865914,0.007114945222487949,-0.0022877768440319655,-0.020356737471286863,-0.03635874890530742,0.004313218047641834,0.03914210887742958,0.014113576842355481,-0.004184929891849747,0.018470625050431715,0.00021359464580069802,0.0001640700093138697,-0.39419441526020055,-0.003587237410184468,-0.02052096877638667,0.038957658953406485,-0.04790011358506483,-0.02680013374109652,0.025038320136469665,0.007147712370156554,0.015389451013476312,0.006834546305658706,-0.01035447615320669,0.023592218863622515,0.04869870018986467,-0.007795693386091925,-0.0008373506921680808,0.01778393766462753,0.0005115880596703742,-0.0011712629797791252,-0.9879089728332162
Expands_Expression:Citizen,0.019889676673050624,-0.022082042367674623,0.030977115846557785,-0.028737285564511356,0.0033501722038393965,0.008748118422322797,0.007484929985366094,0.004344193077221866,0.015679191976674178,-0.029895518945314982,-0.008037078446789817,0.05226059189651955,0.013107868844094817,-0.000598581674797136,0.03313336989915388,-0.0002536511374679178,0.0008356151190807435,0.493064721673491,0.03555208760567952,-0.01740581534099514,0.046151962494297864,-0.04412616605167566,0.013450325575789828,0.0071477123701565535,0.02554926702631824,0.04594260295265683,0.061464495464727424,0.006175125685686871,0.016525490935984814,0.043176188774368206,-0.030495814101387037,-0.004255107654937093,0.022389609496922164,-4.7534460839696836e-05,-0.0017198670166270256,0.04049149878278083
Expands_Expression:Press,0.07613471214261483,-0.07377180845803784,0.0003285291692692149,-0.034255723474455414,0.15532952650321194,0.03511766174772553,-0.027034419160237074,0.06486643718256241,0.09519707211549305,-0.1020844441562594,0.001769989878813418,0.18308539290120313,0.05528566432745172,0.037774652816556065,0.11354095758490704,-0.0022546121224398174,0.006302667791804035,4.400804435112981,0.06612093017616588,-0.09559960980870204,0.05913636403550069,-0.1063671604423873,0.047012030591480444,0.015389451013476314,0.04594260295265683,0.23175286931764347,0.2576068125644131,0.05211116873004402,0.08051401494198154,0.08579328557277283,-0.1240654769717239,-0.003938652445111691,0.12313034596261835,-0.0013038606361306553,-0.0030079708642405454,2.5855679694680083
Expands_Expression:Intermediary,0.14025048849063954,-0.1408099213179956,-0.011676338510765485,-0.04977620566071905,0.16355151168612012,0.044401660895437046,-0.042478045087595,0.04298445936074023,0.23731886452471515,-0.1134772288544026,-0.0750738761647057,0.24156649267124258,0.048305079339128316,0.01154333909452336,0.15926723386185704,-0.00428135934191935,0.012298700884839612,8.418838726234046,0.13036068901896788,-0.1303826252196722,0.03662196721813995,-0.07843993581792107,0.092594672933481,0.006834546305658706,0.06146449546472743,0.2576068125644131,0.45478669299658386,0.04616488335101137,0.09306206256569649,0.14702959938195315,-0.1761843648777528,-0.03697948431801076,0.15646420719941315,-0.002629283869897828,-0.002722529773695857,5.1553249026286405
Expands_Expression:Other/unclear,0.008604748139753978,0.013517002373208587,-0.04082910489517423,0.033443184108181326,0.06548393202605489,0.004588866578651059,-0.017026479999478043,0.01725077403840938,0.01620258289626891,0.0002617315060864578,0.011380713314300198,0.017898363649527536,0.006592801910168159,0.01894473773735752,0.012926129474326595,-0.0005462792407213319,0.001460713593712595,1.023160455038598,0.009118042483495938,-0.00905634505043662,-0.017093802022785185,-0.0002969715126573112,0.022224958914968302,-0.010354476153206688,0.00617512568568687,0.05211116873004402,0.04616488335101137,0.0310471544697277,0.007113068346623206,-0.016935324506421667,-0.02989431447671215,0.0009477770617325514,0.02059506991267941,-0.0005413758974978437,-0.00016571867739718668,1.0701270049410958
Expands_Expression:1.mode_electronic_internet,0.0369535366153803,-0.039918998229629465,-0.005372823457230717,-0.004571769918902181,0.018171715995047296,0.028361760936647967,-0.008049875126539456,0.009913319206651032,0.011761556484805168,-0.05753939447054152,0.0011792249411558496,0.09097618676340409,0.02745674236983828,0.006833224629184031,0.053040481710310325,-0.0008049648899173524,0.0029107262408147906,1.5704281557825202,0.01487903317052562,-0.053661045285733684,0.03242470203970812,-0.07719136528063361,-0.008451789294985806,0.023592218863622515,0.016525490935984814,0.08051401494198156,0.0930620625656965,0.007113068346623205,0.05675206682436578,0.07055317486839247,-0.04380468081019737,-0.0022161846506844438,0.05809046405429815,-0.00012011354744832537,-0.0017824595097134734,0.2792495276982536
Expands_Expression:1.mode_press_newspapers,0.08793682321849197,-0.08925867613601707,0.15130868676460424,-0.08351431547785025,-0.019342593310763958,0.03368258970521953,0.01753117124466309,0.0005210187753702282,0.03069220269616112,-0.10820698726883657,-0.04257739569555782,0.15050612307955089,0.03471047637678137,-0.02174858704392683,0.06773517291365666,-0.001035728312673937,0.0032311429815418905,2.03144263994064,0.05562831470478233,-0.0900602415181176,0.11750434678781575,-0.14772101350040326,-0.013222042658822422,0.04869870018986467,0.043176188774368206,0.08579328557277283,0.14702959938195315,-0.01693532450642167,0.07055317486839247,0.18296276971511113,-0.053889860517648616,-0.011726673286201193,0.07036312197608266,0.0003644865479578542,-0.004065574357412909,-0.7164807204109213
Expands_Expression:1.mode_public_assembly,-0.037297118434420184,0.06025890164143575,0.06228948073066267,-0.005804845052677548,-0.08678337878582307,-0.029563888717832262,0.02384374543460739,-0.006826676075011452,-0.06531328562498809,0.04998555377974103,0.0013320475373667419,-0.12321140708826411,-0.02495565175555949,-0.014543691343193972,-0.08375370260500696,0.0013892480650540134,-0.00438864183622969,-2.7554336997702995,-0.05491158863326463,0.044887465362160144,-0.007692487226188748,0.039192131858033205,-0.03932644329612518,-0.007795693386091925,-0.030495814101387034,-0.12406547697172392,-0.1761843648777528,-0.029894314476712154,-0.04380468081019737,-0.053889860517648616,0.09952872961048782,0.020373815902407204,-0.061260530443270296,0.0007954345142927439,0.0023870512325111157,-1.5328304726383843
Expands_Expression:1.mode_public_speech,0.0019377019587044548,0.020922134460309234,0.02105072824590763,-0.004393091933805513,0.0029186353359269652,-0.006114654083420058,0.006118893483326073,0.01575968773450657,-0.020239506743291728,0.0020529919433631048,0.007595996028600834,-0.019460403498002505,0.0009263274006026676,0.006793392985005651,-0.018017283838257573,0.00023543064617449072,-0.0010633307171737185,-0.5081809785414847,-0.015176444076816646,0.0016830635933583152,0.011026157822590364,-0.01331289423178166,-0.008468721756360419,-0.0008373506921680808,-0.004255107654937093,-0.003938652445111691,-0.03697948431801075,0.0009477770617325513,-0.0022161846506844438,-0.011726673286201193,0.020373815902407204,0.014470373937633382,-0.0019478326473997562,0.00014719149333626214,0.00039215039420147893,-0.2683310519569312
Expands_Expression:1.mode_non_verbal_expression,0.048266401195098556,-0.04409789667681581,0.02231206655319656,-0.022611297574481767,0.06626186258757791,0.025759365132091514,-0.014595698782986926,0.03514238597895519,0.05913245398824314,-0.07016974011827856,-0.0080355571274875,0.11100895815464876,0.03513514917933297,0.016314968957072316,0.0660443219470159,-0.001460089693950758,0.0047050421123878226,2.84913075523648,0.027567972136211198,-0.06622508010206957,0.04037537227188331,-0.07465073521776076,0.010764769018371104,0.017783937664627533,0.022389609496922164,0.12313034596261835,0.15646420719941317,0.020595069912679405,0.05809046405429816,0.07036312197608266,-0.061260530443270296,-0.0019478326473997562,0.08432049067181993,-0.0007330804151957526,-0.0012027181665741553,1.4889002748134086
Expands_Expression:yearspline1,-0.0011915220280044648,0.0001796347087232961,0.0011497871683178258,-0.0006826876577165074,-0.001967881961626247,1.3090339974084014e-06,0.00048036983110727135,-0.00046589759324036493,-0.002034139160535276,-7.174372160727741e-05,0.0005494839898460106,-0.0005038663517890436,-3.550452227744658e-07,-0.0002599098808988119,-0.000403783111303155,3.899506279919943e-05,-9.339257666483252e-05,-0.07498834325174064,-0.0007497442386104454,0.0004084926489315727,0.000932427067555319,-0.0008127603440829217,-0.0011056698579190833,0.0005115880596703742,-4.7534460839696836e-05,-0.0013038606361306553,-0.0026292838698978274,-0.0005413758974978437,-0.00012011354744832537,0.00036448654795785413,0.0007954345142927439,0.00014719149333626214,-0.0007330804151957526,3.451220989902422e-05,-3.459967354136054e-05,-0.06782103565942016
Expands_Expression:yearspline2,-0.0005156931523373722,0.0024047801003592916,-0.0011144588865616013,0.002140762338895548,0.0005723888002383146,-0.0011029324748487459,-0.0004682902665573113,0.00037912780651149316,0.0012620236402391771,0.0025177042595887285,-0.0004338389378545146,-0.004381057958774915,-0.0011127846095254535,0.00013940517426599052,-0.0026923356621572424,-1.3153640513605387e-05,2.35717108657252e-05,0.02343640476806678,-0.0017987543446239297,0.00164828440173886,-0.0036114957239145123,0.004755913348201476,-3.190161544165432e-05,-0.0011712629797791252,-0.0017198670166270259,-0.003007970864240546,-0.002722529773695857,-0.00016571867739718668,-0.0017824595097134736,-0.004065574357412909,0.0023870512325111157,0.00039215039420147893,-0.0012027181665741553,-3.459967354136055e-05,0.0002178601555017773,0.07028365457961076
Expands_Expression:_cons,2.3405613591033645,-0.3735116065425314,-2.202521063220865,1.3441793469861745,3.94045536935736,0.0033262939672802257,-0.9920086346521303,0.955175238191874,3.9839432823134833,0.11485244948216572,-1.0613980381001842,0.9626155223642526,0.015048329442344575,0.5267254369081957,0.7573532177803256,-0.07762303317953916,0.1859339720676945,149.39224479887298,1.352230203871254,-0.8810281283249106,-1.9010702716545123,1.5672898199034826,2.080414015096846,-0.9879089728332162,0.04049149878278085,2.5855679694680083,5.1553249026286405,1.0701270049410958,0.2792495276982536,-0.7164807204109213,-1.5328304726383846,-0.2683310519569312,1.4889002748134086,-0.06782103565942016,0.07028365457961076,133.66547288360763
