variable,coef,class_label,outcome,std_err,p_value,spec,base_category,stars,coef_se
Intercept,3.7157057340515056,Contracts Expression,Contracts Expression,0.7806525444244318,1.9383931401469632e-06,spec_expression_jind_reform,Mixed Outcome,***,3.716*** (0.781)
Intercept,1.5420170653707064,Expands Expression,Expands Expression,0.5977769024950007,0.0098918759300229,spec_expression_jind_reform,Mixed Outcome,***,1.542*** (0.598)
wdj_expression_lag1,0.76124593116385,Contracts Expression,Contracts Expression,0.7785179704881103,0.32816622362826164,spec_expression_jind_reform,Mixed Outcome,,0.761 (0.779)
wdj_expression_lag1,0.8009800761972881,Expands Expression,Expands Expression,0.5552984957321232,0.1491806655690934,spec_expression_jind_reform,Mixed Outcome,,0.801 (0.555)
j_ind_lag1,0.29624282728912804,Contracts Expression,Contracts Expression,0.27256244747594577,0.27708959589001636,spec_expression_jind_reform,Mixed Outcome,,0.296 (0.273)
j_ind_lag1,0.5722056433444636,Expands Expression,Expands Expression,0.2365836523828201,0.015579562026989208,spec_expression_jind_reform,Mixed Outcome,**,0.572** (0.237)
v2jureform_lag1,0.18675843931416866,Contracts Expression,Contracts Expression,0.24303735308303406,0.44222871795873386,spec_expression_jind_reform,Mixed Outcome,,0.187 (0.243)
v2jureform_lag1,-0.15081802798086227,Expands Expression,Expands Expression,0.17560124804930746,0.39041417774790454,spec_expression_jind_reform,Mixed Outcome,,-0.151 (0.176)
v2x_polyarchy_lag1,-5.575652413850944,Contracts Expression,Contracts Expression,1.4564725243538148,0.0001290894998697405,spec_expression_jind_reform,Mixed Outcome,***,-5.576*** (1.456)
v2x_polyarchy_lag1,-2.135793171856765,Expands Expression,Expands Expression,0.9494514251526117,0.024480556170059318,spec_expression_jind_reform,Mixed Outcome,**,-2.136** (0.949)
v2jureview_lag1,-0.34897091661432406,Contracts Expression,Contracts Expression,0.34844349599607555,0.31657854549589337,spec_expression_jind_reform,Mixed Outcome,,-0.349 (0.348)
v2jureview_lag1,0.48870905630192824,Expands Expression,Expands Expression,0.34915616958874407,0.16160732172433856,spec_expression_jind_reform,Mixed Outcome,,0.489 (0.349)
legal_common,0.8150265257083242,Contracts Expression,Contracts Expression,0.522152199236923,0.11854772789363122,spec_expression_jind_reform,Mixed Outcome,,0.815 (0.522)
legal_common,-1.3936150845565047,Expands Expression,Expands Expression,0.44572088294508694,0.001768077376569522,spec_expression_jind_reform,Mixed Outcome,***,-1.394*** (0.446)
legal_civil,0.2928375257398328,Contracts Expression,Contracts Expression,0.4658803426123679,0.5296318444579317,spec_expression_jind_reform,Mixed Outcome,,0.293 (0.466)
legal_civil,-0.39923078345766144,Expands Expression,Expands Expression,0.33386780201427924,0.23178435973813394,spec_expression_jind_reform,Mixed Outcome,,-0.399 (0.334)
high_court,-0.48298701326031573,Contracts Expression,Contracts Expression,0.2710968281647894,0.07481394015108613,spec_expression_jind_reform,Mixed Outcome,*,-0.483* (0.271)
high_court,-0.06869418650839375,Expands Expression,Expands Expression,0.14504816608742818,0.6357882485181812,spec_expression_jind_reform,Mixed Outcome,,-0.069 (0.145)
wdj_expression_lag1:j_ind_lag1,-0.31645008131186786,Contracts Expression,Contracts Expression,0.31261209051378464,0.3114055489912948,spec_expression_jind_reform,Mixed Outcome,,-0.316 (0.313)
wdj_expression_lag1:j_ind_lag1,-0.3714413478567561,Expands Expression,Expands Expression,0.24342768119724567,0.12703983664494856,spec_expression_jind_reform,Mixed Outcome,,-0.371 (0.243)
Intercept,3.8016140915405243,Contracts Expression,Contracts Expression,0.745364193692133,3.3903600187025133e-07,spec_expression_jind_attack,Mixed Outcome,***,3.802*** (0.745)
Intercept,1.6664697211597168,Expands Expression,Expands Expression,0.596698352890832,0.00522511297823081,spec_expression_jind_attack,Mixed Outcome,***,1.666*** (0.597)
wdj_expression_lag1,0.8980672646427822,Contracts Expression,Contracts Expression,0.7854120015307129,0.252858190113885,spec_expression_jind_attack,Mixed Outcome,,0.898 (0.785)
wdj_expression_lag1,0.786542942122629,Expands Expression,Expands Expression,0.5579941418724498,0.15866079223562268,spec_expression_jind_attack,Mixed Outcome,,0.787 (0.558)
j_ind_lag1,0.31648733773646104,Contracts Expression,Contracts Expression,0.2725807152970647,0.2456103805067571,spec_expression_jind_attack,Mixed Outcome,,0.316 (0.273)
j_ind_lag1,0.5406878075847582,Expands Expression,Expands Expression,0.2394896816196846,0.023966465465506244,spec_expression_jind_attack,Mixed Outcome,**,0.541** (0.239)
v2jupoatck_lag1,0.2231966478405978,Contracts Expression,Contracts Expression,0.12755248836455071,0.0801456535310283,spec_expression_jind_attack,Mixed Outcome,*,0.223* (0.128)
v2jupoatck_lag1,0.025473726510131772,Expands Expression,Expands Expression,0.11311588579497928,0.8218234898137072,spec_expression_jind_attack,Mixed Outcome,,0.025 (0.113)
v2x_polyarchy_lag1,-5.832154315393694,Contracts Expression,Contracts Expression,1.3063098290264434,8.021748565802694e-06,spec_expression_jind_attack,Mixed Outcome,***,-5.832*** (1.306)
v2x_polyarchy_lag1,-2.523297674541091,Expands Expression,Expands Expression,0.9574693960180792,0.00840426251938977,spec_expression_jind_attack,Mixed Outcome,***,-2.523*** (0.957)
v2jureview_lag1,-0.2665726601432763,Contracts Expression,Contracts Expression,0.33960427860300607,0.4324823984698468,spec_expression_jind_attack,Mixed Outcome,,-0.267 (0.34)
v2jureview_lag1,0.5152634613619089,Expands Expression,Expands Expression,0.34565339885596785,0.13604184174098874,spec_expression_jind_attack,Mixed Outcome,,0.515 (0.346)
legal_common,0.4991817297798293,Contracts Expression,Contracts Expression,0.4608836913394184,0.27876538359473546,spec_expression_jind_attack,Mixed Outcome,,0.499 (0.461)
legal_common,-1.227852859462178,Expands Expression,Expands Expression,0.3795411542522116,0.0012160095181582324,spec_expression_jind_attack,Mixed Outcome,***,-1.228*** (0.38)
legal_civil,0.15009281328451315,Contracts Expression,Contracts Expression,0.4119232575347906,0.7155811255992284,spec_expression_jind_attack,Mixed Outcome,,0.15 (0.412)
legal_civil,-0.22492145272363467,Expands Expression,Expands Expression,0.3322963675420862,0.49848841996539217,spec_expression_jind_attack,Mixed Outcome,,-0.225 (0.332)
high_court,-0.5600044217269892,Contracts Expression,Contracts Expression,0.2716901613307466,0.039285135476450225,spec_expression_jind_attack,Mixed Outcome,**,-0.56** (0.272)
high_court,-0.052297621642960514,Expands Expression,Expands Expression,0.15436841465842602,0.7347721008372063,spec_expression_jind_attack,Mixed Outcome,,-0.052 (0.154)
wdj_expression_lag1:j_ind_lag1,-0.2754754408230445,Contracts Expression,Contracts Expression,0.3146448098691038,0.3812951520946726,spec_expression_jind_attack,Mixed Outcome,,-0.275 (0.315)
wdj_expression_lag1:j_ind_lag1,-0.35854790362649464,Expands Expression,Expands Expression,0.2430357506726984,0.14013493542169334,spec_expression_jind_attack,Mixed Outcome,,-0.359 (0.243)
Intercept,4.47431696965608,Contracts Expression,Contracts Expression,0.9266655589875469,1.3763070233036762e-06,spec_expression_jind_pack,Mixed Outcome,***,4.474*** (0.927)
Intercept,2.1023380189066523,Expands Expression,Expands Expression,0.7451890131515067,0.004784220750370715,spec_expression_jind_pack,Mixed Outcome,***,2.102*** (0.745)
wdj_expression_lag1,0.7287243142200073,Contracts Expression,Contracts Expression,0.8180909622847965,0.3730568833190767,spec_expression_jind_pack,Mixed Outcome,,0.729 (0.818)
wdj_expression_lag1,0.7163087471010454,Expands Expression,Expands Expression,0.5827115737035351,0.21897130469188808,spec_expression_jind_pack,Mixed Outcome,,0.716 (0.583)
j_ind_lag1,0.3276527861627664,Contracts Expression,Contracts Expression,0.2770114126352112,0.23688314398414323,spec_expression_jind_pack,Mixed Outcome,,0.328 (0.277)
j_ind_lag1,0.520983796079815,Expands Expression,Expands Expression,0.23824948014361114,0.028763310109605218,spec_expression_jind_pack,Mixed Outcome,**,0.521** (0.238)
v2jupack_lag1,0.5419175847240336,Contracts Expression,Contracts Expression,0.23360186126254506,0.020349848725923735,spec_expression_jind_pack,Mixed Outcome,**,0.542** (0.234)
v2jupack_lag1,0.28060497984184907,Expands Expression,Expands Expression,0.20863087518423534,0.17863072538917069,spec_expression_jind_pack,Mixed Outcome,,0.281 (0.209)
v2x_polyarchy_lag1,-7.278400839657604,Contracts Expression,Contracts Expression,1.7683635254270351,3.856777412295408e-05,spec_expression_jind_pack,Mixed Outcome,***,-7.278*** (1.768)
v2x_polyarchy_lag1,-3.496511323362366,Expands Expression,Expands Expression,1.2457886941381269,0.00500572942486183,spec_expression_jind_pack,Mixed Outcome,***,-3.497*** (1.246)
v2jureview_lag1,-0.4466475698146567,Contracts Expression,Contracts Expression,0.36390952173397,0.2196877479424384,spec_expression_jind_pack,Mixed Outcome,,-0.447 (0.364)
v2jureview_lag1,0.4673036328978328,Expands Expression,Expands Expression,0.3560526365304539,0.1893661202196597,spec_expression_jind_pack,Mixed Outcome,,0.467 (0.356)
legal_common,0.5844498499391656,Contracts Expression,Contracts Expression,0.4675949977389706,0.2113338430820576,spec_expression_jind_pack,Mixed Outcome,,0.584 (0.468)
legal_common,-1.2172436604401125,Expands Expression,Expands Expression,0.3852829765570513,0.00158121629515023,spec_expression_jind_pack,Mixed Outcome,***,-1.217*** (0.385)
legal_civil,0.3206979104357514,Contracts Expression,Contracts Expression,0.41963156171836397,0.44472609966098753,spec_expression_jind_pack,Mixed Outcome,,0.321 (0.42)
legal_civil,-0.12079973881752765,Expands Expression,Expands Expression,0.3535340732717705,0.7325827480337122,spec_expression_jind_pack,Mixed Outcome,,-0.121 (0.354)
high_court,-0.424842999401782,Contracts Expression,Contracts Expression,0.26210060937976215,0.10503571381071304,spec_expression_jind_pack,Mixed Outcome,,-0.425 (0.262)
high_court,-0.009715594362899815,Expands Expression,Expands Expression,0.13802695540910903,0.9438839597740625,spec_expression_jind_pack,Mixed Outcome,,-0.01 (0.138)
wdj_expression_lag1:j_ind_lag1,-0.25981623396969133,Contracts Expression,Contracts Expression,0.32623814781164995,0.4257992700219815,spec_expression_jind_pack,Mixed Outcome,,-0.26 (0.326)
wdj_expression_lag1:j_ind_lag1,-0.32035050112048996,Expands Expression,Expands Expression,0.2535888411888126,0.20649311900693368,spec_expression_jind_pack,Mixed Outcome,,-0.32 (0.254)
Intercept,3.779959244576327,Contracts Expression,Contracts Expression,0.7527093923370111,5.118833172796131e-07,spec_expression_jind_purge,Mixed Outcome,***,3.78*** (0.753)
Intercept,1.5682406151640158,Expands Expression,Expands Expression,0.6082258539275268,0.009926324098345164,spec_expression_jind_purge,Mixed Outcome,***,1.568*** (0.608)
wdj_expression_lag1,0.8351313245775486,Contracts Expression,Contracts Expression,0.8373461062178204,0.31859222651606844,spec_expression_jind_purge,Mixed Outcome,,0.835 (0.837)
wdj_expression_lag1,0.7494150160169856,Expands Expression,Expands Expression,0.5554487468165556,0.17727067277415998,spec_expression_jind_purge,Mixed Outcome,,0.749 (0.555)
j_ind_lag1,0.3902099951295795,Contracts Expression,Contracts Expression,0.2613757271720881,0.13546118958930395,spec_expression_jind_purge,Mixed Outcome,,0.39 (0.261)
j_ind_lag1,0.5141463266205986,Expands Expression,Expands Expression,0.24030593509190407,0.03239123077251032,spec_expression_jind_purge,Mixed Outcome,**,0.514** (0.24)
v2jupurge_lag1,0.32803210020854073,Contracts Expression,Contracts Expression,0.15690596833073855,0.03656137261539997,spec_expression_jind_purge,Mixed Outcome,**,0.328** (0.157)
v2jupurge_lag1,-0.08876347485225787,Expands Expression,Expands Expression,0.1493197205157915,0.5522095314808068,spec_expression_jind_purge,Mixed Outcome,,-0.089 (0.149)
v2x_polyarchy_lag1,-6.227838857581646,Contracts Expression,Contracts Expression,1.402620305791833,8.989789278262773e-06,spec_expression_jind_purge,Mixed Outcome,***,-6.228*** (1.403)
v2x_polyarchy_lag1,-2.034593915340687,Expands Expression,Expands Expression,1.1801834163696976,0.08471431291807745,spec_expression_jind_purge,Mixed Outcome,*,-2.035* (1.18)
v2jureview_lag1,-0.4587389928743244,Contracts Expression,Contracts Expression,0.34808676170689595,0.18754150244510648,spec_expression_jind_purge,Mixed Outcome,,-0.459 (0.348)
v2jureview_lag1,0.49595077792348896,Expands Expression,Expands Expression,0.33815757770872784,0.14247775690977418,spec_expression_jind_purge,Mixed Outcome,,0.496 (0.338)
legal_common,0.634322991709313,Contracts Expression,Contracts Expression,0.48503392686047997,0.19094421643247816,spec_expression_jind_purge,Mixed Outcome,,0.634 (0.485)
legal_common,-1.2343564622937155,Expands Expression,Expands Expression,0.3646497167910104,0.0007116604489966142,spec_expression_jind_purge,Mixed Outcome,***,-1.234*** (0.365)
legal_civil,0.5137870545335494,Contracts Expression,Contracts Expression,0.45970155531191914,0.2637150076537258,spec_expression_jind_purge,Mixed Outcome,,0.514 (0.46)
legal_civil,-0.34306874185549047,Expands Expression,Expands Expression,0.40802213845156254,0.4004548679576986,spec_expression_jind_purge,Mixed Outcome,,-0.343 (0.408)
high_court,-0.4967612724270624,Contracts Expression,Contracts Expression,0.2513380391879643,0.048101940274039696,spec_expression_jind_purge,Mixed Outcome,**,-0.497** (0.251)
high_court,-0.04938392691384532,Expands Expression,Expands Expression,0.1466260335923677,0.7362662396017016,spec_expression_jind_purge,Mixed Outcome,,-0.049 (0.147)
wdj_expression_lag1:j_ind_lag1,-0.32628303743442294,Contracts Expression,Contracts Expression,0.3365820244727304,0.332345025673102,spec_expression_jind_purge,Mixed Outcome,,-0.326 (0.337)
wdj_expression_lag1:j_ind_lag1,-0.3522476367034735,Expands Expression,Expands Expression,0.24164835351839714,0.14492686741177557,spec_expression_jind_purge,Mixed Outcome,,-0.352 (0.242)
Intercept,3.5685600306532725,Contracts Expression,Contracts Expression,0.7449840411840889,1.6668486217125285e-06,spec_citizen_jind_reform,Mixed Outcome,***,3.569*** (0.745)
Intercept,1.393993189725207,Expands Expression,Expands Expression,0.6370934578780051,0.028665863336196386,spec_citizen_jind_reform,Mixed Outcome,**,1.394** (0.637)
wdj_citizen_lag1,1.2569872624118628,Contracts Expression,Contracts Expression,0.7473060817514596,0.09256405702990503,spec_citizen_jind_reform,Mixed Outcome,*,1.257* (0.747)
wdj_citizen_lag1,1.2088635395608118,Expands Expression,Expands Expression,0.4970696795768535,0.01501653478386026,spec_citizen_jind_reform,Mixed Outcome,**,1.209** (0.497)
j_ind_lag1,0.21728292283770548,Contracts Expression,Contracts Expression,0.235794308965385,0.3567928337433194,spec_citizen_jind_reform,Mixed Outcome,,0.217 (0.236)
j_ind_lag1,0.5146512654771213,Expands Expression,Expands Expression,0.20787074046043835,0.013292927237376547,spec_citizen_jind_reform,Mixed Outcome,**,0.515** (0.208)
v2jureform_lag1,0.16801825955194635,Contracts Expression,Contracts Expression,0.2325270948310231,0.46994104795225833,spec_citizen_jind_reform,Mixed Outcome,,0.168 (0.233)
v2jureform_lag1,-0.17204746010905195,Expands Expression,Expands Expression,0.16867002599261963,0.3077171192761192,spec_citizen_jind_reform,Mixed Outcome,,-0.172 (0.169)
v2x_polyarchy_lag1,-5.392572801433443,Contracts Expression,Contracts Expression,1.3193098520407829,4.361979783502864e-05,spec_citizen_jind_reform,Mixed Outcome,***,-5.393*** (1.319)
v2x_polyarchy_lag1,-1.8580737641555836,Expands Expression,Expands Expression,0.8137695094132817,0.02241314837664709,spec_citizen_jind_reform,Mixed Outcome,**,-1.858** (0.814)
v2jureview_lag1,-0.3294057227938921,Contracts Expression,Contracts Expression,0.33449815174044767,0.32473415462663513,spec_citizen_jind_reform,Mixed Outcome,,-0.329 (0.334)
v2jureview_lag1,0.4937434778647377,Expands Expression,Expands Expression,0.36088459586654703,0.17126580674443126,spec_citizen_jind_reform,Mixed Outcome,,0.494 (0.361)
legal_common,0.9196051978042143,Contracts Expression,Contracts Expression,0.5508133852555773,0.09501033142679301,spec_citizen_jind_reform,Mixed Outcome,*,0.92* (0.551)
legal_common,-1.4189972709176792,Expands Expression,Expands Expression,0.4753914660857089,0.0028366853968330723,spec_citizen_jind_reform,Mixed Outcome,***,-1.419*** (0.475)
legal_civil,0.1269593751587155,Contracts Expression,Contracts Expression,0.4396525436281566,0.7727558067851229,spec_citizen_jind_reform,Mixed Outcome,,0.127 (0.44)
legal_civil,-0.5662985123585327,Expands Expression,Expands Expression,0.2964936185896209,0.056135080293396075,spec_citizen_jind_reform,Mixed Outcome,*,-0.566* (0.296)
high_court,-0.4814610490270665,Contracts Expression,Contracts Expression,0.2864630380282169,0.0928194225377652,spec_citizen_jind_reform,Mixed Outcome,*,-0.481* (0.286)
high_court,-0.05140315754971885,Expands Expression,Expands Expression,0.14279110195788233,0.7188557181150264,spec_citizen_jind_reform,Mixed Outcome,,-0.051 (0.143)
wdj_citizen_lag1:j_ind_lag1,-0.18155114424831278,Contracts Expression,Contracts Expression,0.4828740475474315,0.7069315185859407,spec_citizen_jind_reform,Mixed Outcome,,-0.182 (0.483)
wdj_citizen_lag1:j_ind_lag1,-0.3766823815731918,Expands Expression,Expands Expression,0.3561084782479281,0.29015837104907893,spec_citizen_jind_reform,Mixed Outcome,,-0.377 (0.356)
Intercept,3.735007927693783,Contracts Expression,Contracts Expression,0.7331026518035928,3.4911830946914963e-07,spec_citizen_jind_attack,Mixed Outcome,***,3.735*** (0.733)
Intercept,1.6067691100563477,Expands Expression,Expands Expression,0.6257215203506227,0.010232665958621776,spec_citizen_jind_attack,Mixed Outcome,**,1.607** (0.626)
wdj_citizen_lag1,1.3860917531206574,Contracts Expression,Contracts Expression,0.7691419882023709,0.07152538379703252,spec_citizen_jind_attack,Mixed Outcome,*,1.386* (0.769)
wdj_citizen_lag1,1.1754941155625598,Expands Expression,Expands Expression,0.5431691154080719,0.03045359144071604,spec_citizen_jind_attack,Mixed Outcome,**,1.175** (0.543)
j_ind_lag1,0.305847076146488,Contracts Expression,Contracts Expression,0.2484454916199719,0.21830679309291978,spec_citizen_jind_attack,Mixed Outcome,,0.306 (0.248)
j_ind_lag1,0.48814441737974185,Expands Expression,Expands Expression,0.2274167894803766,0.03183511380565364,spec_citizen_jind_attack,Mixed Outcome,**,0.488** (0.227)
v2jupoatck_lag1,0.19390047729035312,Contracts Expression,Contracts Expression,0.1045426345918845,0.06363189985156772,spec_citizen_jind_attack,Mixed Outcome,*,0.194* (0.105)
v2jupoatck_lag1,0.04990568077909012,Expands Expression,Expands Expression,0.10470412049232322,0.6336218360763692,spec_citizen_jind_attack,Mixed Outcome,,0.05 (0.105)
v2x_polyarchy_lag1,-5.826720097391884,Contracts Expression,Contracts Expression,1.29229097553844,6.518616725310498e-06,spec_citizen_jind_attack,Mixed Outcome,***,-5.827*** (1.292)
v2x_polyarchy_lag1,-2.43878620279067,Expands Expression,Expands Expression,0.9565018822058104,0.010781779929105494,spec_citizen_jind_attack,Mixed Outcome,**,-2.439** (0.957)
v2jureview_lag1,-0.2516138279347243,Contracts Expression,Contracts Expression,0.32797789625545587,0.44298221391296366,spec_citizen_jind_attack,Mixed Outcome,,-0.252 (0.328)
v2jureview_lag1,0.5294221265703392,Expands Expression,Expands Expression,0.3703312358646045,0.15283449847327693,spec_citizen_jind_attack,Mixed Outcome,,0.529 (0.37)
legal_common,0.6615091216751835,Contracts Expression,Contracts Expression,0.5177807170645942,0.20139562584212156,spec_citizen_jind_attack,Mixed Outcome,,0.662 (0.518)
legal_common,-1.2213617552318587,Expands Expression,Expands Expression,0.41371214728496525,0.003155166336638641,spec_citizen_jind_attack,Mixed Outcome,***,-1.221*** (0.414)
legal_civil,0.03983888567396196,Contracts Expression,Contracts Expression,0.39662285511826184,0.9199908394056404,spec_citizen_jind_attack,Mixed Outcome,,0.04 (0.397)
legal_civil,-0.349179937331682,Expands Expression,Expands Expression,0.32237600426589835,0.27874409500533426,spec_citizen_jind_attack,Mixed Outcome,,-0.349 (0.322)
high_court,-0.59299294246396,Contracts Expression,Contracts Expression,0.2769560082784265,0.032265266385084264,spec_citizen_jind_attack,Mixed Outcome,**,-0.593** (0.277)
high_court,-0.042640495755307095,Expands Expression,Expands Expression,0.1576902653736834,0.7868474277758257,spec_citizen_jind_attack,Mixed Outcome,,-0.043 (0.158)
wdj_citizen_lag1:j_ind_lag1,-0.2679973394486891,Contracts Expression,Contracts Expression,0.5024269505934345,0.5937528550572142,spec_citizen_jind_attack,Mixed Outcome,,-0.268 (0.502)
wdj_citizen_lag1:j_ind_lag1,-0.3672172677131536,Expands Expression,Expands Expression,0.39009093312695425,0.3465187409287286,spec_citizen_jind_attack,Mixed Outcome,,-0.367 (0.39)
Intercept,4.302484209203548,Contracts Expression,Contracts Expression,0.9085391994820695,2.184008953710208e-06,spec_citizen_jind_pack,Mixed Outcome,***,4.302*** (0.909)
Intercept,1.9581879454124933,Expands Expression,Expands Expression,0.7604679316470018,0.010024655733192962,spec_citizen_jind_pack,Mixed Outcome,**,1.958** (0.76)
wdj_citizen_lag1,1.170764338320308,Contracts Expression,Contracts Expression,0.7774007082304977,0.13206754624183117,spec_citizen_jind_pack,Mixed Outcome,,1.171 (0.777)
wdj_citizen_lag1,1.049242206776676,Expands Expression,Expands Expression,0.5403652721135805,0.0521700757935978,spec_citizen_jind_pack,Mixed Outcome,*,1.049* (0.54)
j_ind_lag1,0.2894229125320196,Contracts Expression,Contracts Expression,0.24520197413382766,0.23786304613886466,spec_citizen_jind_pack,Mixed Outcome,,0.289 (0.245)
j_ind_lag1,0.4786630286685704,Expands Expression,Expands Expression,0.2157025156930547,0.026480686390313663,spec_citizen_jind_pack,Mixed Outcome,**,0.479** (0.216)
v2jupack_lag1,0.4820228911885927,Contracts Expression,Contracts Expression,0.2454734521324235,0.04957119258074213,spec_citizen_jind_pack,Mixed Outcome,**,0.482** (0.245)
v2jupack_lag1,0.24938645235718593,Expands Expression,Expands Expression,0.2187049477296586,0.25416666893817175,spec_citizen_jind_pack,Mixed Outcome,,0.249 (0.219)
v2x_polyarchy_lag1,-7.035076949655226,Contracts Expression,Contracts Expression,1.7574462275049079,6.254133757917013e-05,spec_citizen_jind_pack,Mixed Outcome,***,-7.035*** (1.757)
v2x_polyarchy_lag1,-3.2135921372020095,Expands Expression,Expands Expression,1.2481443990713696,0.01003282834763117,spec_citizen_jind_pack,Mixed Outcome,**,-3.214** (1.248)
v2jureview_lag1,-0.41550621124013326,Contracts Expression,Contracts Expression,0.34941662411550756,0.2343835366639777,spec_citizen_jind_pack,Mixed Outcome,,-0.416 (0.349)
v2jureview_lag1,0.4742471621837599,Expands Expression,Expands Expression,0.3613703979798478,0.18939953015269673,spec_citizen_jind_pack,Mixed Outcome,,0.474 (0.361)
legal_common,0.7101835942457769,Contracts Expression,Contracts Expression,0.5114685172318035,0.16497915832564924,spec_citizen_jind_pack,Mixed Outcome,,0.71 (0.511)
legal_common,-1.215944488767595,Expands Expression,Expands Expression,0.4078743772622318,0.0028714558987509267,spec_citizen_jind_pack,Mixed Outcome,***,-1.216*** (0.408)
legal_civil,0.18752322048259018,Contracts Expression,Contracts Expression,0.41668897438113833,0.6526876301014719,spec_citizen_jind_pack,Mixed Outcome,,0.188 (0.417)
legal_civil,-0.24016069335846002,Expands Expression,Expands Expression,0.3508423302004039,0.4936430835664052,spec_citizen_jind_pack,Mixed Outcome,,-0.24 (0.351)
high_court,-0.44883268001483584,Contracts Expression,Contracts Expression,0.2680326708104092,0.09402360319139134,spec_citizen_jind_pack,Mixed Outcome,*,-0.449* (0.268)
high_court,0.00012320632747343113,Expands Expression,Expands Expression,0.1321170554900173,0.9992559294341588,spec_citizen_jind_pack,Mixed Outcome,,0.0 (0.132)
wdj_citizen_lag1:j_ind_lag1,-0.19448757763883673,Contracts Expression,Contracts Expression,0.47559610008853387,0.682587846762475,spec_citizen_jind_pack,Mixed Outcome,,-0.194 (0.476)
wdj_citizen_lag1:j_ind_lag1,-0.33002257959035897,Expands Expression,Expands Expression,0.34923874669986765,0.3446706235565371,spec_citizen_jind_pack,Mixed Outcome,,-0.33 (0.349)
Intercept,3.6409192261982724,Contracts Expression,Contracts Expression,0.7290044154725781,5.902753072521823e-07,spec_citizen_jind_purge,Mixed Outcome,***,3.641*** (0.729)
Intercept,1.4491445173615858,Expands Expression,Expands Expression,0.6352271099566844,0.02253061588627569,spec_citizen_jind_purge,Mixed Outcome,**,1.449** (0.635)
wdj_citizen_lag1,1.3181118520894677,Contracts Expression,Contracts Expression,0.7854992943199361,0.09333615527194493,spec_citizen_jind_purge,Mixed Outcome,*,1.318* (0.785)
wdj_citizen_lag1,1.1093783093774179,Expands Expression,Expands Expression,0.516304623517846,0.0316590237318961,spec_citizen_jind_purge,Mixed Outcome,**,1.109** (0.516)
j_ind_lag1,0.3178365717524813,Contracts Expression,Contracts Expression,0.22985620242736468,0.16673765461911128,spec_citizen_jind_purge,Mixed Outcome,,0.318 (0.23)
j_ind_lag1,0.4441439136001438,Expands Expression,Expands Expression,0.2158212085522135,0.03959730990610294,spec_citizen_jind_purge,Mixed Outcome,**,0.444** (0.216)
v2jupurge_lag1,0.32999453923428335,Contracts Expression,Contracts Expression,0.15331188679955035,0.03136276663299347,spec_citizen_jind_purge,Mixed Outcome,**,0.33** (0.153)
v2jupurge_lag1,-0.08446318452195846,Expands Expression,Expands Expression,0.1527173010042794,0.58021625464194,spec_citizen_jind_purge,Mixed Outcome,,-0.084 (0.153)
v2x_polyarchy_lag1,-6.109421505930427,Contracts Expression,Contracts Expression,1.3512939887175537,6.150056647646104e-06,spec_citizen_jind_purge,Mixed Outcome,***,-6.109*** (1.351)
v2x_polyarchy_lag1,-1.817630311073888,Expands Expression,Expands Expression,1.0834074055512717,0.09340609287588214,spec_citizen_jind_purge,Mixed Outcome,*,-1.818* (1.083)
v2jureview_lag1,-0.424100806676798,Contracts Expression,Contracts Expression,0.3292636796350812,0.19773625044723242,spec_citizen_jind_purge,Mixed Outcome,,-0.424 (0.329)
v2jureview_lag1,0.5008363119616746,Expands Expression,Expands Expression,0.3492582233011867,0.15157224671482555,spec_citizen_jind_purge,Mixed Outcome,,0.501 (0.349)
legal_common,0.75814994759541,Contracts Expression,Contracts Expression,0.5092384016943189,0.13654220699163902,spec_citizen_jind_purge,Mixed Outcome,,0.758 (0.509)
legal_common,-1.2228208550214295,Expands Expression,Expands Expression,0.39438156527871787,0.0019312671716254749,spec_citizen_jind_purge,Mixed Outcome,***,-1.223*** (0.394)
legal_civil,0.3703509572407738,Contracts Expression,Contracts Expression,0.44717261226606403,0.4075539518952621,spec_citizen_jind_purge,Mixed Outcome,,0.37 (0.447)
legal_civil,-0.47359239685797355,Expands Expression,Expands Expression,0.388998784607761,0.22342735348078713,spec_citizen_jind_purge,Mixed Outcome,,-0.474 (0.389)
high_court,-0.500844638429866,Contracts Expression,Contracts Expression,0.2614916107567272,0.05544950031982624,spec_citizen_jind_purge,Mixed Outcome,*,-0.501* (0.261)
high_court,-0.02828149638101056,Expands Expression,Expands Expression,0.14468652642450894,0.8450270713440464,spec_citizen_jind_purge,Mixed Outcome,,-0.028 (0.145)
wdj_citizen_lag1:j_ind_lag1,-0.2137531203504712,Contracts Expression,Contracts Expression,0.4853253973046806,0.6596238273441963,spec_citizen_jind_purge,Mixed Outcome,,-0.214 (0.485)
wdj_citizen_lag1:j_ind_lag1,-0.32791292118661086,Expands Expression,Expands Expression,0.3733814823150393,0.37982167274374035,spec_citizen_jind_purge,Mixed Outcome,,-0.328 (0.373)
Intercept,3.9847915794564583,Contracts Expression,Contracts Expression,0.7940056861317084,5.205122523925771e-07,spec_press_jind_reform,Mixed Outcome,***,3.985*** (0.794)
Intercept,1.7275477667834798,Expands Expression,Expands Expression,0.6086153936521307,0.004532775947805657,spec_press_jind_reform,Mixed Outcome,***,1.728*** (0.609)
wdj_press_lag1,2.7759645558018042,Contracts Expression,Contracts Expression,1.1246550238549664,0.01357637216479751,spec_press_jind_reform,Mixed Outcome,**,2.776** (1.125)
wdj_press_lag1,1.5051610277599228,Expands Expression,Expands Expression,0.7909243443649301,0.05703526606736189,spec_press_jind_reform,Mixed Outcome,*,1.505* (0.791)
j_ind_lag1,0.21939370423351578,Contracts Expression,Contracts Expression,0.2345034729661943,0.34949618611765143,spec_press_jind_reform,Mixed Outcome,,0.219 (0.235)
j_ind_lag1,0.40413821713989423,Expands Expression,Expands Expression,0.1811263376225007,0.025664545754467062,spec_press_jind_reform,Mixed Outcome,**,0.404** (0.181)
v2jureform_lag1,0.19997673021149454,Contracts Expression,Contracts Expression,0.23546219412431105,0.3957174788303808,spec_press_jind_reform,Mixed Outcome,,0.2 (0.235)
v2jureform_lag1,-0.13168121318862244,Expands Expression,Expands Expression,0.17777259085571637,0.45885811412153277,spec_press_jind_reform,Mixed Outcome,,-0.132 (0.178)
v2x_polyarchy_lag1,-5.8576865970551,Contracts Expression,Contracts Expression,1.2501941205260096,2.7938416393248666e-06,spec_press_jind_reform,Mixed Outcome,***,-5.858*** (1.25)
v2x_polyarchy_lag1,-2.0742821879041813,Expands Expression,Expands Expression,0.7787801900577932,0.007733207197543944,spec_press_jind_reform,Mixed Outcome,***,-2.074*** (0.779)
v2jureview_lag1,-0.4051632872093258,Contracts Expression,Contracts Expression,0.38471760166497637,0.29227469780641413,spec_press_jind_reform,Mixed Outcome,,-0.405 (0.385)
v2jureview_lag1,0.4460224056260624,Expands Expression,Expands Expression,0.35625632814028174,0.21058062134772326,spec_press_jind_reform,Mixed Outcome,,0.446 (0.356)
legal_common,1.0612340265187679,Contracts Expression,Contracts Expression,0.5431851577778458,0.050733834322274206,spec_press_jind_reform,Mixed Outcome,*,1.061* (0.543)
legal_common,-1.2107642513088164,Expands Expression,Expands Expression,0.47029624440143264,0.010039337349131337,spec_press_jind_reform,Mixed Outcome,**,-1.211** (0.47)
legal_civil,0.2906929074671375,Contracts Expression,Contracts Expression,0.4593241786527618,0.5268179506870198,spec_press_jind_reform,Mixed Outcome,,0.291 (0.459)
legal_civil,-0.43046315726706635,Expands Expression,Expands Expression,0.32745386105762186,0.18865226543792868,spec_press_jind_reform,Mixed Outcome,,-0.43 (0.327)
high_court,-0.4992303187669583,Contracts Expression,Contracts Expression,0.2929458541609602,0.0883488332415151,spec_press_jind_reform,Mixed Outcome,*,-0.499* (0.293)
high_court,-0.05344816896861528,Expands Expression,Expands Expression,0.14278623609502694,0.7081640394459876,spec_press_jind_reform,Mixed Outcome,,-0.053 (0.143)
wdj_press_lag1:j_ind_lag1,-0.9678892428531615,Contracts Expression,Contracts Expression,0.7031655372061756,0.16867485967916362,spec_press_jind_reform,Mixed Outcome,,-0.968 (0.703)
wdj_press_lag1:j_ind_lag1,-0.3582533312023604,Expands Expression,Expands Expression,0.45612017719606607,0.4321978215158706,spec_press_jind_reform,Mixed Outcome,,-0.358 (0.456)
Intercept,4.13613017199705,Contracts Expression,Contracts Expression,0.7852534718797696,1.3847888947820441e-07,spec_press_jind_attack,Mixed Outcome,***,4.136*** (0.785)
Intercept,1.855163594673698,Expands Expression,Expands Expression,0.6055477025680207,0.0021868186377876618,spec_press_jind_attack,Mixed Outcome,***,1.855*** (0.606)
wdj_press_lag1,2.969870248979165,Contracts Expression,Contracts Expression,1.176113716854489,0.011564704124397118,spec_press_jind_attack,Mixed Outcome,**,2.97** (1.176)
wdj_press_lag1,1.4674927634128154,Expands Expression,Expands Expression,0.7978587531192043,0.0658727020375574,spec_press_jind_attack,Mixed Outcome,*,1.467* (0.798)
j_ind_lag1,0.3075919021077677,Contracts Expression,Contracts Expression,0.23634463397424565,0.1931027631435882,spec_press_jind_attack,Mixed Outcome,,0.308 (0.236)
j_ind_lag1,0.3890372415574385,Expands Expression,Expands Expression,0.18637880314477123,0.03685677625259001,spec_press_jind_attack,Mixed Outcome,**,0.389** (0.186)
v2jupoatck_lag1,0.1874359984728661,Contracts Expression,Contracts Expression,0.10320787963411772,0.06935478366910439,spec_press_jind_attack,Mixed Outcome,*,0.187* (0.103)
v2jupoatck_lag1,0.024818111210786625,Expands Expression,Expands Expression,0.09615322635802243,0.7963219984289573,spec_press_jind_attack,Mixed Outcome,,0.025 (0.096)
v2x_polyarchy_lag1,-6.198506526584781,Contracts Expression,Contracts Expression,1.2861421283867374,1.4394956167069675e-06,spec_press_jind_attack,Mixed Outcome,***,-6.199*** (1.286)
v2x_polyarchy_lag1,-2.4816450136806383,Expands Expression,Expands Expression,0.8614815078055669,0.003968293083549975,spec_press_jind_attack,Mixed Outcome,***,-2.482*** (0.861)
v2jureview_lag1,-0.3401883097492219,Contracts Expression,Contracts Expression,0.39813568599362104,0.39285393136159175,spec_press_jind_attack,Mixed Outcome,,-0.34 (0.398)
v2jureview_lag1,0.4779176873335989,Expands Expression,Expands Expression,0.3640019949101428,0.18919862298323376,spec_press_jind_attack,Mixed Outcome,,0.478 (0.364)
legal_common,0.7765094357038763,Contracts Expression,Contracts Expression,0.4754640925648316,0.10243512986928693,spec_press_jind_attack,Mixed Outcome,,0.777 (0.475)
legal_common,-1.0685396155284166,Expands Expression,Expands Expression,0.38796382214476544,0.005883132735777029,spec_press_jind_attack,Mixed Outcome,***,-1.069*** (0.388)
legal_civil,0.20445769527374522,Contracts Expression,Contracts Expression,0.42686487976683946,0.6319562647726058,spec_press_jind_attack,Mixed Outcome,,0.204 (0.427)
legal_civil,-0.27892561974968066,Expands Expression,Expands Expression,0.33358018171936926,0.4030662215354902,spec_press_jind_attack,Mixed Outcome,,-0.279 (0.334)
high_court,-0.6225319252331754,Contracts Expression,Contracts Expression,0.29030501230450084,0.0320003382117882,spec_press_jind_attack,Mixed Outcome,**,-0.623** (0.29)
high_court,-0.041612083016653624,Expands Expression,Expands Expression,0.1543070821101269,0.7874136826256938,spec_press_jind_attack,Mixed Outcome,,-0.042 (0.154)
wdj_press_lag1:j_ind_lag1,-1.1226146917204416,Contracts Expression,Contracts Expression,0.6826278975134944,0.10006295266516084,spec_press_jind_attack,Mixed Outcome,,-1.123 (0.683)
wdj_press_lag1:j_ind_lag1,-0.33299981983688304,Expands Expression,Expands Expression,0.4543836004989261,0.4636434803803484,spec_press_jind_attack,Mixed Outcome,,-0.333 (0.454)
Intercept,4.721148537893792,Contracts Expression,Contracts Expression,0.9172328894674309,2.644534493032609e-07,spec_press_jind_pack,Mixed Outcome,***,4.721*** (0.917)
Intercept,2.222561903045803,Expands Expression,Expands Expression,0.7047848521852504,0.0016130729248559782,spec_press_jind_pack,Mixed Outcome,***,2.223*** (0.705)
wdj_press_lag1,2.898181284405656,Contracts Expression,Contracts Expression,1.2010102109495164,0.015816628372829412,spec_press_jind_pack,Mixed Outcome,**,2.898** (1.201)
wdj_press_lag1,1.4492877106709536,Expands Expression,Expands Expression,0.8906578596319527,0.1036924247823834,spec_press_jind_pack,Mixed Outcome,,1.449 (0.891)
j_ind_lag1,0.3254448466687936,Contracts Expression,Contracts Expression,0.24389766646448216,0.18208918443413646,spec_press_jind_pack,Mixed Outcome,,0.325 (0.244)
j_ind_lag1,0.39896634191541874,Expands Expression,Expands Expression,0.1855626252785116,0.031552359910297645,spec_press_jind_pack,Mixed Outcome,**,0.399** (0.186)
v2jupack_lag1,0.5263936773992245,Contracts Expression,Contracts Expression,0.24389533656157125,0.03090630754767544,spec_press_jind_pack,Mixed Outcome,**,0.526** (0.244)
v2jupack_lag1,0.260602711925411,Expands Expression,Expands Expression,0.20972027869746332,0.21400772195424145,spec_press_jind_pack,Mixed Outcome,,0.261 (0.21)
v2x_polyarchy_lag1,-7.618125587449986,Contracts Expression,Contracts Expression,1.6606098791668777,4.484848458461003e-06,spec_press_jind_pack,Mixed Outcome,***,-7.618*** (1.661)
v2x_polyarchy_lag1,-3.404091336786607,Expands Expression,Expands Expression,1.1239917828160062,0.002457115814817889,spec_press_jind_pack,Mixed Outcome,***,-3.404*** (1.124)
v2jureview_lag1,-0.4856437112713272,Contracts Expression,Contracts Expression,0.39817203866199996,0.2225850259795895,spec_press_jind_pack,Mixed Outcome,,-0.486 (0.398)
v2jureview_lag1,0.4464673191636319,Expands Expression,Expands Expression,0.35396123520451656,0.2071844884351064,spec_press_jind_pack,Mixed Outcome,,0.446 (0.354)
legal_common,0.7801342598192718,Contracts Expression,Contracts Expression,0.47021154024769307,0.09709294676188839,spec_press_jind_pack,Mixed Outcome,*,0.78* (0.47)
legal_common,-1.0843710158380258,Expands Expression,Expands Expression,0.3888412694162545,0.005291612466371875,spec_press_jind_pack,Mixed Outcome,***,-1.084*** (0.389)
legal_civil,0.3756894438714902,Contracts Expression,Contracts Expression,0.4313185316732873,0.3837402246365985,spec_press_jind_pack,Mixed Outcome,,0.376 (0.431)
legal_civil,-0.1466120840928044,Expands Expression,Expands Expression,0.3611771983100955,0.6847952063030213,spec_press_jind_pack,Mixed Outcome,,-0.147 (0.361)
high_court,-0.4734527245235504,Contracts Expression,Contracts Expression,0.27671601164327975,0.0870866976820532,spec_press_jind_pack,Mixed Outcome,*,-0.473* (0.277)
high_court,-0.009073536020145491,Expands Expression,Expands Expression,0.13362646089220012,0.9458634555950507,spec_press_jind_pack,Mixed Outcome,,-0.009 (0.134)
wdj_press_lag1:j_ind_lag1,-1.226116674235104,Contracts Expression,Contracts Expression,0.6972085555780653,0.07864408136739806,spec_press_jind_pack,Mixed Outcome,*,-1.226* (0.697)
wdj_press_lag1:j_ind_lag1,-0.4081082601277404,Expands Expression,Expands Expression,0.4725593908805888,0.38780072162957513,spec_press_jind_pack,Mixed Outcome,,-0.408 (0.473)
Intercept,4.110154864320543,Contracts Expression,Contracts Expression,0.7923713633146866,2.1352841991658853e-07,spec_press_jind_purge,Mixed Outcome,***,4.11*** (0.792)
Intercept,1.7406613830990678,Expands Expression,Expands Expression,0.6057363223569004,0.004057854920251302,spec_press_jind_purge,Mixed Outcome,***,1.741*** (0.606)
wdj_press_lag1,3.1891852996896164,Contracts Expression,Contracts Expression,1.2133086863815026,0.00857616452287564,spec_press_jind_purge,Mixed Outcome,***,3.189*** (1.213)
wdj_press_lag1,1.4406977885494323,Expands Expression,Expands Expression,0.7728221710232241,0.06229313342953821,spec_press_jind_purge,Mixed Outcome,*,1.441* (0.773)
j_ind_lag1,0.3547952271551878,Contracts Expression,Contracts Expression,0.22701951927348035,0.11809018998706396,spec_press_jind_purge,Mixed Outcome,,0.355 (0.227)
j_ind_lag1,0.35744694011764006,Expands Expression,Expands Expression,0.18173391295175453,0.04919822609857328,spec_press_jind_purge,Mixed Outcome,**,0.357** (0.182)
v2jupurge_lag1,0.3457069233426575,Contracts Expression,Contracts Expression,0.15740361219157326,0.02806985523162404,spec_press_jind_purge,Mixed Outcome,**,0.346** (0.157)
v2jupurge_lag1,-0.1038715334137625,Expands Expression,Expands Expression,0.143869164073794,0.47030303745643776,spec_press_jind_purge,Mixed Outcome,,-0.104 (0.144)
v2x_polyarchy_lag1,-6.636006482170986,Contracts Expression,Contracts Expression,1.3378979106112174,7.04842712810282e-07,spec_press_jind_purge,Mixed Outcome,***,-6.636*** (1.338)
v2x_polyarchy_lag1,-1.9041281740277924,Expands Expression,Expands Expression,0.9850038447040594,0.05322172420923607,spec_press_jind_purge,Mixed Outcome,*,-1.904* (0.985)
v2jureview_lag1,-0.5401068934622627,Contracts Expression,Contracts Expression,0.3970659726000572,0.17375249464847742,spec_press_jind_purge,Mixed Outcome,,-0.54 (0.397)
v2jureview_lag1,0.44821658721137553,Expands Expression,Expands Expression,0.3396849816668018,0.18699979332529848,spec_press_jind_purge,Mixed Outcome,,0.448 (0.34)
legal_common,0.8697638849446615,Contracts Expression,Contracts Expression,0.486185705028882,0.07362221639261045,spec_press_jind_purge,Mixed Outcome,*,0.87* (0.486)
legal_common,-1.0816404821363321,Expands Expression,Expands Expression,0.3790263312251851,0.004320863823046437,spec_press_jind_purge,Mixed Outcome,***,-1.082*** (0.379)
legal_civil,0.5600445586942107,Contracts Expression,Contracts Expression,0.46995274144036203,0.23337733166893637,spec_press_jind_purge,Mixed Outcome,,0.56 (0.47)
legal_civil,-0.43870066147900616,Expands Expression,Expands Expression,0.42149589674966753,0.29795986448366063,spec_press_jind_purge,Mixed Outcome,,-0.439 (0.421)
high_court,-0.5343790675749153,Contracts Expression,Contracts Expression,0.273930903947427,0.05108316168827615,spec_press_jind_purge,Mixed Outcome,*,-0.534* (0.274)
high_court,-0.03482619136481878,Expands Expression,Expands Expression,0.14567178715877604,0.8110489766239772,spec_press_jind_purge,Mixed Outcome,,-0.035 (0.146)
wdj_press_lag1:j_ind_lag1,-1.275765439347314,Contracts Expression,Contracts Expression,0.7202925527362953,0.07653131040258816,spec_press_jind_purge,Mixed Outcome,*,-1.276* (0.72)
wdj_press_lag1:j_ind_lag1,-0.3011348769130574,Expands Expression,Expands Expression,0.4385260514874201,0.4922731805854019,spec_press_jind_purge,Mixed Outcome,,-0.301 (0.439)
