,Contracts_Expression:court_independence_lag1,Contracts_Expression:v2jupurge_lag1,Contracts_Expression:Civil,Contracts_Expression:Mixed,Contracts_Expression:1.high_court,Contracts_Expression:Citizen,Contracts_Expression:Press,Contracts_Expression:Intermediary,Contracts_Expression:Other/unclear,Contracts_Expression:1.mode_electronic_internet,Contracts_Expression:1.mode_press_newspapers,Contracts_Expression:1.mode_public_assembly,Contracts_Expression:1.mode_public_speech,Contracts_Expression:1.mode_non_verbal_expression,Contracts_Expression:yearspline1,Contracts_Expression:yearspline2,Contracts_Expression:_cons,Expands_Expression:court_independence_lag1,Expands_Expression:v2jupurge_lag1,Expands_Expression:Civil,Expands_Expression:Mixed,Expands_Expression:1.high_court,Expands_Expression:Citizen,Expands_Expression:Press,Expands_Expression:Intermediary,Expands_Expression:Other/unclear,Expands_Expression:1.mode_electronic_internet,Expands_Expression:1.mode_press_newspapers,Expands_Expression:1.mode_public_assembly,Expands_Expression:1.mode_public_speech,Expands_Expression:1.mode_non_verbal_expression,Expands_Expression:yearspline1,Expands_Expression:yearspline2,Expands_Expression:_cons
Contracts_Expression:court_independence_lag1,0.2752653667774436,-0.028007423662846115,0.08750164633942348,0.1998062562193363,0.0051024891265598815,0.0037903819379553005,0.020039229818919615,0.07822044739483819,-0.04986396130082774,-0.057371534332649875,0.08571788826495955,0.005948516150156437,-0.0007328440050283257,0.009950286881749443,-0.0040036038288729535,0.005064872710210739,7.4186166638544195,0.07419782480258418,-0.07620056483224974,-0.07044744802127387,0.04789950517602292,-0.0006194162517492541,0.021754422338401462,0.09147479377636221,0.16969597066870284,0.012941003502634487,0.041795399037212015,0.08902335954369303,-0.043562953787364606,0.0017234688798619178,0.05785925528743398,-0.0013529406742661789,-0.0007368220449886634,2.6476320336936445
Contracts_Expression:v2jupurge_lag1,-0.02800742366284611,0.19853664953792524,0.13383185404700584,-0.10004854719302878,-0.002031454737396713,0.013042367567884672,0.0185724327339738,-0.052050669511630475,0.0801818744513054,0.012600888362364277,-0.09483268388764599,-0.022477035822856383,0.022116083763344452,-0.07368249007723021,0.0013933618066339136,-0.0011809830933169469,-3.115670813923601,-0.041495595908141863,0.06566711798095841,0.06267777869629736,-0.014242910278257689,-0.02409560246604567,-0.0259124060653902,-0.07756821901509581,-0.1486306568342846,0.01624602826002592,-0.041509190148298875,-0.09570680685086676,0.06456929196734855,0.025903596667725966,-0.04343379047173027,7.367735499157407e-06,0.003313000005640661,-0.04368430517756074
Contracts_Expression:Civil,0.08750164633942348,0.13383185404700584,0.2185650267312407,-0.008735434273904689,0.012769538968268362,-0.007814680802486538,0.027003626551131726,0.0914316800747911,0.04074879008465418,-0.03105500101831658,0.007700139294752208,0.001840979963143164,0.022286227091670486,-0.019282653587080003,-0.0012465453563869717,0.003972637332441395,1.9871731350001587,0.009528466420839932,-0.004124613313509211,0.09204515043733663,0.02086923906808698,-0.022741504841329457,-0.016899303470582227,0.013427333900152645,0.05330636728014827,0.0218219555923519,0.003796574410877817,-0.025376873834959585,0.011551812309997085,0.009693035736275711,0.020582116729183374,-0.0014080803333056228,0.0027972105448896695,2.777565290890424
Contracts_Expression:Mixed,0.1998062562193363,-0.10004854719302878,-0.008735434273904687,0.4983923268977315,-0.018973356226427256,-0.04984758116848738,0.06843164977770573,0.08136127135713335,-0.05961772355670417,0.021363870828529172,0.07224298573682,0.010778822493717683,0.04328285944410027,0.027545009020258974,-0.004916221186379035,0.00644006287847926,9.534675429367004,0.047713274038546145,-0.07337479274411661,-0.07244467676483678,0.09660515537332806,-0.02454467999274117,0.012232925748622584,0.18906653636326026,0.2246453402172565,0.07215833424890225,0.03101974465967105,0.0037144181557243563,-0.0988533537461538,0.0013009061173833063,0.089815092830172,-0.002156759047045321,-0.0002919259314015668,4.306312012500107
Contracts_Expression:1.high_court,0.005102489126559882,-0.002031454737396713,0.01276953896826836,-0.018973356226427256,0.0297013310668846,-0.0024501228015428177,0.00024500772907774023,0.0051452154016980636,-0.023235890757911704,0.0059662940297740075,0.04654696128766997,0.020794455311642687,0.004402996481425105,0.028602636676532654,2.4714756853874065e-05,0.0006303194306806321,-0.08519136219329577,0.004711490000212189,-0.02028125105891891,-0.02674390564228732,-0.01167045183565802,0.01694893965579352,0.00857660803153572,0.030816148531262282,0.035504713336002955,0.0022698673801816,0.026329353648975803,0.034837930270432055,-0.02312568456005122,-0.005261298948500594,0.023488441066062387,0.00012066490852517062,-0.0012668371078246507,-0.22597052047706087
Contracts_Expression:Citizen,0.0037903819379553005,0.013042367567884672,-0.007814680802486538,-0.04984758116848738,-0.0024501228015428177,0.02244081139844211,0.0003446014445682397,-0.027005618978214685,-0.0005832156778292964,-0.011741984939277248,-0.02069402233270176,-0.008958194667754814,-0.012033894240997343,-0.01740006418914437,0.000539703783811143,-0.0011415950349117092,-1.0951962893615077,0.002636036584275901,0.0102282085424981,-0.005968784671135814,-0.010729477979515416,0.005982139757301351,0.004309146978801559,-0.03097194677865723,-0.046617261272041674,-0.016415086717155553,-0.012800956432907561,0.010924833564860887,0.022253048203616187,0.0050811771623506,-0.017775832874338506,0.000416642036245195,0.00012983596051765133,-0.8538514021973352
Contracts_Expression:Press,0.02003922981891961,0.0185724327339738,0.02700362655113173,0.06843164977770573,0.00024500772907774023,0.0003446014445682397,0.07875538079084404,0.019552692163716762,-0.024779381618503248,-0.001525432319684297,-0.0025635828721531314,0.0106485582803905,0.015419761047950198,0.0006336062640654235,-0.00047627050059853354,0.0014776236865853918,0.8577942347417095,-0.0005925709154613918,-0.023335991290700398,-0.0027215589687613695,0.011110010466850872,-0.0003797235957035923,0.0032879073136092333,0.06307813685734832,0.03520132844620777,0.014798584790458182,0.008104113027483633,0.002352161817538126,-0.004746931198194618,0.01624632660124223,0.03442604774400775,-0.0004278633872650069,0.0006056094228018991,0.8785524655205393
Contracts_Expression:Intermediary,0.07822044739483819,-0.05205066951163047,0.0914316800747911,0.08136127135713334,0.0051452154016980636,-0.027005618978214685,0.019552692163716762,0.24127433635698148,-0.011899555708295439,-0.06586700263250815,0.11292266975292231,0.02764761026947521,0.010889520634878589,0.08310369008355314,-0.002635788860992509,0.0058403060135782696,5.1341642859321,0.09357695999506113,-0.046034792947950286,0.10193101813833536,0.09798209832221026,-0.026319759489849492,0.02222814251164409,0.11268636006616896,0.29156609269693334,0.021681721745261787,0.025774974871183656,0.03974790638469878,-0.0796011025143924,-0.02470880426953322,0.07183414640662453,-0.0023707824818282957,-6.812073510765429e-05,4.597940796355454
Contracts_Expression:Other/unclear,-0.04986396130082774,0.0801818744513054,0.04074879008465418,-0.05961772355670418,-0.0232358907579117,-0.0005832156778292964,-0.024779381618503245,-0.01189955570829544,0.09727489276960931,0.0058380222946931275,-0.10746054826006532,-0.039005947474921025,0.002655550420577479,-0.056867365972444524,0.0008543536269913928,-0.001546868708113613,-1.7363589647676594,-0.021752877167708018,0.07108836643137545,0.08935350575221818,0.013928600300756697,-0.03964140447155603,-0.027585906376826487,-0.10153711908404495,-0.10400138104496752,0.002217851097887332,-0.05407839217173382,-0.10383515421590916,0.048884406659922275,0.003990896373921299,-0.06734124566330685,-0.0002012456495773695,0.0025902170455553166,0.3490044541857701
Contracts_Expression:1.mode_electronic_internet,-0.057371534332649875,0.012600888362364277,-0.03105500101831658,0.02136387082852917,0.0059662940297740075,-0.011741984939277248,-0.001525432319684297,-0.06586700263250815,0.0058380222946931275,0.05315230439639972,-0.015059561888501433,0.0051033527327402775,0.018233155209920863,-0.0026683462816203484,0.0007628973214152728,-0.0014570754410126,-1.4291607303428013,-0.037307148416718665,0.018477576857112064,-0.018975535770460752,-0.019911049855635857,0.00319470093574061,-0.01062848370117207,0.000165228262915762,-0.07150191442727832,0.012107181539068318,4.1331327704058125e-05,-0.043760055959723536,0.0016849821351164224,0.005866557825475156,-0.0077806452438771686,0.0004534674211769852,-4.176602070788458e-05,-0.8554116871520778
Contracts_Expression:1.mode_press_newspapers,0.08571788826495953,-0.094832683887646,0.007700139294752208,0.07224298573682,0.04654696128766997,-0.020694022332701758,-0.0025635828721531314,0.11292266975292231,-0.10746054826006532,-0.015059561888501433,0.2434794127852898,0.07404471107479468,0.01697395368303294,0.13343054405612287,-0.0016990348099828656,0.002919019135556849,3.315945376125728,0.07735662840363125,-0.09487778611137794,-0.07401587543302002,0.040842908656714395,0.03630376715573344,0.04977220886974864,0.18283968513539797,0.25217140314374276,0.018836249494718432,0.08890678649327656,0.14048914800796913,-0.12329149826895489,-0.024230006648949094,0.10822128182285869,-0.0005549128760157489,-0.0049966721813953915,1.0739921601490583
Contracts_Expression:1.mode_public_assembly,0.005948516150156436,-0.02247703582285638,0.001840979963143164,0.010778822493717683,0.020794455311642687,-0.008958194667754814,0.0106485582803905,0.027647610269475213,-0.039005947474921025,0.0051033527327402775,0.07404471107479467,0.03103106587497402,0.010715775684153552,0.04675436543965502,-0.0002828355745815756,0.0008781209952062046,0.5663904889508664,0.014663537162123786,-0.032379852565125475,-0.02578116165277878,0.0026964068158995755,0.014456169331089116,0.014882376470430277,0.06933798885307846,0.07364915785417188,0.009819370684783812,0.03414779406186985,0.037801529933135625,-0.03812223518474339,-0.004298110373687802,0.04201470912725124,-0.0001449677034453282,-0.0015272871143047967,0.3003884148366824
Contracts_Expression:1.mode_public_speech,-0.0007328440050283257,0.022116083763344452,0.022286227091670486,0.04328285944410027,0.004402996481425106,-0.012033894240997343,0.015419761047950198,0.010889520634878589,0.002655550420577479,0.018233155209920866,0.01697395368303294,0.01071577568415355,0.021140117560685352,0.011358719434056738,-0.0002113656373312951,0.0004345613557086606,0.3584734136411682,-0.0017921669790415223,0.0010437768485129144,0.006912664215148672,0.013512544911985338,-0.0069125601977291316,-0.0007080364112223229,0.03676645132625075,0.0187177920508245,0.01985484095995606,0.005612941352304481,-0.024881606729835543,-0.016609884856206854,0.00458083095610468,0.015307537318945515,-0.0003488562534079079,0.00013233424216519684,0.6918566674514731
Contracts_Expression:1.mode_non_verbal_expression,0.009950286881749442,-0.07368249007723021,-0.019282653587080003,0.027545009020258977,0.028602636676532654,-0.01740006418914437,0.0006336062640654235,0.08310369008355314,-0.05686736597244453,-0.0026683462816203484,0.13343054405612287,0.04675436543965503,0.011358719434056738,0.09353333046291144,-0.000797457734697617,0.0018446160879853617,1.665102135337515,0.04702344195414398,-0.04717553121910124,-0.021058627825078193,0.028516849925480304,0.01699045859502563,0.03043618083349149,0.10946013435761015,0.16231367927273022,0.01180363536835848,0.04994647890214754,0.06534717216076878,-0.07758107002837762,-0.018955118707567793,0.06410787220637329,-0.0004578279941811068,-0.0028135438011440473,0.8792061844705723
Contracts_Expression:yearspline1,-0.004003603828872954,0.0013933618066339136,-0.0012465453563869717,-0.004916221186379035,2.4714756853874065e-05,0.000539703783811143,-0.00047627050059853354,-0.002635788860992509,0.0008543536269913928,0.0007628973214152728,-0.0016990348099828656,-0.0002828355745815757,-0.00021136563733129514,-0.000797457734697617,8.61214793068495e-05,-0.0001383450677991285,-0.16507521355843058,-0.0012664393490840814,0.0014639103349752514,0.0004595488091326786,-0.0012391386268971857,0.0002857426922755348,-0.0002871820460336155,-0.00231873379411048,-0.004631338218376187,-0.0005744578463447776,-0.0008734586218210801,-0.0010471160665135916,0.0012802045532889603,0.0002004690204829978,-0.0015502656425730756,4.008889487814151e-05,-1.1110686727920498e-06,-0.07941183848870118
Contracts_Expression:yearspline2,0.005064872710210739,-0.0011809830933169469,0.003972637332441395,0.00644006287847926,0.0006303194306806321,-0.0011415950349117092,0.0014776236865853918,0.0058403060135782696,-0.0015468687081136127,-0.0014570754410125999,0.0029190191355568493,0.0008781209952062046,0.0004345613557086606,0.001844616087985362,-0.0001383450677991285,0.00032621707707948115,0.26506436808171624,0.0016018853154973031,-0.002642426068400169,0.0005191604471107607,0.0014556949247277863,-0.00021410586257820116,0.0003590754935254848,0.0039630141858691455,0.00906120140998936,0.0010560014128935655,0.0018186284105721293,0.0020678479434866753,-0.0020528735860790063,-0.0004981416563752386,0.0035014921917266057,-7.611790296780768e-05,4.195203018422666e-05,0.15188490713786884
Contracts_Expression:_cons,7.4186166638544195,-3.1156708139236007,1.987173135000158,9.534675429367004,-0.08519136219329579,-1.0951962893615077,0.8577942347417093,5.1341642859321,-1.7363589647676592,-1.4291607303428011,3.3159453761257285,0.5663904889508665,0.35847341364116825,1.6651021353375146,-0.16507521355843055,0.2650643680817163,317.90215066559597,2.4242736566483605,-2.8621739782613544,-0.8883709898298753,2.3747561144281386,-0.5247772644083989,0.5648039800336376,4.509248886572182,9.065565646701103,1.065442416299954,1.7025692897137095,2.0664188458367754,-2.539977123798014,-0.44761956584309814,3.0089123877697004,-0.07643642635498958,-0.0018084667820654253,151.55793438747676
Expands_Expression:court_independence_lag1,0.07419782480258418,-0.041495595908141863,0.009528466420839932,0.047713274038546145,0.004711490000212189,0.002636036584275901,-0.0005925709154613918,0.09357695999506113,-0.021752877167708018,-0.037307148416718665,0.07735662840363124,0.014663537162123786,-0.0017921669790415223,0.04702344195414398,-0.0012664393490840814,0.0016018853154973034,2.42427365664836,0.08373833795371727,-0.02338995326294925,0.009885789847439413,0.06749270567852812,-0.007481740997627234,0.03317380681432185,0.06655687778012633,0.14065437840927705,0.010587548136001825,0.012236379295425192,0.04996723772675462,-0.05348124938377386,-0.015006765246187815,0.027455826593121936,-0.0009076575273676337,-0.0017011534973861032,1.6655692703043645
Expands_Expression:v2jupurge_lag1,-0.07620056483224974,0.06566711798095841,-0.004124613313509211,-0.07337479274411661,-0.020281251058918915,0.010228208542498098,-0.023335991290700395,-0.04603479294795029,0.07108836643137545,0.018477576857112068,-0.09487778611137794,-0.032379852565125475,0.0010437768485129144,-0.04717553121910124,0.0014639103349752514,-0.002642426068400169,-2.8621739782613544,-0.02338995326294925,0.08028520422038615,0.06820460748115524,-0.0011235117275025033,-0.023531172654594514,-0.01967319848832145,-0.0989992160302574,-0.1337148984790543,-0.0070546583922566535,-0.05576228548714333,-0.09481373829415553,0.04506057092773677,0.003859698559418354,-0.06737878444325933,0.0002743259570793297,0.002292512088418072,-0.6171798931382455
Expands_Expression:Civil,-0.07044744802127387,0.06267777869629734,0.09204515043733663,-0.07244467676483676,-0.02674390564228732,-0.005968784671135814,-0.0027215589687613695,0.10193101813833536,0.08935350575221819,-0.018975535770460756,-0.07401587543302002,-0.02578116165277878,0.006912664215148672,-0.021058627825078193,0.00045954880913267855,0.0005191604471107607,-0.8883709898298752,0.009885789847439413,0.06820460748115524,0.202062837288952,0.0451957246642333,-0.046535026580659195,-0.027321137416152694,-0.06472792078613482,-0.013041930309050632,-0.0023272776235614824,-0.05947444758027706,-0.10984774138963133,0.03186029394398717,-0.004816987841461793,-0.045000564762331045,-0.0011820033579331218,0.0039824464960645355,2.238204789139065
Expands_Expression:Mixed,0.04789950517602291,-0.01424291027825769,0.02086923906808698,0.09660515537332806,-0.01167045183565802,-0.010729477979515416,0.011110010466850872,0.09798209832221026,0.013928600300756698,-0.019911049855635857,0.040842908656714395,0.0026964068158995755,0.013512544911985338,0.028516849925480304,-0.0012391386268971857,0.001455694924727786,2.3747561144281386,0.06749270567852812,-0.0011235117275025033,0.04519572466423329,0.09564140219792798,-0.029360823463278417,0.016213355073722808,0.057017538708358524,0.11777534518621777,0.024817025514708654,-0.005004971305858182,-0.006404139382926182,-0.042095413839448696,-0.007731513157356775,0.018074955530366407,-0.0012910018789034454,-0.0002980187852479189,2.4312463741748274
Expands_Expression:1.high_court,-0.0006194162517492541,-0.024095602466045668,-0.022741504841329453,-0.02454467999274117,0.01694893965579352,0.005982139757301352,-0.0003797235957035923,-0.026319759489849492,-0.03964140447155603,0.00319470093574061,0.03630376715573345,0.014456169331089116,-0.006912560197729132,0.01699045859502563,0.00028574269227553477,-0.00021410586257820116,-0.5247772644083989,-0.007481740997627234,-0.023531172654594514,-0.046535026580659195,-0.029360823463278417,0.027941742100034653,0.007087186741273505,0.016213466023581546,0.0007481950551989704,-0.011787085856912518,0.02264337157748334,0.04862469424196044,-0.00806369768128851,-0.0016380337132748384,0.017073258452582906,0.0006077266159672629,-0.001198789328604115,-1.1654034455450457
Expands_Expression:Citizen,0.021754422338401462,-0.025912406065390203,-0.016899303470582227,0.012232925748622584,0.00857660803153572,0.004309146978801559,0.0032879073136092333,0.022228142511644088,-0.027585906376826487,-0.010628483701172071,0.04977220886974864,0.014882376470430279,-0.000708036411222323,0.03043618083349149,-0.0002871820460336155,0.0003590754935254848,0.5648039800336376,0.03317380681432185,-0.01967319848832145,-0.02732113741615269,0.016213355073722808,0.007087186741273505,0.024217442601101237,0.045152562610516,0.06175063923750932,0.006262015621853418,0.014197362314902493,0.040239243459080615,-0.030864859272658567,-0.005203128584920605,0.020890251973813105,-5.6446815668898745e-05,-0.0016413310661825763,0.06856065928005342
Expands_Expression:Press,0.0914747937763622,-0.07756821901509581,0.013427333900152643,0.1890665363632603,0.03081614853126228,-0.030971946778657226,0.06307813685734832,0.11268636006616896,-0.10153711908404495,0.00016522826291576204,0.182839685135398,0.06933798885307846,0.036766451326250754,0.10946013435761015,-0.00231873379411048,0.0039630141858691455,4.509248886572182,0.06655687778012633,-0.09899921603025738,-0.06472792078613482,0.057017538708358524,0.01621346602358155,0.045152562610516,0.23328416330017615,0.2601047481170582,0.05054689964023548,0.0790255398882992,0.08529257479579373,-0.11983618880794011,-0.005519971154023231,0.12253169237316142,-0.001254303144084846,-0.0035406443372394004,2.4932211672467828
Expands_Expression:Intermediary,0.16969597066870284,-0.1486306568342846,0.05330636728014827,0.2246453402172565,0.035504713336002955,-0.046617261272041674,0.03520132844620777,0.29156609269693334,-0.10400138104496752,-0.07150191442727831,0.25217140314374276,0.07364915785417188,0.0187177920508245,0.16231367927273022,-0.004631338218376187,0.009061201409989362,9.065565646701105,0.14065437840927705,-0.1337148984790543,-0.013041930309050632,0.11777534518621777,0.0007481950551989704,0.06175063923750932,0.2601047481170582,0.4861173507763859,0.04819848676425848,0.09634728041666774,0.14838180348656596,-0.1706379322486707,-0.03883791135178024,0.16066727485258492,-0.002798173753804234,-0.003865790574615193,5.476059652820025
Expands_Expression:Other/unclear,0.012941003502634487,0.01624602826002592,0.0218219555923519,0.07215833424890225,0.0022698673801815994,-0.016415086717155556,0.014798584790458183,0.021681721745261784,0.002217851097887332,0.01210718153906832,0.01883624949471843,0.009819370684783812,0.01985484095995606,0.011803635368358479,-0.0005744578463447776,0.0010560014128935655,1.0654424162999543,0.010587548136001825,-0.007054658392256653,-0.0023272776235614824,0.024817025514708657,-0.01178708585691252,0.006262015621853417,0.05054689964023548,0.048198486764258475,0.031200689568389152,0.007097393008622354,-0.01711473114893795,-0.027542681519454503,0.0010761158100675082,0.0201549174313704,-0.0005511651305248278,-0.00030548026218016545,1.0831827019803706
Expands_Expression:1.mode_electronic_internet,0.041795399037212015,-0.04150919014829888,0.003796574410877817,0.031019744659671052,0.0263293536489758,-0.012800956432907561,0.008104113027483633,0.025774974871183656,-0.05407839217173382,4.1331327704058125e-05,0.08890678649327655,0.03414779406186985,0.005612941352304481,0.04994647890214754,-0.0008734586218210801,0.0018186284105721293,1.7025692897137095,0.01223637929542519,-0.05576228548714333,-0.059474447580277055,-0.005004971305858182,0.02264337157748334,0.014197362314902495,0.0790255398882992,0.09634728041666774,0.007097393008622354,0.05556260851906669,0.06719255980652378,-0.041030382847143984,-0.004338004871814976,0.0575293781473335,-0.00015675515355773626,-0.0018667618955346803,0.36329763754750516
Expands_Expression:1.mode_press_newspapers,0.08902335954369303,-0.09570680685086676,-0.025376873834959585,0.003714418155724356,0.03483793027043205,0.010924833564860887,0.002352161817538126,0.03974790638469878,-0.10383515421590916,-0.04376005595972353,0.14048914800796913,0.03780152993313562,-0.024881606729835543,0.06534717216076878,-0.0010471160665135916,0.0020678479434866753,2.0664188458367754,0.04996723772675462,-0.09481373829415553,-0.10984774138963134,-0.006404139382926183,0.04862469424196045,0.040239243459080615,0.08529257479579373,0.14838180348656596,-0.017114731148937946,0.06719255980652378,0.1753481439743333,-0.053555646943448776,-0.014589643314800931,0.0683995561201033,0.0003819663514268186,-0.00415842217515601,-0.7279852628592838
Expands_Expression:1.mode_public_assembly,-0.04356295378736461,0.06456929196734855,0.011551812309997085,-0.0988533537461538,-0.02312568456005122,0.022253048203616184,-0.004746931198194618,-0.07960110251439241,0.04888440665992228,0.0016849821351164222,-0.12329149826895489,-0.03812223518474339,-0.016609884856206854,-0.07758107002837762,0.0012802045532889603,-0.0020528735860790063,-2.5399771237980144,-0.05348124938377387,0.04506057092773677,0.031860293943987164,-0.042095413839448696,-0.00806369768128851,-0.030864859272658564,-0.1198361888079401,-0.1706379322486707,-0.027542681519454503,-0.041030382847143984,-0.053555646943448776,0.09057455168570552,0.01899703874517602,-0.05840491472041746,0.000674461227301661,0.0028734861580814795,-1.295919300866044
Expands_Expression:1.mode_public_speech,0.0017234688798619176,0.025903596667725966,0.009693035736275711,0.0013009061173833063,-0.005261298948500594,0.005081177162350601,0.01624632660124223,-0.02470880426953322,0.003990896373921298,0.005866557825475156,-0.024230006648949094,-0.004298110373687802,0.00458083095610468,-0.018955118707567796,0.0002004690204829978,-0.0004981416563752385,-0.44761956584309825,-0.015006765246187813,0.003859698559418353,-0.004816987841461793,-0.007731513157356775,-0.0016380337132748384,-0.005203128584920605,-0.005519971154023231,-0.03883791135178024,0.0010761158100675084,-0.004338004871814975,-0.014589643314800931,0.018997038745176022,0.013698870184246,-0.0034731297262755134,0.00010611137404136846,0.0006719619845872339,-0.18988482212797628
Expands_Expression:1.mode_non_verbal_expression,0.057859255287433985,-0.04343379047173027,0.020582116729183374,0.089815092830172,0.023488441066062384,-0.017775832874338506,0.03442604774400775,0.07183414640662453,-0.06734124566330685,-0.007780645243877168,0.10822128182285869,0.04201470912725124,0.015307537318945517,0.06410787220637329,-0.0015502656425730754,0.0035014921917266052,3.0089123877697,0.027455826593121936,-0.06737878444325934,-0.045000564762331045,0.018074955530366407,0.017073258452582906,0.020890251973813105,0.12253169237316143,0.16066727485258492,0.0201549174313704,0.0575293781473335,0.0683995561201033,-0.05840491472041745,-0.003473129726275514,0.08431694474417903,-0.0007526853628168637,-0.0014399801199472253,1.5310441008564886
Expands_Expression:yearspline1,-0.0013529406742661789,7.367735499157405e-06,-0.001408080333305623,-0.002156759047045321,0.00012066490852517062,0.000416642036245195,-0.00042786338726500696,-0.002370782481828296,-0.0002012456495773695,0.00045346742117698526,-0.0005549128760157489,-0.0001449677034453282,-0.0003488562534079079,-0.0004578279941811068,4.008889487814151e-05,-7.611790296780768e-05,-0.07643642635498958,-0.0009076575273676338,0.00027432595707932965,-0.0011820033579331218,-0.0012910018789034454,0.0006077266159672628,-5.6446815668898745e-05,-0.001254303144084846,-0.0027981737538042345,-0.0005511651305248278,-0.00015675515355773626,0.00038196635142681866,0.0006744612273016609,0.00010611137404136848,-0.0007526853628168637,3.638942834578411e-05,-2.704324514167841e-05,-0.07096570331792547
Expands_Expression:yearspline2,-0.0007368220449886634,0.0033130000056406615,0.00279721054488967,-0.00029192593140156683,-0.0012668371078246507,0.00012983596051765133,0.0006056094228018991,-6.812073510765429e-05,0.0025902170455553166,-4.176602070788457e-05,-0.0049966721813953915,-0.001527287114304797,0.00013233424216519684,-0.0028135438011440477,-1.1110686727920498e-06,4.195203018422666e-05,-0.001808466782065426,-0.0017011534973861032,0.0022925120884180715,0.003982446496064536,-0.0002980187852479189,-0.001198789328604115,-0.0016413310661825763,-0.0035406443372394004,-0.0038657905746151927,-0.00030548026218016545,-0.0018667618955346805,-0.0041584221751560105,0.0028734861580814795,0.0006719619845872338,-0.0014399801199472253,-2.704324514167841e-05,0.00021804293354184262,0.05377526453900557
Expands_Expression:_cons,2.647632033693644,-0.04368430517756072,2.777565290890424,4.306312012500108,-0.2259705204770609,-0.8538514021973355,0.8785524655205394,4.597940796355455,0.3490044541857701,-0.8554116871520778,1.073992160149058,0.30038841483668244,0.691856667451473,0.8792061844705724,-0.07941183848870118,0.15188490713786887,151.55793438747676,1.6655692703043645,-0.6171798931382456,2.2382047891390644,2.4312463741748274,-1.1654034455450457,0.06856065928005342,2.4932211672467823,5.476059652820025,1.0831827019803704,0.3632976375475051,-0.727985262859284,-1.295919300866044,-0.18988482212797628,1.5310441008564886,-0.07096570331792545,0.05377526453900557,138.7510319912145
