model,sample,equation,term,coefficient,clustered_se,lower,upper,status,inference_valid,estimate_type
full2,democracy,Contracts_Expression,court_independence_lag1,-0.006047353346898367,0.47342574267600934,-0.9339447583460039,0.9218500516522072,successful_with_cautions,True,MLE
full2,democracy,Contracts_Expression,v2jupurge_lag1,0.4498424123014551,0.4384226281841034,-0.4094501489467827,1.3091349735496929,successful_with_cautions,True,MLE
full2,democracy,Contracts_Expression,wdj_expression_lag1,0.7452256967064624,0.34381225897472284,0.07136605167264776,1.4190853417402771,successful_with_cautions,True,MLE
full2,democracy,Contracts_Expression,Civil,0.34331556677759356,0.43136931258884376,-0.5021527499323407,1.188783883487528,successful_with_cautions,True,MLE
full2,democracy,Contracts_Expression,Mixed,0.2616629250591744,0.6501130638011619,-1.012535265870093,1.5358611159884419,successful_with_cautions,True,MLE
full2,democracy,Contracts_Expression,1.high_court,-0.08893860601255292,0.16073154050527522,-0.40396663658253323,0.22608942455742737,successful_with_cautions,True,MLE
full2,democracy,Contracts_Expression,Citizen,-0.23652056975349897,0.15583769460152586,-0.5419568386062417,0.0689156990992437,successful_with_cautions,True,MLE
full2,democracy,Contracts_Expression,Press,-0.11439898495352425,0.2738072594150511,-0.65105135211264,0.42225338220559144,successful_with_cautions,True,MLE
full2,democracy,Contracts_Expression,Intermediary,0.03557674644246782,0.4641312066369253,-0.8741037026670235,0.9452571955519591,successful_with_cautions,True,MLE
full2,democracy,Contracts_Expression,Other/unclear,-0.3745323520863247,0.34170089990879016,-1.0442538093924791,0.29518910521982983,successful_with_cautions,True,MLE
full2,democracy,Contracts_Expression,1.mode_electronic_internet,0.413189189089784,0.2561477059664635,-0.08885108932703994,0.9152294675066079,successful_with_cautions,True,MLE
full2,democracy,Contracts_Expression,1.mode_press_newspapers,-0.5118275682757863,0.4901407935433565,-1.4724858709746473,0.44883073442307464,successful_with_cautions,True,MLE
full2,democracy,Contracts_Expression,1.mode_public_assembly,-0.30378750767562285,0.1452130672969134,-0.5883998896621643,-0.019175125689081418,successful_with_cautions,True,MLE
full2,democracy,Contracts_Expression,1.mode_public_speech,0.3089574707510721,0.13179121653208203,0.05065143286947155,0.5672635086326727,successful_with_cautions,True,MLE
full2,democracy,Contracts_Expression,1.mode_non_verbal_expression,-0.4007077482963854,0.3084839993144467,-1.0053252767595797,0.20390978016680888,successful_with_cautions,True,MLE
full2,democracy,Contracts_Expression,yearspline1,-0.029683517823280842,0.00826738469407928,-0.04588729407001392,-0.01347974157654776,successful_with_cautions,True,MLE
full2,democracy,Contracts_Expression,yearspline2,-0.013948428289333533,0.03018937312835114,-0.07311851233674307,0.045221655758076004,successful_with_cautions,True,MLE
full2,democracy,Contracts_Expression,_cons,58.40455345362593,16.049160542245286,26.948776808723846,89.86033009852801,successful_with_cautions,True,MLE
full2,democracy,Expands_Expression,court_independence_lag1,0.10330098993077395,0.27588041408418296,-0.43741468571422126,0.6440166655757692,successful_with_cautions,True,MLE
full2,democracy,Expands_Expression,v2jupurge_lag1,-0.04401998472667172,0.28097365713292694,-0.5947182333117141,0.5066782638583708,successful_with_cautions,True,MLE
full2,democracy,Expands_Expression,wdj_expression_lag1,0.20445889523954983,0.16573290507714453,-0.12037162976484891,0.5292894202439485,successful_with_cautions,True,MLE
full2,democracy,Expands_Expression,Civil,0.702199326144632,0.4169878362529694,-0.1150818149024736,1.5194804671917375,successful_with_cautions,True,MLE
full2,democracy,Expands_Expression,Mixed,0.7748227931627818,0.28684238014913455,0.21262205883073115,1.3370235274948326,successful_with_cautions,True,MLE
full2,democracy,Expands_Expression,1.high_court,-0.07505784803401348,0.162578718822623,-0.39370628157901877,0.24359058551099178,successful_with_cautions,True,MLE
full2,democracy,Expands_Expression,Citizen,-0.7537364166512676,0.15230669475727468,-1.0522520529798614,-0.4552207803226737,successful_with_cautions,True,MLE
full2,democracy,Expands_Expression,Press,-0.5486039008888256,0.4760538312010597,-1.4816522647452128,0.38444446296756174,successful_with_cautions,True,MLE
full2,democracy,Expands_Expression,Intermediary,-1.0180952549324576,0.6912834842639665,-2.3729859871971932,0.3367954773322779,successful_with_cautions,True,MLE
full2,democracy,Expands_Expression,Other/unclear,-0.47376277901890873,0.17755707250209252,-0.8217682463233773,-0.1257573117144402,successful_with_cautions,True,MLE
full2,democracy,Expands_Expression,1.mode_electronic_internet,-0.16531777656688187,0.22238825497652276,-0.601190746905577,0.27055519377181314,successful_with_cautions,True,MLE
full2,democracy,Expands_Expression,1.mode_press_newspapers,0.052829002326990206,0.4182428300803101,-0.7669118814225232,0.8725698860765035,successful_with_cautions,True,MLE
full2,democracy,Expands_Expression,1.mode_public_assembly,-0.6908483843219116,0.3118154021910644,-1.3019953424412698,-0.0797014262025536,successful_with_cautions,True,MLE
full2,democracy,Expands_Expression,1.mode_public_speech,-0.2955016884345914,0.12452321055190996,-0.5395626963556329,-0.05144068051354986,successful_with_cautions,True,MLE
full2,democracy,Expands_Expression,1.mode_non_verbal_expression,-0.5819614236226078,0.2888914551257625,-1.1481782711104715,-0.015744576134744226,successful_with_cautions,True,MLE
full2,democracy,Expands_Expression,yearspline1,-0.02310210421724858,0.0057753048552578404,-0.03442149373329326,-0.011782714701203902,successful_with_cautions,True,MLE
full2,democracy,Expands_Expression,yearspline2,0.014308395642369678,0.017282606629104382,-0.019564890909648094,0.048181682194387454,successful_with_cautions,True,MLE
full2,democracy,Expands_Expression,_cons,47.3238225194841,11.295498018137812,25.185053216490427,69.46259182247776,successful_with_cautions,True,MLE
