run,model,sample,predictor,variant,sample_label,file
regime_comparison_01,full1,democracy,court_independence_lag1,without_histogram,democracy-only; other requested subset unusable,figures/full1__democracy__court_independence_lag1__without_histogram.png
regime_comparison_01,full1,democracy,court_independence_lag1,with_histogram,democracy-only; other requested subset unusable,figures/full1__democracy__court_independence_lag1__with_histogram.png
regime_comparison_01,full1,democracy,v2jupurge_lag1,without_histogram,democracy-only; other requested subset unusable,figures/full1__democracy__v2jupurge_lag1__without_histogram.png
regime_comparison_01,full1,democracy,v2jupurge_lag1,with_histogram,democracy-only; other requested subset unusable,figures/full1__democracy__v2jupurge_lag1__with_histogram.png
regime_comparison_01,full2,democracy,court_independence_lag1,without_histogram,democracy-only; other requested subset unusable,figures/full2__democracy__court_independence_lag1__without_histogram.png
regime_comparison_01,full2,democracy,court_independence_lag1,with_histogram,democracy-only; other requested subset unusable,figures/full2__democracy__court_independence_lag1__with_histogram.png
regime_comparison_01,full2,democracy,v2jupurge_lag1,without_histogram,democracy-only; other requested subset unusable,figures/full2__democracy__v2jupurge_lag1__without_histogram.png
regime_comparison_01,full2,democracy,v2jupurge_lag1,with_histogram,democracy-only; other requested subset unusable,figures/full2__democracy__v2jupurge_lag1__with_histogram.png
regime_comparison_01,full2,democracy,wdj_expression_lag1,without_histogram,democracy-only; other requested subset unusable,figures/full2__democracy__wdj_expression_lag1__without_histogram.png
regime_comparison_01,full2,democracy,wdj_expression_lag1,with_histogram,democracy-only; other requested subset unusable,figures/full2__democracy__wdj_expression_lag1__with_histogram.png
regime_comparison_01,full3,democracy,court_independence_lag1,without_histogram,democracy-only; other requested subset unusable,figures/full3__democracy__court_independence_lag1__without_histogram.png
regime_comparison_01,full3,democracy,court_independence_lag1,with_histogram,democracy-only; other requested subset unusable,figures/full3__democracy__court_independence_lag1__with_histogram.png
regime_comparison_01,full3,democracy,v2jupurge_lag1,without_histogram,democracy-only; other requested subset unusable,figures/full3__democracy__v2jupurge_lag1__without_histogram.png
regime_comparison_01,full3,democracy,v2jupurge_lag1,with_histogram,democracy-only; other requested subset unusable,figures/full3__democracy__v2jupurge_lag1__with_histogram.png
regime_comparison_01,full3,democracy,wdj_press_lag1,without_histogram,democracy-only; other requested subset unusable,figures/full3__democracy__wdj_press_lag1__without_histogram.png
regime_comparison_01,full3,democracy,wdj_press_lag1,with_histogram,democracy-only; other requested subset unusable,figures/full3__democracy__wdj_press_lag1__with_histogram.png
regime_comparison_01,full4,democracy,court_independence_lag1,without_histogram,democracy-only; other requested subset unusable,figures/full4__democracy__court_independence_lag1__without_histogram.png
regime_comparison_01,full4,democracy,court_independence_lag1,with_histogram,democracy-only; other requested subset unusable,figures/full4__democracy__court_independence_lag1__with_histogram.png
regime_comparison_01,full4,democracy,v2jupurge_lag1,without_histogram,democracy-only; other requested subset unusable,figures/full4__democracy__v2jupurge_lag1__without_histogram.png
regime_comparison_01,full4,democracy,v2jupurge_lag1,with_histogram,democracy-only; other requested subset unusable,figures/full4__democracy__v2jupurge_lag1__with_histogram.png
regime_comparison_01,full4,democracy,wdj_citizen_lag1,without_histogram,democracy-only; other requested subset unusable,figures/full4__democracy__wdj_citizen_lag1__without_histogram.png
regime_comparison_01,full4,democracy,wdj_citizen_lag1,with_histogram,democracy-only; other requested subset unusable,figures/full4__democracy__wdj_citizen_lag1__with_histogram.png
