,Contracts_Expression:court_independence_lag1,Contracts_Expression:v2jupurge_lag1,Contracts_Expression:wdj_citizen_lag1,Contracts_Expression:Civil,Contracts_Expression:Mixed,Contracts_Expression:1.high_court,Contracts_Expression:Citizen,Contracts_Expression:Press,Contracts_Expression:Intermediary,Contracts_Expression:Other/unclear,Contracts_Expression:1.mode_electronic_internet,Contracts_Expression:1.mode_press_newspapers,Contracts_Expression:1.mode_public_assembly,Contracts_Expression:1.mode_public_speech,Contracts_Expression:1.mode_non_verbal_expression,Contracts_Expression:democracy.regime_binary,Contracts_Expression:yearspline1,Contracts_Expression:yearspline2,Contracts_Expression:_cons,Expands_Expression:court_independence_lag1,Expands_Expression:v2jupurge_lag1,Expands_Expression:wdj_citizen_lag1,Expands_Expression:Civil,Expands_Expression:Mixed,Expands_Expression:1.high_court,Expands_Expression:Citizen,Expands_Expression:Press,Expands_Expression:Intermediary,Expands_Expression:Other/unclear,Expands_Expression:1.mode_electronic_internet,Expands_Expression:1.mode_press_newspapers,Expands_Expression:1.mode_public_assembly,Expands_Expression:1.mode_public_speech,Expands_Expression:1.mode_non_verbal_expression,Expands_Expression:democracy.regime_binary,Expands_Expression:yearspline1,Expands_Expression:yearspline2,Expands_Expression:_cons
Contracts_Expression:court_independence_lag1,0.03936948248137609,0.004504740419982562,-0.004274699142064557,0.022239063283928804,0.005390725509170831,0.019981983539720267,-0.002081811702459144,-0.007903301556689552,0.011121628347050027,-0.01221664477997259,-0.012244882424442554,0.005475428982057009,-0.012818917230280896,-0.0006154266046662619,-0.007312237249197174,-0.09519468026565871,-0.0006023725710423459,0.0016925805131893083,1.1967985080147296,0.017189599729236275,-0.003813568623305322,-0.0014064290385570207,0.0035735246983682437,0.008704172674401697,-0.003766451897006043,0.006937198736777591,0.00654831867395413,0.02277240362972386,-0.0014435028597790873,0.004073189798145859,0.018429685742511855,-0.00801038850745545,0.001755843020508653,0.0016020550815650987,-0.02444513155407243,-0.0003235030689996604,0.0003021013095961824,0.6344864784338717
Contracts_Expression:v2jupurge_lag1,0.004504740419982562,0.034474057324259226,-0.04316679350419203,0.05309795091792223,0.003822841112509736,-0.008178613440175907,0.008357947499493642,-0.008369694328638655,-0.003972750466241346,0.012620470376498234,-0.001461386273604697,-0.009502642532597668,-0.008702062226461853,0.004536458747716662,-0.01004729584815966,-0.06458492058779343,-7.624970543656486e-06,0.00030561620565480084,-0.0017548901734162816,-0.003098525695331138,0.009157087342756642,-0.0034293643405844823,0.004650082562198622,0.005123202329981285,-0.0050989078097126595,-0.0022149276946112624,-0.011604553531001793,-0.018350601856289,0.005104254925607835,-0.003625456729716595,-0.017409247305080543,0.009076923822527817,0.008328823774185883,-0.002377236841253756,-0.015877064626001258,-0.00012750493206862163,0.0007326753868962697,0.25434882796798325
Contracts_Expression:wdj_citizen_lag1,-0.004274699142064557,-0.04316679350419203,0.3795747803850788,-0.21940110176666633,-0.09580971841161733,-0.0449607800911065,0.0462386630425348,0.025168560726131967,-0.02813048360887834,-0.026725177804072985,-0.03394022777734717,0.005109312890935996,0.039178832224116514,-0.01811417696490857,-0.048247729371868546,0.06652383127849476,0.0016891256709486626,-0.006221719144865319,-3.2645602463933803,0.0029030846460871085,-0.006014235853812466,0.14249830005461964,-0.05367338334633923,-0.028617601664805283,0.00843194152863909,-0.0018431566769727785,-0.037553815506070454,-0.09251294979598809,-0.03164754476671095,-0.014242960285440118,0.043853736562696664,0.060726519529862216,0.01511199140498737,-0.008557747031265576,0.00741190053338217,0.0005950912634240835,-0.0006942497577161173,-1.1817274696817048
Contracts_Expression:Civil,0.022239063283928807,0.05309795091792223,-0.21940110176666633,0.24597778183041108,0.08501027269217865,0.006305741284027619,-0.020294347815823652,-0.01700793638315419,0.00877091131727334,0.03297306729924434,0.013515931220939876,-0.019361695661038594,-0.032677378200781385,0.014034706017788301,0.0005095369816283579,-0.0613403463446603,-0.0012720094828136677,0.0038903489523446654,2.411077022284826,0.000590729916642201,0.011431351275689651,-0.08333431379575461,0.08276243722699794,0.028859916329136426,-0.021071608018669585,-0.009139636394852265,0.007922373841004597,0.023162682820351495,0.033199213890844535,-0.00823189474078077,-0.04348818395581135,-0.018453016840115445,-0.003619283607563589,-0.004814303795837694,-0.001683441218427552,-0.000745672379012001,0.001201119316029526,1.4676758460077997
Contracts_Expression:Mixed,0.005390725509170831,0.003822841112509736,-0.09580971841161733,0.08501027269217865,0.1834860882426801,0.010371521797484847,-0.028653925060440153,0.027370423216403653,0.020221493060781238,-0.0027507731355512874,0.04287879866833484,0.0037380737439405383,-0.021266148203442595,0.022777260641537633,0.03150364429780877,0.06723981855755833,-0.001505186167585553,0.003629939634022084,2.8747769150018927,-0.0005410595365674538,-0.003953365075568981,-0.062157867899328985,0.02122338040781998,0.05328864957984752,-0.011310958183793188,-0.002040774191688816,0.0765886623698111,0.08108454129222463,0.04733011607833692,0.010480598379036832,-0.033769042801184306,-0.0630994405527591,-0.007338121250328432,0.03315969033275388,0.01243941039080261,-0.0008184423652328809,0.0005824321689046156,1.6164084005799493
Contracts_Expression:1.high_court,0.019981983539720267,-0.008178613440175907,-0.0449607800911065,0.006305741284027619,0.010371521797484849,0.11318178717899477,-0.08223162128365552,-0.031607971699683234,-0.02974899622297264,-0.10621845596720887,0.04488590778300426,0.0773034849780113,0.0018018538706297544,0.008928774303077354,0.06770071609940594,-0.04450510715917678,-0.0020596004470245263,0.009698926397614159,4.05716779392796,0.0021316150058503115,-0.026588392697461778,0.007542447767513198,-0.07552242714573809,-0.019066746821793327,0.024224891558007323,0.0116743879117588,0.07886932454295151,0.12336015126823505,-0.016670044221953274,0.05677305941188056,0.06451014415786574,-0.08510698307511322,-0.014625238382941469,0.057696802542546125,0.022422467998050134,-0.000259796933077189,-0.0002814012336305574,0.5115567995269916
Contracts_Expression:Citizen,-0.0020818117024591445,0.008357947499493642,0.04623866304253481,-0.020294347815823652,-0.02865392506044015,-0.08223162128365553,0.10724814592235096,0.04563744145004748,0.01873386570714856,0.09053883224868005,-0.05670222568300394,-0.08583590108011996,-0.007864783165406288,-0.018764665504593245,-0.06942470456993212,-0.014788234685919393,0.0022496000795652433,-0.008949876104925746,-4.429232246310193,0.005985497883754796,0.01928121898082926,0.01872401118953823,0.040081091321040214,0.009433007351545383,-0.014938875311749762,0.0023310195174694372,-0.07476281278954588,-0.1291411194337464,0.011612296426559168,-0.04341372057008147,-0.030917241198809207,0.091274784959646,0.02020110117042191,-0.05423171129712551,-0.030911561186540353,0.0004554648097190601,-0.00012552524003999336,-0.9094654530697757
Contracts_Expression:Press,-0.007903301556689552,-0.008369694328638655,0.025168560726131963,-0.01700793638315419,0.027370423216403653,-0.031607971699683234,0.045637441450047486,0.13980813336979758,0.044478459242358645,0.04555420543570456,-0.016298030330749978,-0.06982461767148951,0.028624055218650937,0.016921762813235375,-0.01750711827418937,0.09212037655298841,0.0009033273278930486,-0.003608842696943493,-1.857369819533085,-0.0037029567628792033,-0.011109549882551346,0.005890873141848811,0.010498577381059472,0.014570733051545125,-0.012345834503656934,0.008221635218935435,0.03508263275276709,-0.012078637310777338,0.03344986456745023,-0.01838727925461933,-0.027456436713748325,0.031219822808382442,0.019049676529035678,0.002431558232542576,0.045208831427037716,-0.00033409981529126183,0.0006574336405231797,0.6416391091894386
Contracts_Expression:Intermediary,0.011121628347050027,-0.003972750466241346,-0.028130483608878338,0.00877091131727334,0.02022149306078124,-0.02974899622297264,0.01873386570714856,0.044478459242358645,0.14670611355650753,0.05420996687691098,-0.05829089758640448,-0.030801693842676076,-0.00966856269930214,0.00930456715075889,-0.0052129969144435835,-0.044477130163600186,-0.0004521302407927412,0.0006053504646579507,0.9231615442981443,0.0202648799294385,0.006412390913878225,-0.05173183902084438,0.09359837036309746,0.05138793799601452,-0.02932743872307529,-0.004934684266471665,0.006932789876925798,0.08625067195821721,0.018359266069269953,-0.028466543627520467,-0.039935657781752565,0.002191524361074132,-0.003429115468766249,0.0022858094096102977,-0.03801255700252943,-0.001291873160057432,0.0026739805726856227,2.56131617471277
Contracts_Expression:Other/unclear,-0.012216644779972592,0.012620470376498234,-0.026725177804072985,0.03297306729924433,-0.002750773135551287,-0.10621845596720887,0.09053883224868005,0.04555420543570456,0.05420996687691098,0.20415035385624247,-0.06360179661024777,-0.15566653104536213,-0.0034097416603109908,-0.014164177034802489,-0.10794052585994779,-0.0017119553093439984,0.0027424944139817866,-0.011482346226504982,-5.415829469942099,-0.00114156714354155,0.03557752236180286,-0.07485110540470144,0.13100652584308672,0.04419095832248044,-0.037190675799032735,-0.023788150318980215,-0.1272856498092484,-0.1909141098897366,0.039016356943871344,-0.08605441438116757,-0.12900720960267156,0.11607316682298632,0.007716038356989242,-0.1085466538613067,-0.05062060567270046,0.00012338199981774242,0.0011187654516324375,-0.2156625392965884
Contracts_Expression:1.mode_electronic_internet,-0.012244882424442553,-0.001461386273604697,-0.03394022777734716,0.013515931220939878,0.042878798668334835,0.04488590778300426,-0.05670222568300394,-0.01629803033074998,-0.05829089758640448,-0.06360179661024778,0.07149824650720542,0.05588830411345245,0.013485465123439757,0.01609929597460504,0.05341389964671416,0.05782923944885312,-0.0012316958714900484,0.004596020762940635,2.3876662932022357,-0.011891760900776534,-0.01108234353032609,-0.006816819785633086,-0.05345091136343936,-0.013784797098176151,0.018574104086077285,0.004592834744867272,0.058138284496689514,0.048063369706830304,-0.0016702167434520883,0.035698988427113006,0.015726820024664672,-0.05869641643940251,-0.007673805935557074,0.037900609269464786,0.03522373019964453,9.615162276118398e-05,-0.0005694237976371813,-0.19691709529829485
Contracts_Expression:1.mode_press_newspapers,0.005475428982057009,-0.009502642532597668,0.005109312890935996,-0.019361695661038594,0.0037380737439405387,0.0773034849780113,-0.08583590108011994,-0.06982461767148951,-0.030801693842676076,-0.15566653104536213,0.05588830411345244,0.20190546341960164,0.007653004100176741,0.02549757179890929,0.10200308593842718,0.005539920076838335,-0.0020273282812698673,0.0081195300670586,3.996762613832934,0.006701282354211675,-0.014602791076755476,0.0431209444448205,-0.08549175355687513,-0.0251048194386014,0.037213286655084256,0.024879589707356792,0.10646639686410492,0.15931733784087085,-0.026554176677985784,0.06670085934508363,0.10186786159869393,-0.11109003770678888,-0.013358674277849595,0.08509198030904229,0.01301574633597922,0.00013030605753691784,-0.001381586880849442,-0.2974863373503794
Contracts_Expression:1.mode_public_assembly,-0.012818917230280896,-0.008702062226461853,0.039178832224116514,-0.032677378200781385,-0.021266148203442598,0.0018018538706297544,-0.007864783165406288,0.028624055218650937,-0.00966856269930214,-0.0034097416603109908,0.013485465123439755,0.007653004100176741,0.05514562558282213,0.010159884261995433,0.005028919347648272,0.059950970410716814,0.00045276372061293555,-0.001026701832827869,-0.9214390653343373,-0.006688308777005798,-0.005767320793551406,0.016983144867777217,-0.014869128976554903,-0.01400609950514536,0.006912579601571933,0.00022573171361683434,0.012215721763843501,-0.01626628861982793,0.002957047318774464,-0.00015954185443146,0.0012655701340925035,-0.0011902688793948178,0.002913554216709082,0.004827331239616722,0.028991229887124506,0.00014294657296218748,-0.00017379939421083916,-0.2933110739599346
Contracts_Expression:1.mode_public_speech,-0.0006154266046662619,0.004536458747716662,-0.01811417696490857,0.014034706017788303,0.022777260641537633,0.008928774303077354,-0.018764665504593245,0.016921762813235375,0.00930456715075889,-0.014164177034802489,0.01609929597460504,0.025497571798909286,0.010159884261995433,0.03965921755579914,0.013825307901901406,0.01418768642958601,-0.00021230453546532442,0.0008078794876133499,0.3829380431975022,-0.003154068526950133,-0.004094682979630442,-0.013387889319030382,-0.006097654654077684,0.005741221286710964,0.0011902525638229206,0.0035786227005909876,0.033770622355649274,0.029334577340598016,0.01112373494510461,0.005985728109414214,-0.008866451531203232,-0.023039329434668097,0.00961994481061698,0.01732686685171835,0.013627428045342107,-0.00018920983620481307,0.0003022445296360052,0.3667964936334968
Contracts_Expression:1.mode_non_verbal_expression,-0.007312237249197175,-0.010047295848159662,-0.048247729371868546,0.0005095369816283579,0.03150364429780877,0.06770071609940594,-0.06942470456993212,-0.01750711827418937,-0.0052129969144435835,-0.10794052585994778,0.053413899646714155,0.10200308593842718,0.005028919347648271,0.013825307901901408,0.1067765066414017,0.032501142999630014,-0.0021593204170397133,0.008322481972201786,4.249247079937787,0.010342434723659553,-0.013120745448837977,0.012456745690653942,-0.05115197205310031,-0.005135786669359575,0.02012899910660841,0.01937801047802141,0.10676198114170216,0.1585424969673777,-0.01085648610905462,0.05702122128595847,0.05480897160378923,-0.0970720119669158,-0.016928852733971392,0.07688062725608194,0.006439056596686834,-0.00035653288789486793,-0.0006459978468138594,0.6786997485048074
Contracts_Expression:democracy.regime_binary,-0.09519468026565871,-0.06458492058779342,0.06652383127849476,-0.06134034634466029,0.06723981855755833,-0.044505107159176785,-0.014788234685919393,0.0921203765529884,-0.044477130163600186,-0.0017119553093439984,0.057829239448853126,0.005539920076838335,0.05995097041071682,0.014187686429586012,0.032501142999630014,0.5153290122855506,0.0012380339246311687,-0.0049042356794514385,-2.6294684929607346,-0.03749579637434582,-0.01753693010926717,0.01627104337095642,-0.001846112158459907,-0.022036461916494877,0.011852844977682308,-3.0835946124158265e-05,0.034586991067008646,-0.013005956142243001,0.02871770333260964,-0.013441628321782908,-0.005415939951133967,-0.002448825583269852,-0.0077782542897413525,0.018948470686008155,0.1801897235513171,0.0009389633838390101,-0.0027428896756053218,-1.9210418992225664
Contracts_Expression:yearspline1,-0.0006023725710423459,-7.624970543656486e-06,0.0016891256709486624,-0.0012720094828136677,-0.001505186167585553,-0.0020596004470245267,0.0022496000795652433,0.0009033273278930486,-0.00045213024079274124,0.0027424944139817866,-0.0012316958714900484,-0.0020273282812698673,0.00045276372061293555,-0.0002123045354653244,-0.0021593204170397133,0.0012380339246311689,9.504123699765001e-05,-0.0003320585492682178,-0.18769831637300124,-0.00038084315359526515,0.0004855592750405663,0.00042973646379745737,0.0008647711934488574,-0.0002567290498426014,-5.443393248139887e-05,-0.00030232846100670214,-0.002483628153495214,-0.005220692664047188,0.0002485369896268321,-0.0013152668126518606,-0.0010629775648732895,0.002665682327697268,0.0004937955765796769,-0.0020043455212679184,2.986769529902326e-06,3.267275383228733e-05,-3.653564399347425e-05,-0.0645841960961496
Contracts_Expression:yearspline2,0.001692580513189308,0.00030561620565480084,-0.006221719144865319,0.003890348952344666,0.0036299396340220835,0.009698926397614159,-0.008949876104925748,-0.0036088426969434926,0.0006053504646579508,-0.011482346226504982,0.004596020762940635,0.0081195300670586,-0.001026701832827869,0.0008078794876133498,0.008322481972201784,-0.0049042356794514385,-0.0003320585492682178,0.0013252303308045796,0.6553552356049276,0.0007659318089836945,-0.0022359381275605618,-0.00016921675693298266,-0.005276463386133134,-2.635844846072944e-05,0.0010323689858134553,0.0008983835604942222,0.00903681063324155,0.01880320855933335,-0.001600636629502052,0.005545715517357256,0.0051987030279109685,-0.009892813397709522,-0.0017276680822075918,0.007766185488467398,0.0011627585494574054,-0.00010414473129638654,0.00013234212262721437,0.20599374530182724
Contracts_Expression:_cons,1.1967985080147296,-0.0017548901734162929,-3.2645602463933807,2.4110770222848266,2.8747769150018927,4.05716779392796,-4.429232246310193,-1.857369819533085,0.9231615442981445,-5.4158294699421,2.3876662932022357,3.996762613832934,-0.9214390653343373,0.38293804319750224,4.249247079937787,-2.629468492960735,-0.18769831637300122,0.6553552356049275,370.9231882490969,0.7611590117887153,-0.9501942745531954,-0.8398378916746193,-1.7120133410468492,0.4961941225027534,0.10546691549683525,0.5848362215912596,4.8603730337690125,10.307904428189486,-0.5343795152891676,2.602229223786866,2.1074043485027425,-5.246861293501589,-0.9860762645115988,3.936681121937233,-0.10313160517885755,-0.06458173224716321,0.0728079358474647,127.73446258092218
Expands_Expression:court_independence_lag1,0.017189599729236275,-0.003098525695331138,0.0029030846460871085,0.000590729916642201,-0.0005410595365674539,0.0021316150058503115,0.005985497883754796,-0.003702956762879203,0.0202648799294385,-0.00114156714354155,-0.011891760900776534,0.006701282354211676,-0.006688308777005798,-0.0031540685269501336,0.010342434723659553,-0.037495796374345816,-0.00038084315359526515,0.0007659318089836945,0.7611590117887154,0.030186118240235767,0.006072339997233095,0.005359962546877598,0.020151481639970055,0.023093094658029535,-0.008107348798550391,0.01179243722865939,0.007842512558403292,0.02548130027925155,0.0016512951789298348,-0.0016412217614987983,0.0061575117733053885,-0.004886528783838902,-0.0038019717899313533,-9.847558179051681e-05,-0.05612885646894542,-0.0003397712254175487,-7.88613509252859e-05,0.6586629821359149
Expands_Expression:v2jupurge_lag1,-0.003813568623305322,0.009157087342756642,-0.006014235853812466,0.011431351275689651,-0.003953365075568982,-0.026588392697461778,0.01928121898082926,-0.011109549882551346,0.006412390913878225,0.03557752236180285,-0.011082343530326092,-0.014602791076755474,-0.005767320793551406,-0.004094682979630442,-0.013120745448837977,-0.01753693010926717,0.0004855592750405663,-0.0022359381275605613,-0.9501942745531954,0.006072339997233095,0.018580166088848316,-0.010621136169724639,0.03308653605748518,0.008726781734244831,-0.0073333605167772995,-0.0016506180827333048,-0.02641452771156837,-0.03659261326026599,0.0036524954741797644,-0.017678031368240144,-0.024540460255037925,0.016332911595228386,-0.002020158838866114,-0.02186614650583765,-0.03895888371766979,9.791525199416187e-05,6.048135888174116e-06,-0.19364573534446036
Expands_Expression:wdj_citizen_lag1,-0.0014064290385570207,-0.0034293643405844823,0.14249830005461964,-0.08333431379575461,-0.062157867899328985,0.007542447767513199,0.01872401118953823,0.005890873141848811,-0.051731839020844377,-0.07485110540470144,-0.006816819785633086,0.0431209444448205,0.016983144867777217,-0.013387889319030382,0.01245674569065394,0.01627104337095642,0.0004297364637974573,-0.00016921675693298268,-0.8398378916746193,0.005359962546877597,-0.010621136169724639,0.13950337479560776,-0.0867789314250665,-0.03372952108753333,0.018514768720358385,0.017462328356683585,0.019667116519144292,-0.008582184397572632,-0.024525605020142,0.0248071001520056,0.069915563299763,0.010691739008434028,0.01395721160861412,0.028656558421123357,0.01413189242973786,0.0006332242559731676,-0.0018297889728527135,-1.2822673603452197
Expands_Expression:Civil,0.0035735246983682437,0.0046500825621986226,-0.05367338334633924,0.08276243722699794,0.02122338040781998,-0.07552242714573809,0.04008109132104022,0.010498577381059472,0.09359837036309746,0.13100652584308672,-0.053450911363439345,-0.08549175355687513,-0.014869128976554903,-0.0060976546540776845,-0.05115197205310031,-0.0018461121584599073,0.0008647711934488575,-0.005276463386133134,-1.7120133410468488,0.020151481639970055,0.03308653605748518,-0.08677893142506651,0.18340923254201763,0.06018395157284195,-0.04008846912331413,-0.022596824215388906,-0.07298491916037193,-0.06494682025139913,0.026672329913519983,-0.05938471731667823,-0.09026379716974453,0.05681283410760029,-0.007513076653423582,-0.061393603399706446,-0.05625402835141741,-0.0006526305029304973,0.0014595077757572233,1.288261343852988
Expands_Expression:Mixed,0.008704172674401697,0.005123202329981285,-0.028617601664805283,0.028859916329136426,0.05328864957984752,-0.019066746821793327,0.009433007351545383,0.014570733051545125,0.05138793799601452,0.04419095832248045,-0.013784797098176153,-0.025104819438601395,-0.014006099505145359,0.005741221286710964,-0.005135786669359575,-0.022036461916494877,-0.0002567290498426014,-2.635844846072944e-05,0.4961941225027533,0.023093094658029535,0.008726781734244831,-0.03372952108753333,0.06018395157284195,0.0675701384627502,-0.021135368306577838,-0.00578990348114074,0.0021610371619978606,0.006693254410900816,0.022908067034426324,-0.010400468902944595,-0.04409495480937755,0.008974100548775881,0.0020047578183749427,-0.005942460598260573,-0.05168514655183384,-0.0008249333392480717,0.0011952359965766738,1.6312545225790038
Expands_Expression:1.high_court,-0.003766451897006043,-0.0050989078097126595,0.00843194152863909,-0.021071608018669585,-0.011310958183793188,0.024224891558007323,-0.014938875311749762,-0.012345834503656936,-0.02932743872307529,-0.037190675799032735,0.01857410408607729,0.03721328665508426,0.006912579601571933,0.0011902525638229206,0.02012899910660841,0.011852844977682306,-5.443393248139888e-05,0.0010323689858134553,0.10546691549683523,-0.008107348798550391,-0.0073333605167772995,0.018514768720358385,-0.040088469123314124,-0.021135368306577838,0.02131764994847948,0.005105238112478993,0.014614796145466276,0.009508631561959595,-0.011521819618183198,0.021818875718634237,0.03279140632050129,-0.01934500788743863,-0.0023710417872643504,0.016677224703603617,0.023005113547368373,0.0004295757636433554,-0.0006581128199884053,-0.8617086405311085
Expands_Expression:Citizen,0.00693719873677759,-0.0022149276946112624,-0.0018431566769727785,-0.009139636394852265,-0.0020407741916888163,0.011674387911758802,0.0023310195174694372,0.008221635218935435,-0.004934684266471665,-0.023788150318980215,0.004592834744867272,0.024879589707356792,0.00022573171361683434,0.0035786227005909876,0.01937801047802141,-3.0835946124158265e-05,-0.00030232846100670214,0.0008983835604942222,0.5848362215912596,0.01179243722865939,-0.0016506180827333045,0.017462328356683585,-0.02259682421538891,-0.00578990348114074,0.005105238112478993,0.026244311483673954,0.029681093100134948,0.03755943511802275,0.0022235563233284346,0.01239004940204024,0.02801651345829227,-0.020700946343955876,0.002413382002075643,0.017683585129922748,-0.00961296344300361,0.00011638315487406114,-0.0007392980753728222,-0.2562298228905934
Expands_Expression:Press,0.006548318673954131,-0.011604553531001795,-0.037553815506070454,0.007922373841004597,0.0765886623698111,0.07886932454295152,-0.07476281278954587,0.03508263275276709,0.006932789876925797,-0.1272856498092484,0.05813828449668952,0.10646639686410492,0.012215721763843501,0.033770622355649274,0.10676198114170214,0.034586991067008646,-0.002483628153495214,0.00903681063324155,4.860373033769012,0.007842512558403292,-0.026414527711568367,0.01966711651914429,-0.07298491916037195,0.0021610371619978606,0.014614796145466277,0.029681093100134944,0.1785833921653503,0.2023679433407146,0.01417176338602097,0.06843059708985012,0.05512317992853171,-0.11866464941192335,-0.004397272901955194,0.10411672801732093,0.020288168047119845,-0.0007829886174848949,-0.0004135931864289104,1.527157382070598
Expands_Expression:Intermediary,0.02277240362972386,-0.018350601856289,-0.09251294979598809,0.023162682820351495,0.08108454129222463,0.12336015126823503,-0.1291411194337464,-0.012078637310777336,0.08625067195821721,-0.19091410988973656,0.048063369706830304,0.15931733784087085,-0.016266288619827932,0.02933457734059802,0.15854249696737768,-0.013005956142243001,-0.005220692664047188,0.01880320855933335,10.307904428189484,0.02548130027925155,-0.03659261326026599,-0.008582184397572632,-0.06494682025139913,0.006693254410900816,0.009508631561959597,0.03755943511802275,0.2023679433407146,0.40760321785777087,-0.010041215460868707,0.07920528606922711,0.10120216155501759,-0.19144256647255328,-0.030950922934778656,0.14928376340170468,0.019299619276860375,-0.001827633754645871,0.0013691984492203043,3.5885554625967817
Expands_Expression:Other/unclear,-0.0014435028597790873,0.005104254925607835,-0.031647544766710944,0.033199213890844535,0.04733011607833692,-0.016670044221953274,0.011612296426559166,0.03344986456745022,0.018359266069269953,0.039016356943871344,-0.001670216743452088,-0.026554176677985788,0.002957047318774464,0.01112373494510461,-0.01085648610905462,0.02871770333260964,0.000248536989626832,-0.001600636629502052,-0.5343795152891677,0.0016512951789298346,0.003652495474179765,-0.024525605020141998,0.026672329913519983,0.02290806703442632,-0.011521819618183198,0.0022235563233284346,0.014171763386020969,-0.010041215460868707,0.034382481902118664,-0.01194854726627394,-0.037489583468039,0.005554891636739593,0.004072348433581995,-0.004175873136158742,-0.007761664196488964,-0.0003053197045344341,0.0003807954101168602,0.6041611429673016
Expands_Expression:1.mode_electronic_internet,0.004073189798145858,-0.0036254567297165953,-0.014242960285440117,-0.00823189474078077,0.010480598379036832,0.05677305941188056,-0.04341372057008147,-0.01838727925461933,-0.028466543627520467,-0.08605441438116757,0.035698988427113006,0.06670085934508363,-0.00015954185443146,0.005985728109414213,0.05702122128595847,-0.013441628321782908,-0.0013152668126518606,0.005545715517357256,2.6022292237868654,-0.0016412217614987985,-0.01767803136824014,0.0248071001520056,-0.059384717316678236,-0.010400468902944595,0.02181887571863424,0.01239004940204024,0.06843059708985012,0.07920528606922711,-0.011948547266273942,0.06206830753840256,0.05315479029592143,-0.05409278697833705,0.0011655047677389047,0.061354587680255555,0.022482774121205692,-0.00013010200659274411,-0.0004607182391628188,0.2403273420594907
Expands_Expression:1.mode_press_newspapers,0.018429685742511855,-0.01740924730508054,0.04385373656269667,-0.04348818395581135,-0.033769042801184306,0.06451014415786574,-0.030917241198809203,-0.027456436713748325,-0.039935657781752565,-0.12900720960267154,0.015726820024664676,0.10186786159869393,0.0012655701340925033,-0.008866451531203232,0.05480897160378924,-0.005415939951133967,-0.0010629775648732895,0.0051987030279109685,2.1074043485027425,0.0061575117733053885,-0.024540460255037925,0.069915563299763,-0.09026379716974453,-0.04409495480937754,0.03279140632050128,0.02801651345829227,0.055123179928531704,0.10120216155501757,-0.037489583468039,0.05315479029592143,0.13082467790113847,-0.05731682303868851,-0.005176149285352302,0.05713290128729137,0.044641297752337744,0.0004937465672162002,-0.0018327383556754188,-1.023817415445273
Expands_Expression:1.mode_public_assembly,-0.00801038850745545,0.009076923822527816,0.06072651952986221,-0.018453016840115445,-0.0630994405527591,-0.08510698307511322,0.091274784959646,0.031219822808382442,0.0021915243610741318,0.11607316682298632,-0.058696416439402516,-0.11109003770678888,-0.0011902688793948178,-0.023039329434668097,-0.0970720119669158,-0.002448825583269852,0.002665682327697268,-0.009892813397709524,-5.246861293501589,-0.004886528783838902,0.016332911595228386,0.010691739008434026,0.05681283410760029,0.008974100548775883,-0.019345007887438634,-0.02070094634395588,-0.11866464941192335,-0.1914425664725533,0.005554891636739594,-0.05409278697833704,-0.0573168230386885,0.1366822915092454,0.02126396098197571,-0.07648019258628251,-0.014214493505433088,0.0004610465674628433,0.00038777003806596445,-0.8962454611606918
Expands_Expression:1.mode_public_speech,0.0017558430205086527,0.008328823774185883,0.015111991404987372,-0.0036192836075635893,-0.007338121250328431,-0.014625238382941469,0.020201101170421905,0.019049676529035678,-0.003429115468766249,0.007716038356989241,-0.007673805935557074,-0.013358674277849597,0.0029135542167090826,0.00961994481061698,-0.016928852733971392,-0.0077782542897413525,0.0004937955765796769,-0.0017276680822075918,-0.9860762645115989,-0.003801971789931353,-0.002020158838866114,0.01395721160861412,-0.007513076653423581,0.0020047578183749427,-0.0023710417872643504,0.002413382002075643,-0.004397272901955195,-0.03095092293477866,0.004072348433581995,0.0011655047677389047,-0.005176149285352301,0.021263960981975714,0.020251884589402396,-0.0002608585001254825,0.011184403839009474,3.9841078439343664e-05,0.00010770537583247944,-0.08504275965290632
Expands_Expression:1.mode_non_verbal_expression,0.0016020550815650984,-0.0023772368412537563,-0.008557747031265574,-0.004814303795837693,0.033159690332753886,0.057696802542546125,-0.05423171129712551,0.0024315582325425754,0.0022858094096102977,-0.1085466538613067,0.037900609269464786,0.08509198030904229,0.004827331239616722,0.01732686685171835,0.07688062725608194,0.018948470686008155,-0.0020043455212679184,0.007766185488467399,3.936681121937233,-9.847558179051681e-05,-0.02186614650583765,0.028656558421123357,-0.06139360339970644,-0.005942460598260573,0.01667722470360362,0.01768358512992275,0.10411672801732091,0.14928376340170468,-0.004175873136158742,0.061354587680255555,0.05713290128729137,-0.07648019258628251,-0.0002608585001254825,0.09001936109382622,0.036623904131491414,-0.0006063609059536607,0.0002939612852273845,1.1731877686250383
Expands_Expression:democracy.regime_binary,-0.024445131554072425,-0.015877064626001258,0.007411900533382171,-0.001683441218427552,0.012439410390802612,0.022422467998050137,-0.030911561186540357,0.045208831427037716,-0.038012557002529423,-0.05062060567270046,0.03522373019964453,0.01301574633597922,0.028991229887124506,0.013627428045342106,0.006439056596686835,0.1801897235513171,2.986769529902326e-06,0.0011627585494574054,-0.10313160517885753,-0.05612885646894542,-0.03895888371766979,0.01413189242973786,-0.05625402835141741,-0.05168514655183384,0.023005113547368373,-0.009612963443003612,0.020288168047119845,0.01929961927686038,-0.007761664196488965,0.022482774121205695,0.04464129775233775,-0.014214493505433088,0.011184403839009474,0.036623904131491414,0.2122582175401538,0.0005710611823307564,-0.0006476211660714802,-1.169756880377882
Expands_Expression:yearspline1,-0.00032350306899966036,-0.00012750493206862163,0.0005950912634240835,-0.000745672379012001,-0.0008184423652328809,-0.00025979693307718904,0.00045546480971906013,-0.0003340998152912619,-0.001291873160057432,0.00012338199981774242,9.615162276118399e-05,0.00013030605753691784,0.00014294657296218748,-0.0001892098362048131,-0.00035653288789486793,0.00093896338383901,3.267275383228733e-05,-0.00010414473129638652,-0.0645817322471632,-0.0003397712254175487,9.791525199416187e-05,0.0006332242559731677,-0.0006526305029304973,-0.0008249333392480718,0.00042957576364335533,0.00011638315487406114,-0.0007829886174848948,-0.001827633754645871,-0.0003053197045344341,-0.00013010200659274411,0.0004937465672162003,0.0004610465674628433,3.9841078439343664e-05,-0.0006063609059536607,0.0005710611823307564,3.0197305046263046e-05,-5.201183845644647e-05,-0.06002660831317136
Expands_Expression:yearspline2,0.00030210130959618244,0.0007326753868962698,-0.0006942497577161171,0.001201119316029526,0.0005824321689046156,-0.0002814012336305574,-0.0001255252400399934,0.0006574336405231797,0.0026739805726856227,0.0011187654516324375,-0.0005694237976371813,-0.001381586880849442,-0.00017379939421083916,0.0003022445296360052,-0.0006459978468138595,-0.0027428896756053218,-3.653564399347425e-05,0.00013234212262721437,0.07280793584746469,-7.886135092528589e-05,6.048135888174116e-06,-0.0018297889728527135,0.001459507775757223,0.0011952359965766736,-0.0006581128199884053,-0.0007392980753728223,-0.0004135931864289104,0.001369198449220304,0.00038079541011686025,-0.00046071823916281877,-0.0018327383556754186,0.00038777003806596445,0.00010770537583247944,0.0002939612852273845,-0.0006476211660714803,-5.201183845644647e-05,0.00016026338419303812,0.10409064460728436
Expands_Expression:_cons,0.6344864784338716,0.2543488279679833,-1.1817274696817046,1.4676758460077997,1.6164084005799493,0.5115567995269916,-0.9094654530697757,0.6416391091894387,2.56131617471277,-0.21566253929658838,-0.1969170952982949,-0.2974863373503793,-0.29331107395993455,0.36679649363349687,0.6786997485048075,-1.921041899222566,-0.0645841960961496,0.20599374530182724,127.73446258092217,0.6586629821359149,-0.1936457353444604,-1.28226736034522,1.2882613438529882,1.6312545225790036,-0.8617086405311084,-0.25622982289059343,1.527157382070598,3.5885554625967817,0.6041611429673015,0.24032734205949063,-1.0238174154452728,-0.8962454611606918,-0.0850427596529063,1.173187768625038,-1.169756880377882,-0.06002660831317136,0.10409064460728437,119.40889935673734
