model,sample,equation,term,coefficient,clustered_se,lower,upper,status,inference_valid,estimate_type,p_value,significant_5pct
full2_reduced,democracy,Contracts_Expression,court_independence_lag1,0.014637538518713415,0.5078848025189059,-0.9807983827135799,1.0100734597510068,successful_with_cautions,True,MLE,0.9770076810478222,False
full2_reduced,democracy,Contracts_Expression,v2jupurge_lag1,0.45802078480349967,0.45369725928804566,-0.4312095032856003,1.3472510728925997,successful_with_cautions,True,MLE,0.3127207427146058,False
full2_reduced,democracy,Contracts_Expression,wdj_expression_lag1,0.7593610779866089,0.3534292701101738,0.06665243748838967,1.4520697184848281,successful_with_cautions,True,MLE,0.031669949705300335,True
full2_reduced,democracy,Contracts_Expression,Civil,0.41052220586883825,0.483239461842196,-0.5366097352503837,1.35765414698806,successful_with_cautions,True,MLE,0.39559129458996367,False
full2_reduced,democracy,Contracts_Expression,Mixed,0.2481896396123399,0.6810115733674064,-1.086568517242733,1.582947796467413,successful_with_cautions,True,MLE,0.715527517004422,False
full2_reduced,democracy,Contracts_Expression,1.high_court,-0.121970315464469,0.16738413190195595,-0.4500371855758046,0.20609655464686655,successful_with_cautions,True,MLE,0.46619433635667207,False
full2_reduced,democracy,Contracts_Expression,1.mode_electronic_internet,0.4660337388058809,0.18384847912298222,0.10569734111237172,0.8263701364993901,successful_with_cautions,True,MLE,0.011248601582123723,True
full2_reduced,democracy,Contracts_Expression,1.mode_press_newspapers,-0.5025152744740377,0.4939368989150808,-1.4706138069829975,0.46558325803492207,successful_with_cautions,True,MLE,0.30897870752754053,False
full2_reduced,democracy,Contracts_Expression,1.mode_public_speech,0.28695524807682843,0.10969924911577297,0.07194867067882604,0.5019618254748308,successful_with_cautions,True,MLE,0.008900929078841883,True
full2_reduced,democracy,Contracts_Expression,1.mode_non_verbal_expression,-0.3833733623496441,0.27436481484978525,-0.9211185180802235,0.15437179338093526,successful_with_cautions,True,MLE,0.16231964372444052,False
full2_reduced,democracy,Contracts_Expression,yearspline1,-0.02871372720678108,0.008611130531718568,-0.04559123291512272,-0.01183622149843944,successful_with_cautions,True,MLE,0.0008545602446867144,True
full2_reduced,democracy,Contracts_Expression,yearspline2,-0.016977553801461893,0.031609046232020495,-0.07893014600188357,0.04497503839895978,successful_with_cautions,True,MLE,0.5911912189471171,False
full2_reduced,democracy,Contracts_Expression,_cons,56.25320077524199,16.577894386194885,23.761124838791275,88.74527671169271,successful_with_cautions,True,MLE,0.0006906460712522824,True
full2_reduced,democracy,Expands_Expression,court_independence_lag1,0.11109994689866515,0.28193350803148803,-0.4414795748780855,0.6636794686754157,successful_with_cautions,True,MLE,0.6935335243805566,False
full2_reduced,democracy,Expands_Expression,v2jupurge_lag1,-0.12710333691227224,0.26048627535030267,-0.6376470550658492,0.38344038124130464,successful_with_cautions,True,MLE,0.6255878165965554,False
full2_reduced,democracy,Expands_Expression,wdj_expression_lag1,0.24183814740340956,0.2102280452741288,-0.1702012498741388,0.6538775446809579,successful_with_cautions,True,MLE,0.24999521024860583,False
full2_reduced,democracy,Expands_Expression,Civil,0.5913192921871055,0.5312477541815158,-0.44990717287645343,1.6325457572506645,successful_with_cautions,True,MLE,0.2656756552900782,False
full2_reduced,democracy,Expands_Expression,Mixed,0.7790072850714397,0.31902327192727087,0.15373316186386066,1.4042814082790187,successful_with_cautions,True,MLE,0.014612177401707912,True
full2_reduced,democracy,Expands_Expression,1.high_court,-0.07663638650164228,0.19632358322367796,-0.46142353893590304,0.3081507659326185,successful_with_cautions,True,MLE,0.696272197400994,False
full2_reduced,democracy,Expands_Expression,1.mode_electronic_internet,-0.34183426171907344,0.34340232901946116,-1.0148904588043912,0.3312219353662443,successful_with_cautions,True,MLE,0.3195253598136397,False
full2_reduced,democracy,Expands_Expression,1.mode_press_newspapers,-0.06331333319905152,0.5477256160093044,-1.1368358139873034,1.0102091475892,successful_with_cautions,True,MLE,0.9079749863652975,False
full2_reduced,democracy,Expands_Expression,1.mode_public_speech,-0.3109643546126355,0.1155525048061085,-0.5374431023559997,-0.08448560686927134,successful_with_cautions,True,MLE,0.0071214980122118335,True
full2_reduced,democracy,Expands_Expression,1.mode_non_verbal_expression,-0.507654784347287,0.2589734915384445,-1.0152335007132267,-7.60679813472942e-05,successful_with_cautions,True,MLE,0.04996567587735324,True
full2_reduced,democracy,Expands_Expression,yearspline1,-0.019025678288035808,0.006933198726780195,-0.03261449809018395,-0.005436858485887668,successful_with_cautions,True,MLE,0.006066938229575167,True
full2_reduced,democracy,Expands_Expression,yearspline2,0.005176856789208269,0.018294341933099298,-0.030679394520527224,0.04103310809894376,successful_with_cautions,True,MLE,0.7771953567121709,False
full2_reduced,democracy,Expands_Expression,_cons,38.97144594704041,13.494409757250486,12.522888830203563,65.42000306387726,successful_with_cautions,True,MLE,0.0038773727153509773,True
