row_id,case_id,country_id,country,year,decision_direction,regime_binary
1,Angola_2015_01,104,angola,2015,Contracts Expression,autocracy
2,Angola_2016_01,104,angola,2016,Contracts Expression,autocracy
24,Azerbaijan_2016_01,106,azerbaijan,2016,Mixed Outcome,autocracy
29,Bangladesh_2014_01,24,bangladesh,2014,Contracts Expression,autocracy
30,Bangladesh_2015_01,24,bangladesh,2015,Contracts Expression,autocracy
31,Bangladesh_2019_02,24,bangladesh,2019,Expands Expression,autocracy
40,Cambodia_2015_01,55,cambodia,2015,Contracts Expression,autocracy
41,Cambodia_2016_01,55,cambodia,2016,Contracts Expression,autocracy
42,Cambodia_2017_01,55,cambodia,2017,Contracts Expression,autocracy
46,Cameroon_2018_01,108,cameroon,2018,Mixed Outcome,autocracy
101,Eswatini_2014_01,132,eswatini,2014,Mixed Outcome,autocracy
102,Eswatini_2015_01,132,eswatini,2015,Expands Expression,autocracy
103,Eswatini_2016_01,132,eswatini,2016,Expands Expression,autocracy
104,Ethiopia_2015_02,38,ethiopia,2015,Mixed Outcome,autocracy
105,Ethiopia_2017_01,38,ethiopia,2017,Contracts Expression,autocracy
109,Fiji_2018_01,162,fiji,2018,Expands Expression,autocracy
150,Hungary_2022_01,210,hungary,2022,Expands Expression,autocracy
152,Hungary_2024_03,210,hungary,2024,Mixed Outcome,autocracy
153,Kazakhstan_2009_01,121,kazakhstan,2009,Contracts Expression,autocracy
154,Kazakhstan_2013_01,121,kazakhstan,2013,Contracts Expression,autocracy
155,Kazakhstan_2014_02,121,kazakhstan,2014,Contracts Expression,autocracy
156,Kazakhstan_2015_02,121,kazakhstan,2015,Contracts Expression,autocracy
157,Kazakhstan_2016_01,121,kazakhstan,2016,Contracts Expression,autocracy
158,Kazakhstan_2017_01,121,kazakhstan,2017,Contracts Expression,autocracy
159,Kazakhstan_2019_01,121,kazakhstan,2019,Expands Expression,autocracy
160,Kenya_2011_01,40,kenya,2011,Expands Expression,autocracy
165,Kenya_2017_03,40,kenya,2017,Expands Expression,autocracy
166,Kenya_2018_02,40,kenya,2018,Expands Expression,autocracy
167,Kenya_2019_01,40,kenya,2019,Contracts Expression,autocracy
168,Kenya_2020_02,40,kenya,2020,Contracts Expression,autocracy
175,Malawi_2002_01,87,malawi,2002,Expands Expression,autocracy
176,Malawi_2019_01,87,malawi,2019,Expands Expression,autocracy
178,Malaysia_2014_01,177,malaysia,2014,Expands Expression,autocracy
180,Malaysia_2016_01,177,malaysia,2016,Contracts Expression,autocracy
181,Malaysia_2018_01,177,malaysia,2018,Contracts Expression,autocracy
182,Malaysia_2021_01,177,malaysia,2021,Contracts Expression,autocracy
188,Myanmar_2014_01,10,myanmar,2014,Contracts Expression,autocracy
189,Myanmar_2015_03,10,myanmar,2015,Contracts Expression,autocracy
190,Myanmar_2016_02,10,myanmar,2016,Contracts Expression,autocracy
192,Namibia_1986_01,127,namibia,1986,Expands Expression,autocracy
207,Nigeria_2022_03,45,nigeria,2022,Contracts Expression,autocracy
210,Pakistan_2002_01,29,pakistan,2002,Expands Expression,autocracy
211,Pakistan_2010_01,29,pakistan,2010,Contracts Expression,autocracy
212,Pakistan_2013_01,29,pakistan,2013,Expands Expression,autocracy
213,Pakistan_2014_03,29,pakistan,2014,Contracts Expression,autocracy
214,Pakistan_2015_01,29,pakistan,2015,Contracts Expression,autocracy
215,Pakistan_2018_02,29,pakistan,2018,Contracts Expression,autocracy
216,Pakistan_2019_01,29,pakistan,2019,Expands Expression,autocracy
217,Pakistan_2020_01,29,pakistan,2020,Contracts Expression,autocracy
220,Philippines_1987_01,46,philippines,1987,Expands Expression,autocracy
222,Philippines_2007_01,46,philippines,2007,Expands Expression,autocracy
224,Philippines_2017_01,46,philippines,2017,Mixed Outcome,autocracy
225,Philippines_2019_01,46,philippines,2019,Expands Expression,autocracy
226,Philippines_2020_01,46,philippines,2020,Contracts Expression,autocracy
227,Philippines_2023_02,46,philippines,2023,Expands Expression,autocracy
242,Rwanda_2012_01,129,rwanda,2012,Contracts Expression,autocracy
245,Singapore_2014_02,200,singapore,2014,Contracts Expression,autocracy
246,Singapore_2015_01,200,singapore,2015,Contracts Expression,autocracy
247,Singapore_2016_01,200,singapore,2016,Contracts Expression,autocracy
248,Singapore_2020_01,200,singapore,2020,Contracts Expression,autocracy
249,Singapore_2021_01,200,singapore,2021,Contracts Expression,autocracy
277,Sri Lanka_2005_01,131,sri lanka,2005,Expands Expression,autocracy
281,Tajikistan_2015_01,133,tajikistan,2015,Contracts Expression,autocracy
282,Tajikistan_2018_01,133,tajikistan,2018,Contracts Expression,autocracy
286,Thailand_2011_01,49,thailand,2011,Contracts Expression,autocracy
287,Thailand_2013_02,49,thailand,2013,Contracts Expression,autocracy
288,Thailand_2014_01,49,thailand,2014,Contracts Expression,autocracy
289,Thailand_2015_11,49,thailand,2015,Contracts Expression,autocracy
290,Thailand_2017_02,49,thailand,2017,Contracts Expression,autocracy
291,Thailand_2018_01,49,thailand,2018,Expands Expression,autocracy
292,Thailand_2021_01,49,thailand,2021,Contracts Expression,autocracy
306,Turkey_2016_03,99,turkey,2016,Contracts Expression,autocracy
309,Turkey_2019_04,99,turkey,2019,Expands Expression,autocracy
313,Turkey_2023_03,99,turkey,2023,Expands Expression,autocracy
315,Uganda_2002_01,50,uganda,2002,Expands Expression,autocracy
316,Uganda_2009_01,50,uganda,2009,Contracts Expression,autocracy
317,Uganda_2010_02,50,uganda,2010,Expands Expression,autocracy
318,Uganda_2014_03,50,uganda,2014,Expands Expression,autocracy
320,Uganda_2019_01,50,uganda,2019,Contracts Expression,autocracy
321,Uganda_2020_01,50,uganda,2020,Expands Expression,autocracy
322,Uganda_2021_03,50,uganda,2021,Mixed Outcome,autocracy
389,Venezuela_2010_01,51,venezuela,2010,Contracts Expression,autocracy
394,Vietnam_2012_01,34,vietnam,2012,Contracts Expression,autocracy
395,Vietnam_2014_01,34,vietnam,2014,Contracts Expression,autocracy
396,Vietnam_2015_01,34,vietnam,2015,Contracts Expression,autocracy
397,Vietnam_2016_01,34,vietnam,2016,Contracts Expression,autocracy
398,Vietnam_2017_01,34,vietnam,2017,Contracts Expression,autocracy
401,Zambia_2014_01,61,zambia,2014,Expands Expression,autocracy
402,Zambia_2015_01,61,zambia,2015,Expands Expression,autocracy
403,Zambia_2021_01,61,zambia,2021,Expands Expression,autocracy
404,Zimbabwe_2000_01,62,zimbabwe,2000,Expands Expression,autocracy
405,Zimbabwe_2004_01,62,zimbabwe,2004,Expands Expression,autocracy
408,Zimbabwe_2014_02,62,zimbabwe,2014,Expands Expression,autocracy
409,Zimbabwe_2015_01,62,zimbabwe,2015,Contracts Expression,autocracy
410,Zimbabwe_2016_02,62,zimbabwe,2016,Expands Expression,autocracy
411,Zimbabwe_2017_01,62,zimbabwe,2017,Expands Expression,autocracy
412,Zimbabwe_2018_01,62,zimbabwe,2018,Expands Expression,autocracy
432,Bangladesh_2019_01,24,bangladesh,2019,Expands Expression,autocracy
496,Eswatini_2014_02,132,eswatini,2014,Mixed Outcome,autocracy
497,Ethiopia_2015_01,38,ethiopia,2015,Contracts Expression,autocracy
553,Hungary_2018_03,210,hungary,2018,Expands Expression,autocracy
554,Hungary_2019_02,210,hungary,2019,Expands Expression,autocracy
557,Hungary_2022_02,210,hungary,2022,Expands Expression,autocracy
560,Hungary_2024_01,210,hungary,2024,Mixed Outcome,autocracy
561,Kazakhstan_2014_01,121,kazakhstan,2014,Contracts Expression,autocracy
562,Kazakhstan_2015_05,121,kazakhstan,2015,Expands Expression,autocracy
563,Kazakhstan_2015_04,121,kazakhstan,2015,Contracts Expression,autocracy
564,Kazakhstan_2015_01,121,kazakhstan,2015,Contracts Expression,autocracy
565,Kazakhstan_2015_03,121,kazakhstan,2015,Contracts Expression,autocracy
566,Kazakhstan_2016_02,121,kazakhstan,2016,Contracts Expression,autocracy
569,Kenya_2017_02,40,kenya,2017,Expands Expression,autocracy
570,Kenya_2017_01,40,kenya,2017,Expands Expression,autocracy
571,Kenya_2018_01,40,kenya,2018,Expands Expression,autocracy
572,Kenya_2019_02,40,kenya,2019,Expands Expression,autocracy
573,Kenya_2020_01,40,kenya,2020,Expands Expression,autocracy
575,Malaysia_2015_02,177,malaysia,2015,Contracts Expression,autocracy
576,Malaysia_2015_01,177,malaysia,2015,Contracts Expression,autocracy
577,Malaysia_2016_04,177,malaysia,2016,Expands Expression,autocracy
578,Malaysia_2016_02,177,malaysia,2016,Contracts Expression,autocracy
579,Malaysia_2016_03,177,malaysia,2016,Contracts Expression,autocracy
582,Myanmar_2014_02,10,myanmar,2014,Contracts Expression,autocracy
583,Myanmar_2015_09,10,myanmar,2015,Contracts Expression,autocracy
584,Myanmar_2015_06,10,myanmar,2015,Contracts Expression,autocracy
585,Myanmar_2015_08,10,myanmar,2015,Contracts Expression,autocracy
586,Myanmar_2015_10,10,myanmar,2015,Contracts Expression,autocracy
587,Myanmar_2015_04,10,myanmar,2015,Contracts Expression,autocracy
588,Myanmar_2015_07,10,myanmar,2015,Contracts Expression,autocracy
589,Myanmar_2015_01,10,myanmar,2015,Contracts Expression,autocracy
590,Myanmar_2015_05,10,myanmar,2015,Contracts Expression,autocracy
591,Myanmar_2015_02,10,myanmar,2015,Contracts Expression,autocracy
592,Myanmar_2016_01,10,myanmar,2016,Contracts Expression,autocracy
604,Nigeria_2022_01,45,nigeria,2022,Contracts Expression,autocracy
606,Nigeria_2023_01,45,nigeria,2023,Expands Expression,autocracy
608,Pakistan_2013_02,29,pakistan,2013,Mixed Outcome,autocracy
609,Pakistan_2014_02,29,pakistan,2014,Expands Expression,autocracy
610,Pakistan_2014_01,29,pakistan,2014,Expands Expression,autocracy
611,Pakistan_2018_01,29,pakistan,2018,Mixed Outcome,autocracy
612,Pakistan_2020_02,29,pakistan,2020,Expands Expression,autocracy
613,Pakistan_2020_03,29,pakistan,2020,Expands Expression,autocracy
617,Philippines_2023_01,46,philippines,2023,Mixed Outcome,autocracy
625,Singapore_2014_01,200,singapore,2014,Expands Expression,autocracy
626,Singapore_2015_02,200,singapore,2015,Mixed Outcome,autocracy
627,Singapore_2020_02,200,singapore,2020,Contracts Expression,autocracy
628,Singapore_2020_03,200,singapore,2020,Contracts Expression,autocracy
629,Singapore_2020_04,200,singapore,2020,Contracts Expression,autocracy
678,Thailand_2013_01,49,thailand,2013,Contracts Expression,autocracy
679,Thailand_2015_03,49,thailand,2015,Contracts Expression,autocracy
680,Thailand_2015_02,49,thailand,2015,Contracts Expression,autocracy
681,Thailand_2015_05,49,thailand,2015,Contracts Expression,autocracy
682,Thailand_2015_08,49,thailand,2015,Contracts Expression,autocracy
683,Thailand_2015_10,49,thailand,2015,Contracts Expression,autocracy
684,Thailand_2015_04,49,thailand,2015,Contracts Expression,autocracy
685,Thailand_2015_06,49,thailand,2015,Contracts Expression,autocracy
686,Thailand_2015_01,49,thailand,2015,Contracts Expression,autocracy
687,Thailand_2015_07,49,thailand,2015,Contracts Expression,autocracy
688,Thailand_2015_13,49,thailand,2015,Contracts Expression,autocracy
689,Thailand_2015_12,49,thailand,2015,Contracts Expression,autocracy
690,Thailand_2015_09,49,thailand,2015,Expands Expression,autocracy
691,Thailand_2017_01,49,thailand,2017,Contracts Expression,autocracy
692,Thailand_2018_02,49,thailand,2018,Expands Expression,autocracy
714,Turkey_2014_02,99,turkey,2014,Expands Expression,autocracy
715,Turkey_2014_04,99,turkey,2014,Expands Expression,autocracy
716,Turkey_2014_07,99,turkey,2014,Mixed Outcome,autocracy
720,Turkey_2015_03,99,turkey,2015,Expands Expression,autocracy
722,Turkey_2015_02,99,turkey,2015,Mixed Outcome,autocracy
723,Turkey_2015_10,99,turkey,2015,Expands Expression,autocracy
724,Turkey_2015_06,99,turkey,2015,Expands Expression,autocracy
725,Turkey_2015_05,99,turkey,2015,Expands Expression,autocracy
727,Turkey_2015_01,99,turkey,2015,Expands Expression,autocracy
728,Turkey_2016_04,99,turkey,2016,Contracts Expression,autocracy
729,Turkey_2016_05,99,turkey,2016,Contracts Expression,autocracy
731,Turkey_2016_02,99,turkey,2016,Contracts Expression,autocracy
736,Turkey_2019_03,99,turkey,2019,Expands Expression,autocracy
737,Turkey_2019_01,99,turkey,2019,Expands Expression,autocracy
739,Turkey_2021_06,99,turkey,2021,Expands Expression,autocracy
744,Turkey_2023_01,99,turkey,2023,Expands Expression,autocracy
746,Turkey_2023_02,99,turkey,2023,Mixed Outcome,autocracy
747,Turkey_2023_06,99,turkey,2023,Expands Expression,autocracy
749,Uganda_2010_01,50,uganda,2010,Contracts Expression,autocracy
750,Uganda_2014_02,50,uganda,2014,Mixed Outcome,autocracy
751,Uganda_2014_01,50,uganda,2014,Contracts Expression,autocracy
752,Uganda_2014_04,50,uganda,2014,Contracts Expression,autocracy
753,Uganda_2021_02,50,uganda,2021,Expands Expression,autocracy
754,Uganda_2021_01,50,uganda,2021,Expands Expression,autocracy
1063,Venezuela_2015_02,51,venezuela,2015,Contracts Expression,autocracy
1064,Vietnam_2012_03,34,vietnam,2012,Contracts Expression,autocracy
1065,Vietnam_2012_02,34,vietnam,2012,Contracts Expression,autocracy
1067,Vietnam_2015_03,34,vietnam,2015,Contracts Expression,autocracy
1068,Zimbabwe_2000_02,62,zimbabwe,2000,Contracts Expression,autocracy
1071,Zimbabwe_2014_01,62,zimbabwe,2014,Expands Expression,autocracy
1072,Zimbabwe_2015_02,62,zimbabwe,2015,Contracts Expression,autocracy
1073,Zimbabwe_2016_01,62,zimbabwe,2016,Expands Expression,autocracy
1075,Zimbabwe_2021_01,62,zimbabwe,2021,Expands Expression,autocracy
