,Contracts_Expression:court_independence_lag1,Contracts_Expression:v2jupurge_lag1,Contracts_Expression:wdj_expression_lag1,Contracts_Expression:Civil,Contracts_Expression:Mixed,Contracts_Expression:1.high_court,Contracts_Expression:1.mode_electronic_internet,Contracts_Expression:1.mode_press_newspapers,Contracts_Expression:1.mode_non_verbal_expression,Contracts_Expression:yearspline1,Contracts_Expression:yearspline2,Contracts_Expression:_cons,Expands_Expression:court_independence_lag1,Expands_Expression:v2jupurge_lag1,Expands_Expression:wdj_expression_lag1,Expands_Expression:Civil,Expands_Expression:Mixed,Expands_Expression:1.high_court,Expands_Expression:1.mode_electronic_internet,Expands_Expression:1.mode_press_newspapers,Expands_Expression:1.mode_non_verbal_expression,Expands_Expression:yearspline1,Expands_Expression:yearspline2,Expands_Expression:_cons
Contracts_Expression:court_independence_lag1,0.26724249975480774,-0.016284666394888365,-0.1080341922000649,0.09749345576560621,0.17000183329238128,0.0018975459244325971,-0.0576736623800847,0.07876945370794014,-0.014664293533086523,-0.00345530192194845,0.009251247173529273,6.333874816802076,0.057977924357466896,-0.06260128489240611,-0.030006227485828582,-0.05662350206595237,0.015921893939137236,-8.35330041653175e-06,0.0729760314002885,0.12227148180912645,0.048884965498645905,-0.0009899308153263283,0.0008457928680458892,1.9451435378643303
Contracts_Expression:v2jupurge_lag1,-0.016284666394888365,0.2037306231882702,-0.019306139049191373,0.14966907442866267,-0.0822256645405792,-0.007211856569426598,0.005943193466578397,-0.08056734383261115,-0.06949583458866457,0.0009404297914045439,0.0011398348081980612,-2.232359246507538,-0.02774016012465718,0.05235996062647318,0.03381117644914264,0.06220718948484447,0.022383384728618866,-0.018617525484018398,-0.08110144850822941,-0.1392119893073383,-0.03516226198131475,-0.0005076883414249324,0.002491317848758934,0.9722772222056806
Contracts_Expression:wdj_expression_lag1,-0.1080341922000649,-0.019306139049191373,0.12290335210164957,-0.09804150183986277,-0.018077283159961852,-0.033401665627506405,0.02259474010047285,-0.0770207117441435,-0.02260644700656224,0.0016924413695912886,-0.009823877672881415,-3.0602940981816364,-0.03015439826481922,0.04041141799123165,0.03040668055734191,0.008153249620887197,0.0026802900547680144,-0.0011707166332282743,-0.07679855238279078,-0.0831083755153614,-0.05352715727071419,0.0008873864001967145,-0.0007169717050108148,-1.7629472801266979
Contracts_Expression:Civil,0.09749345576560621,0.14966907442866267,-0.09804150183986277,0.23180891201908757,-0.022861287021817334,0.004789235612898469,-0.02212805324565786,0.01503116814739534,-0.03151207930613003,-0.001339322131351832,0.009131157273396587,2.143544910192064,0.01799512516348578,-0.003062558188412222,-0.015428722321103098,0.10228482822576315,0.02586161760256045,-0.02473381015753334,0.012130718459007582,-0.019175422914690526,0.02072477530540065,-0.0015324254454759873,0.003549159834810904,3.00952420798764
Contracts_Expression:Mixed,0.17000183329238128,-0.0822256645405792,-0.01807728315996185,-0.02286128702181733,0.46619673160656,-0.025204126974665366,0.014909049874119729,0.06109163859382254,-0.01774810663392069,-0.003608378114523713,0.004361185627888023,6.986076982300659,0.02412985914795841,-0.040006836103831794,0.006527140676990882,-0.04546518639716793,0.08552440309150637,-0.025049083038442367,0.04684460875174759,0.05268584036027123,0.06237425569495544,-0.0013438357777318638,-0.0007671797543347047,2.705006654670438
Contracts_Expression:1.high_court,0.0018975459244325971,-0.007211856569426599,-0.0334016656275064,0.004789235612898469,-0.025204126974665363,0.027162385721707923,-0.001979322116171707,0.03315357784629845,0.016080168951534277,0.00017728173120316917,0.0019177210704297606,-0.36434642779776916,-0.0026982755045404597,-0.017019071341960828,-0.007208966509632518,-0.038882781916913,-0.02292247565948254,0.019425178192067488,0.028425629739465975,0.045622756523825504,0.017764388837163737,0.00034656454479229607,-0.0008888848078640154,-0.6644183759832589
Contracts_Expression:1.mode_electronic_internet,-0.0576736623800847,0.005943193466578396,0.02259474010047285,-0.02212805324565786,0.01490904987411973,-0.0019793221161717076,0.029068571156247128,-0.025416550411119232,-0.0028054796574927855,0.0005870860395737876,-0.0019960975177187295,-1.0587611781446933,-0.02178741643797621,0.022460217300375205,0.016592946301913273,0.013364112944453367,0.00810405191724894,-0.004739085144604637,-0.026830971820099365,-0.054753275563924765,-0.014119581807777379,0.00012487823971648633,-0.000260027501038307,-0.2370968289131126
Contracts_Expression:1.mode_press_newspapers,0.07876945370794013,-0.08056734383261115,-0.07702071174414352,0.015031168147395338,0.061091638593822536,0.03315357784629845,-0.025416550411119232,0.22691899634806117,0.09506589478255781,-0.0014976539804481721,0.006147466337884728,2.920445163726627,0.06250859649614555,-0.08599365106930958,-0.05482846090957346,-0.04623115752381592,0.0032133638896135464,0.029721459788932515,0.14858088431686053,0.23654782137290198,0.10772992443882562,-0.00035167445385345407,-0.0018642621699173898,0.7032487297517028
Contracts_Expression:1.mode_non_verbal_expression,-0.014664293533086521,-0.06949583458866457,-0.022606447006562242,-0.03151207930613003,-0.01774810663392069,0.016080168951534277,-0.0028054796574927855,0.09506589478255781,0.07147992192290199,-0.00043322572596240225,0.002058740124922948,1.0021394682065041,0.03815580218683854,-0.024460445696219395,-0.032075818175755354,0.010809376340524148,0.005525386198424033,0.004987045775729708,0.07465061333663987,0.09677934993870684,0.04524979748960368,-0.0002749511127416792,-0.000916275797756731,0.5094479046111808
Contracts_Expression:yearspline1,-0.00345530192194845,0.0009404297914045438,0.0016924413695912886,-0.001339322131351832,-0.003608378114523713,0.00017728173120316914,0.0005870860395737876,-0.0014976539804481721,-0.0004332257259624023,7.102986182763011e-05,-0.00019211017649608834,-0.13560185796651988,-0.001244959479127689,0.0008507060007550975,0.00087205077026099,-0.0008141802010271071,-0.0008976375474838813,0.0005973712021189411,-0.001697438726930814,-0.001715520519051447,-0.0012813052432032,3.815203728179546e-05,-4.555853148760754e-05,-0.0748867917510342
Contracts_Expression:yearspline2,0.009251247173529275,0.0011398348081980614,-0.009823877672881415,0.009131157273396587,0.004361185627888022,0.0019177210704297606,-0.0019960975177187295,0.006147466337884728,0.0020587401249229486,-0.00019211017649608834,0.0009478855372532772,0.35726258024600976,0.0031474109482014585,-0.003213712504009229,-0.003643117643216786,0.0031211528768561115,0.0007828552238136673,-0.0008976256159422863,0.00680811986375709,0.006499208876505564,0.005407308772378617,-0.00012069891596513183,0.00020364876350167994,0.2385414657517151
Contracts_Expression:_cons,6.333874816802076,-2.2323592465075377,-3.060294098181637,2.1435449101920643,6.986076982300661,-0.36434642779776916,-1.058761178144693,2.9204451637266264,1.0021394682065043,-0.13560185796651988,0.3572625802460098,260.3020834525565,2.3991852727434146,-1.6492679623648976,-1.724947655549598,1.6238273260357314,1.7121224033690285,-1.161329352352101,3.343874440151358,3.382121586875173,2.487156206577712,-0.07272435233373652,0.08428384929253026,142.79187320021285
Expands_Expression:court_independence_lag1,0.057977924357466896,-0.027740160124657184,-0.030154398264819225,0.01799512516348578,0.024129859147958413,-0.0026982755045404597,-0.02178741643797621,0.06250859649614555,0.03815580218683854,-0.001244959479127689,0.003147410948201458,2.3991852727434146,0.07805199679028518,-0.010574822293851703,-0.02840430449036228,0.05331106513695941,0.053319637772372516,-0.021027493653938422,0.04901660109176316,0.07001790929127957,0.02621592541512657,-0.0011410458315008933,0.0001801147671571254,2.1332708747852935
Expands_Expression:v2jupurge_lag1,-0.06260128489240611,0.05235996062647318,0.04041141799123165,-0.003062558188412222,-0.040006836103831794,-0.017019071341960828,0.022460217300375205,-0.08599365106930958,-0.0244604456962194,0.0008507060007550975,-0.0032137125040092285,-1.6492679623648974,-0.010574822293851703,0.06652261755706916,0.027841146287097156,0.06094635265522567,0.026267248381265023,-0.022442467763787957,-0.07238421696225919,-0.1265588271841244,-0.05106707857782201,-0.00012297468933197074,0.0008558143232551216,0.1593562239077107
Expands_Expression:wdj_expression_lag1,-0.03000622748582858,0.03381117644914264,0.03040668055734191,-0.015428722321103098,0.006527140676990882,-0.007208966509632517,0.016592946301913276,-0.05482846090957346,-0.03207581817575536,0.00087205077026099,-0.0036431176432167862,-1.7249476555495977,-0.028404304490362284,0.027841146287097156,0.04346765282146078,-0.01754853487650066,0.007317525389359199,-0.0027623201076387204,-0.05197071862190166,-0.07232799499232109,-0.03771762419698203,0.0005728413447800137,-0.0018897621516385582,-1.1233736514402899
Expands_Expression:Civil,-0.05662350206595237,0.062207189484844466,0.008153249620887197,0.10228482822576315,-0.04546518639716792,-0.03888278191691301,0.013364112944453365,-0.046231157523815916,0.010809376340524146,-0.0008141802010271072,0.0031211528768561115,1.6238273260357314,0.053311065136959414,0.060946352655225675,-0.017548534876500658,0.2968953726403871,0.09313529097370865,-0.07747982108025153,-0.032816565845841916,-0.12144856080429364,-0.017560230039810935,-0.0026022384764505563,0.005353165676292679,4.989025519574016
Expands_Expression:Mixed,0.015921893939137236,0.02238338472861887,0.0026802900547680144,0.025861617602560446,0.08552440309150637,-0.02292247565948254,0.00810405191724894,0.0032133638896135464,0.0055253861984240335,-0.0008976375474838814,0.0007828552238136673,1.712122403369029,0.05331963777237252,0.026267248381265023,0.0073175253893591995,0.09313529097370865,0.10453751952321501,-0.04861265492977949,-0.001078793606944476,-0.033490774989973125,0.002338365819121135,-0.0015136433993696201,0.0002676142188052953,2.8738582622321727
Expands_Expression:1.high_court,-8.35330041653175e-06,-0.018617525484018398,-0.001170716633228274,-0.02473381015753334,-0.02504908303844237,0.019425178192067488,-0.004739085144604636,0.02972145978893252,0.004987045775729708,0.000597371202118941,-0.0008976256159422863,-1.1613293523521009,-0.02102749365393842,-0.022442467763787957,-0.0027623201076387204,-0.07747982108025153,-0.048612654929779495,0.0387100046778892,0.01048170383860277,0.051497185148732326,0.008293847085679958,0.0010839415392519733,-0.0010637988896649206,-2.0910903719878227
Expands_Expression:1.mode_electronic_internet,0.07297603140028848,-0.08110144850822942,-0.07679855238279078,0.012130718459007582,0.046844608751747584,0.028425629739465975,-0.026830971820099365,0.14858088431686053,0.07465061333663987,-0.001697438726930814,0.00680811986375709,3.3438744401513576,0.04901660109176316,-0.07238421696225919,-0.05197071862190166,-0.032816565845841916,-0.001078793606944476,0.01048170383860277,0.13803283946140915,0.1816156030250631,0.09100567741673254,-0.0006741046924460492,-0.0009920862960828027,1.3568505117544005
Expands_Expression:1.mode_press_newspapers,0.12227148180912645,-0.1392119893073383,-0.0831083755153614,-0.019175422914690526,0.05268584036027123,0.045622756523825504,-0.054753275563924765,0.23654782137290198,0.09677934993870684,-0.0017155205190514471,0.006499208876505564,3.3821215868751735,0.07001790929127957,-0.12655882718412437,-0.07232799499232109,-0.12144856080429363,-0.033490774989973125,0.051497185148732326,0.1816156030250631,0.3210501781713889,0.11776501330703816,0.00026105756817731404,-0.003021328624846998,-0.46759438981963947
Expands_Expression:1.mode_non_verbal_expression,0.04888496549864591,-0.035162261981314745,-0.053527157270714186,0.02072477530540065,0.06237425569495544,0.017764388837163737,-0.014119581807777379,0.10772992443882562,0.04524979748960368,-0.0012813052432031997,0.005407308772378617,2.4871562065777115,0.02621592541512657,-0.05106707857782201,-0.03771762419698203,-0.017560230039810935,0.0023383658191211344,0.008293847085679958,0.09100567741673254,0.11776501330703817,0.07511797671939993,-0.0006656479704027829,0.00038491083248622576,1.3499647384875122
Expands_Expression:yearspline1,-0.0009899308153263283,-0.0005076883414249324,0.0008873864001967146,-0.0015324254454759873,-0.0013438357777318635,0.0003465645447922961,0.00012487823971648636,-0.00035167445385345407,-0.0002749511127416792,3.815203728179546e-05,-0.00012069891596513182,-0.07272435233373653,-0.0011410458315008933,-0.00012297468933197074,0.0005728413447800136,-0.0026022384764505563,-0.0015136433993696203,0.0010839415392519733,-0.0006741046924460492,0.00026105756817731404,-0.0006656479704027829,4.7502536635025364e-05,-6.949958207044701e-05,-0.0922513133240736
Expands_Expression:yearspline2,0.0008457928680458892,0.0024913178487589336,-0.0007169717050108148,0.0035491598348109036,-0.0007671797543347047,-0.0008888848078640154,-0.000260027501038307,-0.00186426216991739,-0.000916275797756731,-4.555853148760754e-05,0.00020364876350167994,0.08428384929253027,0.0001801147671571254,0.0008558143232551216,-0.0018897621516385582,0.005353165676292678,0.0002676142188052953,-0.0010637988896649206,-0.000992086296082803,-0.0030213286248469977,0.00038491083248622576,-6.949958207044701e-05,0.00033931922733992096,0.1361594221474562
Expands_Expression:_cons,1.9451435378643305,0.9722772222056804,-1.7629472801266979,3.00952420798764,2.705006654670438,-0.664418375983259,-0.23709682891311262,0.7032487297517028,0.5094479046111807,-0.07488679175103419,0.23854146575171503,142.79187320021282,2.133270874785294,0.15935622390771073,-1.1233736514402897,4.989025519574015,2.873858262232173,-2.0910903719878227,1.3568505117544007,-0.4675943898196396,1.349964738487512,-0.09225131332407362,0.13615942214745622,179.4638735792107
