,Contracts_Expression:court_independence_lag1,Contracts_Expression:v2jupurge_lag1,Contracts_Expression:wdj_expression_lag1,Contracts_Expression:Civil,Contracts_Expression:Mixed,Contracts_Expression:1.high_court,Contracts_Expression:1.mode_electronic_internet,Contracts_Expression:1.mode_press_newspapers,Contracts_Expression:1.mode_public_speech,Contracts_Expression:1.mode_non_verbal_expression,Contracts_Expression:yearspline1,Contracts_Expression:yearspline2,Contracts_Expression:_cons,Expands_Expression:court_independence_lag1,Expands_Expression:v2jupurge_lag1,Expands_Expression:wdj_expression_lag1,Expands_Expression:Civil,Expands_Expression:Mixed,Expands_Expression:1.high_court,Expands_Expression:1.mode_electronic_internet,Expands_Expression:1.mode_press_newspapers,Expands_Expression:1.mode_public_speech,Expands_Expression:1.mode_non_verbal_expression,Expands_Expression:yearspline1,Expands_Expression:yearspline2,Expands_Expression:_cons
Contracts_Expression:court_independence_lag1,0.257946972629668,-0.01749817806054062,-0.10649813183512646,0.09329194259273484,0.15808961953376097,0.003971032218327386,-0.05653254014982024,0.08300764728692064,-0.015264401424374354,-0.01479641750873315,-0.003422731918273769,0.009336776241087471,6.292086200138198,0.05733324589585319,-0.06109566508692895,-0.028949141271373203,-0.05319357623360694,0.016352694495180745,-0.0012036412230127685,0.06868398289949718,0.11699805966724398,0.004900730022703486,0.046417568814789686,-0.0009707072008138781,0.0007028183756486694,1.9081061417654088
Contracts_Expression:v2jupurge_lag1,-0.017498178060540617,0.20584120308548415,-0.013811201014357396,0.15020872288055204,-0.0793674643119659,-0.0057427797689103815,0.009735726394213877,-0.08409939015248653,0.024083024171396118,-0.06954752706623911,0.001200475837041146,0.00021993922765027886,-2.7549970741160603,-0.03209777000753528,0.05652787309930289,0.037867873963506334,0.06535875121943557,0.02519184788639937,-0.02056984292402614,-0.07409384576563939,-0.13583548203104454,0.029583375173564685,-0.028850751136694015,-0.000416863752981148,0.002325073508534341,0.783019433519888
Contracts_Expression:wdj_expression_lag1,-0.10649813183512646,-0.013811201014357398,0.12491224897061017,-0.09566100813204605,-0.01364902243888117,-0.035306483460744824,0.02127964688273184,-0.08582536891390247,0.004945721008618727,-0.0264636073398068,0.0017610246526761587,-0.010189577282587632,-3.208181316182775,-0.031683903105483247,0.04287701087106018,0.032549318522218665,0.008677024402295527,0.00466479333860678,-0.00036924263274717783,-0.0751397062550427,-0.08388623855210958,0.0064745462674307445,-0.051952744779218345,0.0009109497166656636,-0.0006794280960583989,-1.81602352220685
Contracts_Expression:Civil,0.09329194259273482,0.150208722880552,-0.09566100813204605,0.2335203774815352,-0.02374440222808852,0.0064576109521492986,-0.018354102998186624,0.01782130832650197,0.007457369810685349,-0.030170746670984554,-0.0012199035027825767,0.008801706293654498,1.9109135411878473,0.015797376711284877,-0.0012316869460239509,-0.01371877873774902,0.10603381012639712,0.02778056196110611,-0.027543461913067228,0.012255782426948641,-0.02141776465895159,0.008914992578396513,0.022426061062282256,-0.0015568130471881939,0.003586090659401564,3.058246238498853
Contracts_Expression:Mixed,0.15808961953376097,-0.0793674643119659,-0.013649022438881168,-0.02374440222808852,0.46377676306035026,-0.026141598392169674,0.025680175450006545,0.06741642742697183,0.021251601493958033,-0.01119025805129359,-0.0034658892544350253,0.003948117047287631,6.71487298247411,0.02051728522883875,-0.03545382876888129,0.008771810261175097,-0.042018392405454734,0.08338352364636564,-0.02854028801735114,0.04236962676555653,0.04532999216312691,0.0025492565675232083,0.06085872577931282,-0.0013255464869259784,-0.0009345291494863975,2.6713206392063835
Contracts_Expression:1.high_court,0.003971032218327385,-0.0057427797689103815,-0.03530648346074482,0.0064576109521492986,-0.026141598392169674,0.02801744761257139,-0.002025273301503941,0.034790594954758135,-0.001959716950560802,0.015538591920430193,0.00014053086502574142,0.0021423290627985824,-0.2994452468374199,-0.002596513418085159,-0.01797499579053426,-0.007577591886242028,-0.04027245755684321,-0.023904102887483184,0.019357209843189904,0.026595970520929713,0.044352242166666285,-0.002565930615352508,0.01643329845407554,0.000349416413212807,-0.0009092564823702765,-0.6668098759571813
Contracts_Expression:1.mode_electronic_internet,-0.05653254014982024,0.009735726394213877,0.02127964688273184,-0.018354102998186624,0.025680175450006545,-0.002025273301503941,0.03380026327583363,-0.021091808498769953,0.016086766836330126,0.0008079360282699149,0.0006097409429338842,-0.0020847714322312734,-1.1188649182294599,-0.022569198541341737,0.022988987615138286,0.017587633756923505,0.012233982403849208,0.010378414365233408,-0.005827949159870592,-0.0227580640918593,-0.05315165780900124,0.0014425250603084998,-0.009982950532126876,8.899725716913132e-05,-0.0003365602143529215,-0.16628560686304514
Contracts_Expression:1.mode_press_newspapers,0.08300764728692064,-0.08409939015248653,-0.08582536891390247,0.01782130832650197,0.06741642742697183,0.034790594954758135,-0.021091808498769953,0.24397366010984675,-0.003433951347134467,0.10233597655583218,-0.0017800921511682637,0.0073036589059646126,3.4726366796184203,0.06597133995037277,-0.0909474345618281,-0.05710461213947536,-0.054641459708432184,0.0009461065517440856,0.029953434873031835,0.14428366972604675,0.23546930044603664,-0.022756720199092893,0.10420845023138094,-0.0003938980789902681,-0.002188048165507281,0.8006175419142947
Contracts_Expression:1.mode_public_speech,-0.015264401424374355,0.024083024171396118,0.004945721008618727,0.007457369810685348,0.021251601493958033,-0.001959716950560802,0.016086766836330126,-0.0034339513471344676,0.012033925256564416,-0.003367636464037579,0.0002447161843467958,-0.0007922153990747831,-0.5066966733905258,-0.009565485323621854,0.01176527438516869,0.01179754769930619,0.003502696361122701,0.011449042505621052,-0.004141654590806644,-0.01103423644928306,-0.02688014752036253,0.0044513389690148475,-0.001066946689647444,-4.121738447138055e-05,-0.00017970577744725832,0.0813297698839148
Contracts_Expression:1.mode_non_verbal_expression,-0.01479641750873315,-0.06954752706623911,-0.026463607339806797,-0.030170746670984558,-0.011190258051293589,0.015538591920430195,0.0008079360282699148,0.10233597655583218,-0.003367636464037579,0.07527605162755693,-0.0005796717242204998,0.0025845330967073296,1.2905610533111445,0.03971141201500801,-0.02653459419566671,-0.03296545209404814,0.005524579782358179,0.004934241961199494,0.00533082507400288,0.0690465324363434,0.09182148087238304,-0.02335199837635543,0.04121558230817837,-0.00033909806671807196,-0.0009600427031181097,0.646347162611221
Contracts_Expression:yearspline1,-0.0034227319182737687,0.001200475837041146,0.0017610246526761587,-0.0012199035027825765,-0.0034658892544350253,0.00014053086502574142,0.0006097409429338842,-0.0017800921511682637,0.0002447161843467958,-0.0005796717242204998,7.41515690342957e-05,-0.00020407368168432545,-0.14236450770245396,-0.0013222906191588872,0.0009661525416469678,0.000968990943725762,-0.0007195785453190994,-0.0007939788082384771,0.0005745959802611043,-0.0017137033713098741,-0.001874733634061087,0.00030939706471152275,-0.001264495762295215,3.880502217300294e-05,-4.4641759799406464e-05,-0.07637171136737661
Contracts_Expression:yearspline2,0.00933677624108747,0.0002199392276502789,-0.010189577282587632,0.0088017062936545,0.003948117047287631,0.0021423290627985824,-0.0020847714322312734,0.0073036589059646126,-0.0007922153990747832,0.0025845330967073296,-0.00020407368168432545,0.000999131803698009,0.38248984322276713,0.003430555795929787,-0.0036971050536358024,-0.004011976463579078,0.002715035838445142,0.0004035548802989487,-0.00083892609119811,0.006926122941089361,0.0071708651113013755,-0.0009505602649578689,0.0054119554666865665,-0.00012273867498914244,0.00019839208371812166,0.24336799419994634
Contracts_Expression:_cons,6.292086200138197,-2.75499707411606,-3.2081813161827757,1.910913541187847,6.714872982474111,-0.29944524683741996,-1.1188649182294603,3.4726366796184203,-0.5066966733905257,1.2905610533111442,-0.14236450770245396,0.3824898432227671,274.8265822798318,2.5634582247328694,-1.8901372592381274,-1.9290109290489361,1.4252786313574652,1.4980950055663123,-1.108894662956307,3.3729950402740303,3.706374645673191,-0.67744727549733,2.4461567206778043,-0.07420997498337155,0.0832228394702849,146.12661238992646
Expands_Expression:court_independence_lag1,0.05733324589585319,-0.03209777000753528,-0.031683903105483247,0.015797376711284877,0.02051728522883875,-0.0025965134180851585,-0.022569198541341737,0.06597133995037277,-0.009565485323621854,0.039711412015008,-0.0013222906191588872,0.003430555795929787,2.5634582247328694,0.07948650295094112,-0.012641674925176696,-0.02935684717253559,0.04774382633183507,0.050574505382602386,-0.01922753488186455,0.04511490450582538,0.06938283869377782,-0.01564627673904745,0.02210412569607794,-0.0011312215126748136,0.00011579557440650322,2.1196856253679766
Expands_Expression:v2jupurge_lag1,-0.061095665086928944,0.05652787309930289,0.04287701087106018,-0.0012316869460239509,-0.0354538287688813,-0.01797499579053426,0.022988987615138286,-0.09094743456182812,0.01176527438516869,-0.026534594195666714,0.0009661525416469678,-0.0036971050536358024,-1.8901372592381271,-0.012641674925176694,0.06785309964587369,0.0294302944073901,0.06035303294723112,0.02693563355226528,-0.02216604436821144,-0.07057219477184494,-0.12558709393332207,0.004046497432333471,-0.04883222392319854,-0.0001193583125478163,0.0009904004330375813,0.14970848499228623
Expands_Expression:wdj_expression_lag1,-0.0289491412713732,0.037867873963506334,0.032549318522218665,-0.013718778737749023,0.008771810261175097,-0.007577591886242028,0.017587633756923505,-0.057104612139475354,0.011797547699306188,-0.03296545209404813,0.000968990943725762,-0.004011976463579078,-1.9290109290489361,-0.029356847172535592,0.0294302944073901,0.044195831019781154,-0.014914014611838437,0.009226894081570996,-0.003575776247771916,-0.049080416909577,-0.07087720341220176,0.011200488158667034,-0.03458562789881354,0.0005746691286179376,-0.001798754927495475,-1.1326730686216102
Expands_Expression:Civil,-0.05319357623360694,0.06535875121943557,0.008677024402295527,0.10603381012639712,-0.042018392405454734,-0.04027245755684321,0.012233982403849208,-0.054641459708432184,0.003502696361122701,0.005524579782358179,-0.0007195785453190994,0.0027150358384451416,1.425278631357465,0.04774382633183507,0.06035303294723112,-0.014914014611838437,0.2822241763229043,0.0877266684201411,-0.07437725426255223,-0.0374839265615329,-0.12382353582721488,-0.016301265294161597,-0.020444829035824764,-0.002572485659358586,0.0055936561642525445,4.942335326154589
Expands_Expression:Mixed,0.01635269449518074,0.02519184788639937,0.004664793338606781,0.027780561961106114,0.08338352364636564,-0.02390410288748318,0.010378414365233408,0.0009461065517440857,0.011449042505621052,0.004934241961199494,-0.0007939788082384771,0.0004035548802989486,1.4980950055663123,0.05057450538260239,0.02693563355226528,0.009226894081570996,0.08772666842014108,0.1017758480311814,-0.04782636019013217,-0.004400034372760581,-0.035756451757607326,-0.0029630960309453393,-5.71188218338995e-05,-0.0014638605288925031,0.00030138836067270463,2.7788984922100357
Expands_Expression:1.high_court,-0.0012036412230127683,-0.02056984292402614,-0.00036924263274717783,-0.027543461913067228,-0.02854028801735114,0.019357209843189904,-0.005827949159870592,0.029953434873031835,-0.004141654590806644,0.005330825074002881,0.0005745959802611043,-0.0008389260911981101,-1.108894662956307,-0.01922753488186455,-0.02216604436821144,-0.003575776247771916,-0.07437725426255225,-0.04782636019013217,0.0385429493297844,0.0104022210729522,0.05162094104199243,0.003127608132054435,0.0075297743329838795,0.0011025868589936755,-0.0011509994075707632,-2.1319993372611186
Expands_Expression:1.mode_electronic_internet,0.06868398289949718,-0.07409384576563939,-0.07513970625504271,0.012255782426948643,0.04236962676555653,0.026595970520929713,-0.0227580640918593,0.14428366972604673,-0.01103423644928306,0.0690465324363434,-0.0017137033713098741,0.006926122941089361,3.372995040274031,0.04511490450582538,-0.07057219477184494,-0.049080416909577,-0.0374839265615329,-0.004400034372760582,0.0104022210729522,0.11792515957599027,0.16080723736061386,-0.019213415763702453,0.07780593770386489,-0.0006474481219316744,-0.0008777781166507282,1.3187131659551354
Expands_Expression:1.mode_press_newspapers,0.11699805966724398,-0.13583548203104454,-0.0838862385521096,-0.02141776465895159,0.04532999216312691,0.04435224216666629,-0.053151657809001246,0.23546930044603664,-0.02688014752036253,0.09182148087238304,-0.001874733634061087,0.007170865111301376,3.7063746456731907,0.06938283869377783,-0.12558709393332207,-0.07087720341220174,-0.12382353582721486,-0.035756451757607326,0.05162094104199243,0.16080723736061386,0.30000335043277193,-0.021570294381172417,0.10323108383982925,0.00028253816621868734,-0.003083413555989367,-0.49739026151099114
Expands_Expression:1.mode_public_speech,0.004900730022703486,0.029583375173564682,0.0064745462674307445,0.008914992578396513,0.0025492565675232083,-0.0025659306153525082,0.0014425250603085,-0.022756720199092893,0.0044513389690148475,-0.02335199837635543,0.0003093970647115227,-0.0009505602649578688,-0.6774472754973301,-0.015646276739047452,0.004046497432333472,0.011200488158667034,-0.016301265294161597,-0.0029630960309453393,0.003127608132054435,-0.019213415763702453,-0.021570294381172417,0.013352381366965729,-0.007144517655191134,0.00020560132013877665,0.00023484738544300984,-0.39060079407084863
Expands_Expression:1.mode_non_verbal_expression,0.046417568814789686,-0.028850751136694015,-0.051952744779218345,0.022426061062282256,0.06085872577931282,0.01643329845407554,-0.009982950532126876,0.10420845023138094,-0.001066946689647444,0.04121558230817837,-0.001264495762295215,0.005411955466686567,2.446156720677804,0.02210412569607794,-0.04883222392319853,-0.03458562789881354,-0.020444829035824764,-5.71188218338995e-05,0.0075297743329838795,0.07780593770386489,0.10323108383982926,-0.0071445176551911335,0.0670672693196128,-0.0006229020118276434,0.0003899204189256236,1.2749287515783436
Expands_Expression:yearspline1,-0.0009707072008138781,-0.000416863752981148,0.0009109497166656638,-0.0015568130471881939,-0.0013255464869259784,0.000349416413212807,8.899725716913132e-05,-0.0003938980789902681,-4.121738447138055e-05,-0.00033909806671807196,3.880502217300294e-05,-0.00012273867498914246,-0.07420997498337155,-0.0011312215126748138,-0.0001193583125478163,0.0005746691286179376,-0.002572485659358586,-0.0014638605288925031,0.0011025868589936757,-0.0006474481219316744,0.00028253816621868734,0.00020560132013877665,-0.0006229020118276434,4.806924458502652e-05,-6.959249246736837e-05,-0.09347978021002404
Expands_Expression:yearspline2,0.0007028183756486694,0.002325073508534341,-0.0006794280960583989,0.003586090659401564,-0.0009345291494863975,-0.0009092564823702765,-0.00033656021435292144,-0.002188048165507281,-0.00017970577744725832,-0.0009600427031181097,-4.4641759799406464e-05,0.00019839208371812166,0.08322283947028492,0.00011579557440650324,0.0009904004330375813,-0.0017987549274954752,0.0055936561642525445,0.00030138836067270463,-0.0011509994075707632,-0.0008777781166507283,-0.003083413555989367,0.00023484738544300986,0.0003899204189256236,-6.959249246736838e-05,0.0003346829467651554,0.1361693354013688
Expands_Expression:_cons,1.9081061417654088,0.7830194335198879,-1.8160235222068501,3.058246238498853,2.6713206392063835,-0.6668098759571813,-0.16628560686304514,0.8006175419142947,0.08132976988391477,0.6463471626112209,-0.0763717113673766,0.2433679941999463,146.1266123899265,2.119685625367976,0.14970848499228626,-1.1326730686216102,4.9423353261545895,2.7788984922100353,-2.1319993372611186,1.3187131659551352,-0.497390261510991,-0.3906007940708486,1.2749287515783436,-0.09347978021002404,0.1361693354013688,182.0990946965771
