,Contracts_Expression:court_independence_lag1,Contracts_Expression:v2jupurge_lag1,Contracts_Expression:wdj_expression_lag1,Contracts_Expression:Civil,Contracts_Expression:Mixed,Contracts_Expression:1.high_court,Contracts_Expression:1.mode_electronic_internet,Contracts_Expression:1.mode_press_newspapers,Contracts_Expression:yearspline1,Contracts_Expression:yearspline2,Contracts_Expression:_cons,Expands_Expression:court_independence_lag1,Expands_Expression:v2jupurge_lag1,Expands_Expression:wdj_expression_lag1,Expands_Expression:Civil,Expands_Expression:Mixed,Expands_Expression:1.high_court,Expands_Expression:1.mode_electronic_internet,Expands_Expression:1.mode_press_newspapers,Expands_Expression:yearspline1,Expands_Expression:yearspline2,Expands_Expression:_cons
Contracts_Expression:court_independence_lag1,0.13368250603435672,0.019817356204426942,-0.01760166238852746,0.14587505166618558,0.003366354094844518,-0.040648404016447405,-0.06127605104967388,0.02023363034093188,-0.021040776222322165,0.012748827570775311,42.34513007380753,0.1065914429475015,0.021477837488916407,-0.05926092162801229,0.13181511682043384,0.003717086312890981,-0.12268372151136786,-0.039552116247741624,0.06393425967695511,-0.01421190914076795,0.00964910054085406,28.62427909137408
Contracts_Expression:v2jupurge_lag1,0.01981735620442694,0.05175239803730288,0.001679773167132147,0.1437827283668623,0.10917474709737958,0.008708478503057561,-0.014766178132211002,0.019045533664211394,-0.0031162054225386347,0.001687368499856017,6.168569479807554,0.009359163394184983,0.013537793221421946,0.058582116349810184,0.00042150771980966137,0.013286725085590725,-0.01131271518767227,-0.000772760406082748,0.002004692363039198,0.005667395325582069,-0.005784777377748695,-11.3741189538236
Contracts_Expression:wdj_expression_lag1,-0.01760166238852746,0.001679773167132147,0.9876203789349837,0.0003454990738407393,0.0694768783211141,0.0851568649405499,-0.15344947743053083,0.012023474633365942,-0.004382064100627321,-0.0038254367524981213,8.746752800412418,-0.0009384672849124693,0.044579797263262645,0.7219171703490587,0.1742723046128467,0.07675714183149139,0.046320856346899794,-0.14050179657784442,-0.1556056935503546,0.031221671357055614,-0.04266517994936054,-62.66727081939499
Contracts_Expression:Civil,0.1458750516661856,0.14378272836686232,0.00034549907384073933,0.824963995987836,0.42630719911546744,-0.11835518655068854,0.03726386812865384,0.15029493655175852,-0.03699097167037336,0.02066345144385299,73.99770546578496,0.10730103789533665,0.05539474474120691,0.16944701832684594,0.6601722249071905,0.39468117425506594,-0.2739776695149817,0.06942913178767207,0.23698658664592878,-0.005128561281853392,-0.010979443056917355,10.059285798022755
Contracts_Expression:Mixed,0.003366354094844518,0.10917474709737958,0.0694768783211141,0.4263071991154674,0.6730665913269361,0.15945568772608862,0.18750874094347228,0.07978559744398003,-0.01394225450508506,0.01649993544777394,27.37393321650156,0.004147938904095304,0.014917367130926066,0.16676637090847843,0.36132405226411957,0.6033289710064056,0.03655747274146816,0.2513420130972188,0.10387274322645378,0.0231378105774728,-0.016685312994664796,-47.11524667795889
Contracts_Expression:1.high_court,-0.0406484040164474,0.008708478503057561,0.0851568649405499,-0.11835518655068852,0.15945568772608862,0.6384486923077933,-0.08029980310299602,-0.16673926491992913,-0.013395161741116568,0.028105310592246725,26.476211455795575,-0.026935701801690515,-0.03852951718343945,-0.0030551102315413544,-0.16824164145979037,0.17721593860617152,0.29618178901616915,0.03497228470908565,-0.13553446939389382,0.00042322281382706965,0.01063222908276655,-1.1500857507053168
Contracts_Expression:1.mode_electronic_internet,-0.06127605104967388,-0.014766178132211002,-0.15344947743053086,0.03726386812865384,0.18750874094347228,-0.08029980310299603,0.4707312159207037,0.16129980740343272,0.013100194475977872,-0.004930155440246183,-26.723218030676374,-0.072299796008814,-0.02052705156776364,-0.12576737176460795,0.16491290779786622,0.2982285787181748,0.08243489481586802,0.27897625078138616,0.12960337774702885,0.013291188209230063,-0.0022960885514704057,-27.234247000767482
Contracts_Expression:1.mode_press_newspapers,0.02023363034093188,0.019045533664211394,0.01202347463336594,0.15029493655175852,0.07978559744398003,-0.16673926491992913,0.16129980740343272,0.4917782177559058,-0.01080089101417509,-0.008395700184593477,21.6384435057798,0.014079471676779273,0.054871126214167155,0.05992075499321876,0.3307570036890662,0.2107159840105827,-0.007390631576185108,0.04906737908416102,0.35425990311807853,0.011564607206142458,-0.019589167982852835,-23.475762713761725
Contracts_Expression:yearspline1,-0.02104077622232216,-0.0031162054225386347,-0.004382064100627321,-0.03699097167037336,-0.013942254505085062,-0.013395161741116568,0.013100194475977874,-0.01080089101417509,0.030710955060745497,-0.02366115728409038,-61.6913860269542,-0.018851767974133665,0.007805559852939801,0.03963034031979806,-0.000521984557159053,-0.030213170279497627,0.029859611645654604,0.015820347791297627,0.01814973431526663,0.011661630313109326,-0.009418738886108205,-23.44712403026204
Contracts_Expression:yearspline2,0.012748827570775311,0.0016873684998560171,-0.0038254367524981217,0.02066345144385299,0.01649993544777394,0.02810531059224673,-0.004930155440246182,-0.008395700184593477,-0.02366115728409038,0.020354223136385324,47.50064100592389,0.012928272465098903,-0.011190897741669377,-0.03616118954499061,-0.01989317962394464,0.024830922562693404,-0.01472082292125824,-0.0078112418149950975,-0.023667945797277015,-0.010020149853752115,0.009238882876640726,20.132827278916753
Contracts_Expression:_cons,42.345130073807525,6.168569479807554,8.746752800412418,73.99770546578497,27.373933216501563,26.47621145579557,-26.723218030676378,21.6384435057798,-61.6913860269542,47.50064100592389,123925.27773213758,37.936938013967364,-15.652389581803,-79.77104530413521,0.7834756135205658,59.993372897656656,-60.26533157801483,-32.091076079337945,-36.513986220025934,-23.44459895275393,18.922540799762793,47139.21946594086
Expands_Expression:court_independence_lag1,0.1065914429475015,0.009359163394184983,-0.0009384672849124693,0.10730103789533665,0.004147938904095304,-0.026935701801690515,-0.072299796008814,0.014079471676779271,-0.018851767974133668,0.012928272465098903,37.936938013967364,0.14063817324475866,0.02732949953125203,-0.06834286537291598,0.17063630404985886,0.06880374825847833,-0.10661571430434186,-0.026018486658716717,0.07581691080642927,-0.016589020959741824,0.01265860915665665,33.31400329687435
Expands_Expression:v2jupurge_lag1,0.021477837488916407,0.013537793221421946,0.044579797263262645,0.05539474474120691,0.014917367130926066,-0.03852951718343945,-0.02052705156776364,0.054871126214167155,0.0078055598529398005,-0.011190897741669379,-15.652389581802998,0.027329499531252032,0.038814766961051225,0.07174300633306278,0.15640655329795872,0.05669608424779915,4.47720399301953e-06,-0.009202738748418005,0.04859520393176737,0.00500054632090044,-0.008963429626419805,-10.101341761032629
Expands_Expression:wdj_expression_lag1,-0.059260921628012296,0.058582116349810184,0.7219171703490587,0.16944701832684594,0.1667663709084784,-0.003055110231541355,-0.12576737176460795,0.05992075499321876,0.03963034031979806,-0.03616118954499062,-79.77104530413521,-0.06834286537291598,0.07174300633306278,1.153564065444176,0.27603104375322846,0.057330906076952286,0.05018185035346811,0.01170815308527755,-0.0027784588202042497,0.054509063222685845,-0.0780957892349177,-109.47979049768273
Expands_Expression:Civil,0.13181511682043384,0.00042150771980966137,0.17427230461284673,0.6601722249071905,0.36132405226411957,-0.1682416414597904,0.16491290779786622,0.3307570036890662,-0.000521984557159053,-0.019893179623944643,0.7834756135205659,0.17063630404985886,0.15640655329795874,0.27603104375322846,1.858587424206463,1.1911618324752238,-0.22693663992269927,0.21406280671820865,0.48383235920954487,-0.006244353728464966,-0.025504405702613607,11.331756525359305
Expands_Expression:Mixed,0.003717086312890981,0.013286725085590723,0.07675714183149138,0.39468117425506594,0.6033289710064056,0.1772159386061715,0.2982285787181749,0.21071598401058267,-0.030213170279497627,0.024830922562693404,59.993372897656656,0.06880374825847835,0.05669608424779914,0.05733090607695229,1.191161832475224,1.2628747875970712,0.07533628182124108,0.33539772250120886,0.22063234150352917,0.0070813623492949895,-0.0058267071172948175,-15.649338107481446
Expands_Expression:1.high_court,-0.12268372151136786,-0.01131271518767227,0.046320856346899794,-0.2739776695149817,0.036557472741468165,0.29618178901616915,0.08243489481586803,-0.007390631576185108,0.029859611645654604,-0.01472082292125824,-60.26533157801483,-0.10661571430434187,4.47720399301953e-06,0.05018185035346811,-0.2269366399226993,0.07533628182124107,0.4092222186653536,0.05555504484190067,-0.09959888981251078,0.03311600300287287,-0.015879015742486263,-66.85420421665458
Expands_Expression:1.mode_electronic_internet,-0.03955211624774162,-0.0007727604060827479,-0.14050179657784442,0.06942913178767207,0.2513420130972188,0.03497228470908565,0.27897625078138616,0.04906737908416102,0.015820347791297627,-0.0078112418149950975,-32.091076079337945,-0.026018486658716717,-0.009202738748418005,0.01170815308527755,0.21406280671820868,0.33539772250120886,0.05555504484190067,0.3131277928637344,0.1456837064454153,0.015435708820415202,-0.007616412982898589,-31.520677292479142
Expands_Expression:1.mode_press_newspapers,0.06393425967695512,0.002004692363039198,-0.1556056935503546,0.23698658664592878,0.10387274322645378,-0.13553446939389382,0.12960337774702885,0.35425990311807853,0.01814973431526663,-0.023667945797277015,-36.513986220025934,0.07581691080642927,0.048595203931767375,-0.0027784588202042497,0.48383235920954487,0.2206323415035292,-0.09959888981251078,0.1456837064454153,0.5850705895882796,-0.009975016194543308,-0.0028183269457879813,19.695330153499306
Expands_Expression:yearspline1,-0.014211909140767951,0.005667395325582069,0.031221671357055614,-0.005128561281853392,0.0231378105774728,0.00042322281382706965,0.013291188209230063,0.011564607206142457,0.011661630313109326,-0.010020149853752115,-23.44459895275393,-0.016589020959741824,0.005000546320900439,0.054509063222685845,-0.006244353728464966,0.00708136234929499,0.03311600300287287,0.015435708820415202,-0.009975016194543307,0.01589085148963697,-0.012422953641970188,-31.94486876399482
Expands_Expression:yearspline2,0.00964910054085406,-0.005784777377748695,-0.04266517994936054,-0.010979443056917356,-0.016685312994664796,0.01063222908276655,-0.002296088551470406,-0.019589167982852835,-0.009418738886108207,0.009238882876640726,18.92254079976279,0.012658609156656652,-0.008963429626419805,-0.0780957892349177,-0.025504405702613607,-0.0058267071172948175,-0.015879015742486263,-0.007616412982898589,-0.0028183269457879817,-0.012422953641970188,0.012181701952722073,24.960688446711636
Expands_Expression:_cons,28.624279091374085,-11.374118953823599,-62.667270819395,10.059285798022756,-47.115246677958886,-1.1500857507053166,-27.23424700076748,-23.475762713761725,-23.44712403026204,20.13282727891675,47139.21946594086,33.31400329687435,-10.101341761032625,-109.47979049768271,11.331756525359305,-15.649338107481446,-66.85420421665458,-31.52067729247914,19.69533015349931,-31.944868763994815,24.960688446711632,64219.682629688374
