,Contracts_Expression:court_independence_lag1,Contracts_Expression:v2jupurge_lag1,Contracts_Expression:wdj_expression_lag1,Contracts_Expression:Civil,Contracts_Expression:Mixed,Contracts_Expression:1.high_court,Contracts_Expression:1.mode_electronic_internet,Contracts_Expression:1.mode_press_newspapers,Contracts_Expression:1.mode_public_speech,Contracts_Expression:yearspline1,Contracts_Expression:yearspline2,Contracts_Expression:_cons,Expands_Expression:court_independence_lag1,Expands_Expression:v2jupurge_lag1,Expands_Expression:wdj_expression_lag1,Expands_Expression:Civil,Expands_Expression:Mixed,Expands_Expression:1.high_court,Expands_Expression:1.mode_electronic_internet,Expands_Expression:1.mode_press_newspapers,Expands_Expression:1.mode_public_speech,Expands_Expression:yearspline1,Expands_Expression:yearspline2,Expands_Expression:_cons
Contracts_Expression:court_independence_lag1,0.17065433115598194,0.02918604423239337,-0.05017895743466494,0.12425639599096056,-0.018505805591543835,-0.05244590870542576,-0.012398253845173273,0.1033897331009524,0.3763255049681917,-0.014396436822120929,0.008484897519689304,28.94634204500986,0.13584908020856834,0.027655367843171415,-0.09971872397041039,0.0507727246916052,-0.06468170585890756,-0.11850003855845376,0.0024583053771983525,0.11686478782230729,0.3618610800825121,-0.010517392572035988,0.010017180768404434,21.195189273457927
Contracts_Expression:v2jupurge_lag1,0.02918604423239337,0.05434093942466792,-0.003241028139181342,0.14009394317164706,0.10833054175686625,0.008948693919538028,0.006277595446939732,0.0493016135054988,0.116018771382979,-0.001993804426037535,0.0010571781068767364,3.88806692799246,0.01616019715161529,0.014870420141754956,0.05190388606487162,-0.015937660695747292,0.0025769016167581558,-0.00868192318881423,0.0133338910711459,0.019560759630827627,0.09780559995808011,0.006782937897330755,-0.005865298082630885,-13.626833644359962
Contracts_Expression:wdj_expression_lag1,-0.05017895743466494,-0.003241028139181342,0.9775487137768586,-0.007602113679103926,0.04179932798546449,0.07407451116263172,-0.2674342391585355,-0.10942273145246785,-0.46641914770149384,-0.006190564688879932,-0.005956514617317725,12.551627394166577,-0.03904048003391223,0.04196934867552323,0.7175869670969272,0.173452967933418,0.05090491172002713,0.0351535253801014,-0.2735134100201143,-0.29614495339911034,-0.5924733476675733,0.029562337104631183,-0.044394678082809946,-59.148042175558615
Contracts_Expression:Civil,0.12425639599096056,0.14009394317164706,-0.007602113679103925,0.8178745895743547,0.40936397397834196,-0.11813090797831892,-0.034043343781595306,0.0883178012538113,-0.26327096433728714,-0.037882288141740925,0.01973924245072585,75.88694624537293,0.0897002908689795,0.055510262611067965,0.15869484141637227,0.6559751382696868,0.376503718131201,-0.2747592787301755,0.007549957879320379,0.1782854264794344,-0.22445499774156102,-0.005669990046964101,-0.012283573180360198,11.237165503672744
Contracts_Expression:Mixed,-0.018505805591543835,0.10833054175686625,0.04179932798546449,0.40936397397834196,0.6313590950468595,0.1457960475245735,0.08233497707119455,-0.01195744378149524,-0.3509359067497614,-0.013127070816933525,0.012814231515557755,25.898945087928027,-0.020734916394623795,0.01418406814567203,0.13439509066821637,0.3170591148353464,0.5415692569594819,0.02711191600264483,0.14393450330865445,-0.005987067888281359,-0.3450275581811421,0.023182305345013185,-0.017843913758700487,-47.0280875261922
Contracts_Expression:1.high_court,-0.05244590870542576,0.008948693919538028,0.07407451116263172,-0.11813090797831893,0.1457960475245735,0.6309224971531423,-0.12821010753201584,-0.21862693129561725,-0.18977387995936265,-0.01483620755290581,0.027471331507515052,29.446943438140565,-0.04322079142856501,-0.04066357637694799,-0.013378712044483668,-0.17847436052297705,0.1596994130338276,0.2887836221119208,-0.025467730386874,-0.2024272561312296,-0.25293873773585074,-0.000405889783576846,0.01040006787394495,0.6057652119797626
Contracts_Expression:1.mode_electronic_internet,-0.012398253845173273,0.006277595446939733,-0.26743423915853554,-0.034043343781595306,0.08233497707119457,-0.12821010753201584,0.4215702923416613,0.19918715844274082,0.30571868746344083,0.03214618948339976,-0.021285480946601893,-64.86788874204585,-0.041471376806888255,-0.00956659659579774,-0.26178435429321883,-0.08548757518301574,0.05393194205179297,0.07363021466107901,0.21995917593998537,0.08801587971648836,0.2798391035239949,0.02124714920473705,-0.0022948810857962797,-42.97900294163862
Contracts_Expression:1.mode_press_newspapers,0.10338973310095238,0.04930161350549879,-0.10942273145246785,0.08831780125381132,-0.01195744378149524,-0.21862693129561725,0.19918715844274085,0.6339151620627618,0.703478542552844,0.009478366374986526,-0.02478218288217374,-19.095534846242597,0.06164023108193908,0.06891056354425812,-0.07108374220634614,0.058235035217129194,-0.04648425714078321,-0.013237527684994673,0.027798936819429118,0.3568820266286965,0.44878444255153577,0.022163119045161328,-0.02060530085110171,-44.562984101769864
Contracts_Expression:1.mode_public_speech,0.3763255049681917,0.11601877138297899,-0.4664191477014938,-0.26327096433728714,-0.35093590674976144,-0.18977387995936262,0.30571868746344083,0.703478542552844,3.4483831265528733,0.08458978076414789,-0.06268103874510488,-170.1276518236872,0.26926000076464707,0.06179464367797301,-0.5477187591537964,-1.0583174070748669,-0.9541724993501783,-0.007035749835584047,0.16696839279336395,0.27560010841843813,2.974995087426111,0.04257466618578511,0.003449477942486269,-85.10768420143727
Contracts_Expression:yearspline1,-0.01439643682212093,-0.0019938044260375347,-0.006190564688879932,-0.03788228814174093,-0.013127070816933525,-0.01483620755290581,0.03214618948339977,0.009478366374986526,0.08458978076414789,0.03190165485002109,-0.02405391543866439,-64.10857814200385,-0.01283000556066569,0.008358742733777682,0.03814047406836935,-0.006121171388263097,-0.03284800444465644,0.03047820080179762,0.03322280185235808,0.03673460227924107,0.08337941894217867,0.012178031817719481,-0.009167881431968325,-24.50559532683875
Contracts_Expression:yearspline2,0.008484897519689304,0.0010571781068767364,-0.005956514617317725,0.019739242450725846,0.012814231515557757,0.027471331507515052,-0.021285480946601893,-0.02478218288217374,-0.06268103874510488,-0.02405391543866439,0.020242259506526472,48.313054261665805,0.009290106436545662,-0.011443846717088906,-0.03912865152956052,-0.020259510222449165,0.021844395717707805,-0.015939012653815855,-0.021496745721171863,-0.03772554432309159,-0.05379421314435409,-0.010357785622353484,0.009197268784069993,20.830723224385277
Contracts_Expression:_cons,28.946342045009864,3.88806692799246,12.551627394166577,75.88694624537291,25.898945087928023,29.446943438140572,-64.86788874204586,-19.095534846242597,-170.12765182368716,-64.10857814200385,48.313054261665805,128831.54561337456,25.81376997904619,-16.77692378628088,-76.57828803990745,12.36813404352498,65.62966150771338,-61.486804705223285,-66.91503232664091,-73.73722463118207,-167.64785496007408,-24.491352288609715,18.418348936154395,49283.97598355653
Expands_Expression:court_independence_lag1,0.13584908020856834,0.01616019715161529,-0.03904048003391223,0.08970029086897949,-0.02073491639462379,-0.04322079142856501,-0.041471376806888255,0.06164023108193908,0.26926000076464707,-0.012830005560665688,0.009290106436545662,25.813769979046185,0.1671435653452751,0.031010514860836075,-0.11436175620603836,0.1026411922241126,0.008665867217822006,-0.10969662879195513,0.007888895700585994,0.11557239362016934,0.298220419500104,-0.014710831220511885,0.014556568394408402,29.536278498880364
Expands_Expression:v2jupurge_lag1,0.027655367843171415,0.014870420141754956,0.04196934867552323,0.055510262611067965,0.01418406814567203,-0.040663576376947994,-0.00956659659579774,0.06891056354425813,0.061794643677973014,0.008358742733777682,-0.011443846717088908,-16.776923786280882,0.031010514860836075,0.0395744864893714,0.0715922606108023,0.15142018699567808,0.051126674690863766,-0.0010579407715262407,-0.0037504267270588153,0.05501488747346308,0.033794652879242326,0.005367265575078191,-0.008998004512583343,-10.840591785620214
Expands_Expression:wdj_expression_lag1,-0.09971872397041039,0.05190388606487162,0.7175869670969272,0.15869484141637225,0.13439509066821637,-0.01337871204448367,-0.2617843542932188,-0.07108374220634614,-0.5477187591537964,0.03814047406836935,-0.03912865152956052,-76.57828803990743,-0.11436175620603836,0.0715922606108023,1.1645306420184716,0.283191607723871,0.027553770975066564,0.041196162897650296,-0.1380632121454456,-0.15616801220200968,-0.6391534442984594,0.054069091432080996,-0.08216979265189077,-108.3844965931064
Expands_Expression:Civil,0.0507727246916052,-0.015937660695747292,0.173452967933418,0.6559751382696868,0.3170591148353464,-0.17847436052297705,-0.08548757518301574,0.058235035217129194,-1.0583174070748669,-0.006121171388263097,-0.02025951022244916,12.368134043524982,0.10264119222411261,0.1514201869956781,0.283191607723871,1.9050920093012231,1.1779240648470761,-0.2466899802767701,-0.0007574627596505136,0.2503568501915225,-0.9670975042418212,-0.01209956478866971,-0.027838720935411072,23.379369199693482
Expands_Expression:Mixed,-0.06468170585890756,0.0025769016167581558,0.05090491172002713,0.376503718131201,0.5415692569594819,0.1596994130338276,0.05393194205179297,-0.04648425714078321,-0.9541724993501783,-0.03284800444465644,0.021844395717707802,65.6296615077134,0.008665867217822006,0.05112667469086376,0.027553770975066564,1.177924064847076,1.2047067361475459,0.053288665203686664,0.11974189041541908,-0.014237236872536219,-0.8651746170017244,0.002754811488482341,-0.006868333915404127,-6.644476278628851
Expands_Expression:1.high_court,-0.11850003855845376,-0.00868192318881423,0.0351535253801014,-0.2747592787301756,0.027111916002644832,0.2887836221119208,0.07363021466107902,-0.013237527684994674,-0.007035749835584047,0.03047820080179762,-0.015939012653815855,-61.4868047052233,-0.10969662879195513,-0.0010579407715262407,0.041196162897650296,-0.24668998027677008,0.053288665203686664,0.40139826680398955,0.02967863205297202,-0.1255842929313469,-0.09499583195619477,0.03326885605274432,-0.015680049434118857,-67.11277225478692
Expands_Expression:1.mode_electronic_internet,0.0024583053771983525,0.0133338910711459,-0.27351341002011426,0.007549957879320379,0.14393450330865445,-0.025467730386874,0.21995917593998537,0.027798936819429118,0.16696839279336395,0.03322280185235808,-0.021496745721171863,-66.91503232664093,0.007888895700585994,-0.0037504267270588153,-0.1380632121454456,-0.0007574627596505136,0.11974189041541908,0.02967863205297202,0.2711379774557895,0.10678283484620259,0.2626866057689254,0.018920013935553794,-0.0028717322954407896,-38.327230723124025
Expands_Expression:1.mode_press_newspapers,0.11686478782230729,0.019560759630827627,-0.29614495339911034,0.1782854264794344,-0.005987067888281358,-0.2024272561312296,0.08801587971648836,0.3568820266286965,0.2756001084184382,0.03673460227924107,-0.03772554432309159,-73.73722463118207,0.11557239362016934,0.05501488747346308,-0.15616801220200965,0.2503568501915225,-0.014237236872536217,-0.1255842929313469,0.10678283484620259,0.5507878051186293,0.29439124254689986,-0.005926871584371561,0.0017331785657224363,11.768456970925424
Expands_Expression:1.mode_public_speech,0.3618610800825121,0.0978055999580801,-0.5924733476675733,-0.22445499774156102,-0.3450275581811421,-0.25293873773585074,0.2798391035239949,0.4487844425515357,2.974995087426111,0.08337941894217867,-0.05379421314435409,-167.6478549600741,0.2982204195001039,0.033794652879242326,-0.6391534442984594,-0.9670975042418211,-0.8651746170017244,-0.09499583195619475,0.2626866057689254,0.2943912425468998,2.9141454423913657,0.02328809403497887,0.026943056637720383,-46.54322047993095
Expands_Expression:yearspline1,-0.010517392572035988,0.006782937897330755,0.029562337104631187,-0.0056699900469641,0.02318230534501318,-0.00040588978357684603,0.02124714920473705,0.022163119045161328,0.04257466618578511,0.012178031817719481,-0.010357785622353484,-24.491352288609715,-0.014710831220511885,0.005367265575078192,0.05406909143208099,-0.01209956478866971,0.002754811488482341,0.03326885605274432,0.018920013935553797,-0.005926871584371561,0.02328809403497887,0.016359528429425042,-0.012548004282705232,-32.887597915090325
Expands_Expression:yearspline2,0.010017180768404434,-0.005865298082630885,-0.044394678082809946,-0.012283573180360198,-0.017843913758700487,0.010400067873944948,-0.0022948810857962797,-0.02060530085110171,0.0034494779424862694,-0.009167881431968323,0.009197268784069993,18.41834893615439,0.014556568394408404,-0.00899800451258334,-0.08216979265189077,-0.027838720935411072,-0.006868333915404127,-0.015680049434118857,-0.0028717322954407896,0.0017331785657224363,0.02694305663772038,-0.012548004282705232,0.012551560186977104,25.206001433714285
Expands_Expression:_cons,21.195189273457927,-13.626833644359964,-59.148042175558615,11.237165503672744,-47.028087526192195,0.6057652119797626,-42.979002941638626,-44.56298410176987,-85.10768420143725,-24.50559532683875,20.830723224385277,49283.97598355653,29.536278498880367,-10.840591785620212,-108.3844965931064,23.37936919969349,-6.644476278628852,-67.1127722547869,-38.327230723124025,11.768456970925426,-46.54322047993095,-32.887597915090325,25.206001433714285,66115.4994247721
