model,sample,equation,term,coefficient,clustered_se,lower,upper,status,inference_valid,estimate_type,p_value,significant_5pct,delta_coefficient,delta_clustered_se,delta_lower,delta_upper
full2_reduced,autocracy,Contracts_Expression,court_independence_lag1,0.1550265262396138,0.3981051621986213,-0.6252452537291605,0.9352983062083884,successful_with_cautions,True,MLE,0.6969721418596468,False,0.0,0.0,0.0,0.0
full2_reduced,autocracy,Contracts_Expression,v2jupurge_lag1,-0.0389417607815323,0.2369432355860614,-0.5033419689106022,0.4254584473475374,successful_with_cautions,True,MLE,0.8694551573158774,False,0.0,0.0,0.0,0.0
full2_reduced,autocracy,Contracts_Expression,wdj_expression_lag1,1.9043341199381112,0.985059324543712,-0.0263466788029169,3.83501491867914,successful_with_cautions,True,MLE,0.0532093854345564,False,0.0,0.0,0.0,0.0
full2_reduced,autocracy,Expands_Expression,court_independence_lag1,0.9537998269304274,0.3969817289602813,0.1757299356478348,1.73186971821302,successful_with_cautions,True,MLE,0.0162776908459527,True,0.0,0.0,0.0,0.0
full2_reduced,autocracy,Expands_Expression,v2jupurge_lag1,-0.156776867738136,0.1966794440894869,-0.5422614946528895,0.2287077591766175,successful_with_cautions,True,MLE,0.4253820822520264,False,0.0,0.0,0.0,0.0
full2_reduced,autocracy,Expands_Expression,wdj_expression_lag1,0.9175572442742445,1.0806884499966405,-1.200553196227586,3.035667684776074,successful_with_cautions,True,MLE,0.3958541319555769,False,0.0,0.0,0.0,0.0
full2_reduced,democracy,Contracts_Expression,court_independence_lag1,0.0146375385187134,0.5078848025189059,-0.98079838271358,1.0100734597510068,successful_with_cautions,True,MLE,0.9770076810478222,False,0.0,0.0,0.0,0.0
full2_reduced,democracy,Contracts_Expression,v2jupurge_lag1,0.4580207848034996,0.4536972592880456,-0.4312095032856003,1.3472510728925997,successful_with_cautions,True,MLE,0.3127207427146058,False,0.0,0.0,0.0,0.0
full2_reduced,democracy,Contracts_Expression,wdj_expression_lag1,0.7593610779866089,0.3534292701101738,0.0666524374883896,1.452069718484828,successful_with_cautions,True,MLE,0.0316699497053003,True,0.0,0.0,0.0,0.0
full2_reduced,democracy,Expands_Expression,court_independence_lag1,0.1110999468986651,0.281933508031488,-0.4414795748780855,0.6636794686754157,successful_with_cautions,True,MLE,0.6935335243805566,False,0.0,0.0,0.0,0.0
full2_reduced,democracy,Expands_Expression,v2jupurge_lag1,-0.1271033369122722,0.2604862753503026,-0.6376470550658492,0.3834403812413046,successful_with_cautions,True,MLE,0.6255878165965554,False,0.0,0.0,0.0,0.0
full2_reduced,democracy,Expands_Expression,wdj_expression_lag1,0.2418381474034095,0.2102280452741288,-0.1702012498741388,0.6538775446809579,successful_with_cautions,True,MLE,0.2499952102486058,False,0.0,0.0,0.0,0.0
full2_reduced_no_public_speech,autocracy,Contracts_Expression,court_independence_lag1,0.1844518733929313,0.3642146187175443,-0.5293956619364434,0.8982994087223061,successful_with_cautions,True,MLE,0.6125496850395005,False,0.029425347153317488,-0.03389054348107701,0.09584959179271713,-0.036998897486082316
full2_reduced_no_public_speech,autocracy,Contracts_Expression,v2jupurge_lag1,-0.0297114671319442,0.2286571930218319,-0.4778713302607582,0.4184483959968698,successful_with_cautions,True,MLE,0.8966147570630997,False,0.009230293649588103,-0.00828604256422949,0.025470638649844057,-0.007010051350667623
full2_reduced_no_public_speech,autocracy,Contracts_Expression,wdj_expression_lag1,1.9054145869910473,0.9846786404490856,-0.0245200846350259,3.835349258617121,successful_with_cautions,True,MLE,0.0529826420978762,False,0.0010804670529360738,-0.0003806840946264378,0.0018265941678910005,0.000334339937980932
full2_reduced_no_public_speech,autocracy,Expands_Expression,court_independence_lag1,0.9554379116010028,0.3721927016912585,0.225953620977476,1.6849222022245294,successful_with_cautions,True,MLE,0.0102567315547386,True,0.0016380846705753571,-0.024789027269022768,0.05022368532964122,-0.04694751598849067
full2_reduced_no_public_speech,autocracy,Expands_Expression,v2jupurge_lag1,-0.1573182452001454,0.1938258123277235,-0.5372098566367032,0.2225733662364122,successful_with_cautions,True,MLE,0.416993899958017,False,-0.0005413774620093847,-0.0028536317617633977,0.005051638016186355,-0.006134392940205319
full2_reduced_no_public_speech,autocracy,Expands_Expression,wdj_expression_lag1,0.9433107769062032,1.0684896906942227,-1.1508905347068152,3.0375120885192217,successful_with_cautions,True,MLE,0.3773200253749632,False,0.025753532631958787,-0.012198759302417761,0.0496626615207707,0.001844403743147538
full2_reduced_no_public_speech,democracy,Contracts_Expression,court_independence_lag1,0.0190804907880532,0.5169550268203297,-0.9941327434067306,1.0322937249828372,successful_with_cautions,True,MLE,0.9705572587425708,False,0.0044429522693398005,0.00907022430142379,-0.013334360693150638,0.022220265231830405
full2_reduced_no_public_speech,democracy,Contracts_Expression,v2jupurge_lag1,0.4449041372133598,0.4513652879744633,-0.4397555710881382,1.329563845514858,successful_with_cautions,True,MLE,0.3242875565799994,False,-0.013116647590139807,-0.002331971313582315,-0.00854606780253786,-0.017687227377741754
full2_reduced_no_public_speech,democracy,Contracts_Expression,wdj_expression_lag1,0.7345399311884362,0.3505757437439869,0.0474240995968786,1.4216557627799935,successful_with_cautions,True,MLE,0.0361497620141902,True,-0.02482114679817271,-0.0028535263661868537,-0.019228337891511002,-0.030413955704834406
full2_reduced_no_public_speech,democracy,Expands_Expression,court_independence_lag1,0.107834367701431,0.2793778745539546,-0.4397362045016692,0.6554049399045312,successful_with_cautions,True,MLE,0.6995112272968205,False,-0.0032655791972341086,-0.0025556334775334033,0.0017433703764162534,-0.008274528770884526
full2_reduced_no_public_speech,democracy,Expands_Expression,v2jupurge_lag1,-0.1086308671323629,0.2579197889985744,-0.6141443644697389,0.3968826302050129,successful_with_cautions,True,MLE,0.6736230519210946,False,0.01847246977990931,-0.0025664863517282366,0.02350269059611032,0.013442248963708325
full2_reduced_no_public_speech,democracy,Expands_Expression,wdj_expression_lag1,0.2637580414101816,0.2084889752995605,-0.144872841350618,0.6723889241709813,successful_with_cautions,True,MLE,0.2058378231133948,False,0.021919894006772106,-0.001739069974568297,0.02532840852352078,0.01851137949002335
full2_reduced_no_non_verbal,autocracy,Contracts_Expression,court_independence_lag1,0.1780550066939487,0.4131032935670956,-0.6316125705924356,0.987722583980333,successful_with_cautions,True,MLE,0.6664551921760283,False,0.023028480454334893,0.014998131368474277,-0.006367316863275074,0.05242427777194458
full2_reduced_no_non_verbal,autocracy,Contracts_Expression,v2jupurge_lag1,-0.0307090650014707,0.2331114313470446,-0.4875990748262596,0.4261809448233181,successful_with_cautions,True,MLE,0.8951934576349929,False,0.008232695780061604,-0.0038318042390168006,0.01574289408434265,0.0007224974757806812
full2_reduced_no_non_verbal,autocracy,Contracts_Expression,wdj_expression_lag1,1.8469290825704432,0.9887106319732072,-0.0909081472288784,3.784766312369765,successful_with_cautions,True,MLE,0.061759586645338,False,-0.057405037367668,0.003651307429495154,-0.0645614684259615,-0.050248606309375
full2_reduced_no_non_verbal,autocracy,Expands_Expression,court_independence_lag1,0.958427400890576,0.4088319524514627,0.1571314983565169,1.759723303424635,successful_with_cautions,True,MLE,0.019062499360521,True,0.004627573960148568,0.011850223491181422,-0.018598437291317882,0.02785358521161485
full2_reduced_no_non_verbal,autocracy,Expands_Expression,v2jupurge_lag1,-0.1552132051084191,0.1989333719851232,-0.5451154495223699,0.2346890393055317,successful_with_cautions,True,MLE,0.4352572219758569,False,0.001563662629716911,0.002253927895636304,-0.0028539548694803685,0.00598128012891419
full2_reduced_no_non_verbal,autocracy,Expands_Expression,wdj_expression_lag1,0.8912630992503706,1.0791342094561138,-1.2238010857687156,3.0063272842694566,successful_with_cautions,True,MLE,0.4088575845301667,False,-0.02629414502387384,-0.0015542405405266635,-0.023247889541129663,-0.02934040050661757
full2_reduced_no_non_verbal,democracy,Contracts_Expression,court_independence_lag1,-0.0191578223844914,0.5054750720677992,-1.009870758720166,0.9715551139511832,successful_with_cautions,True,MLE,0.969766912788624,False,-0.0337953609032048,-0.0024097304511067064,-0.029072376006586076,-0.038518345799823606
full2_reduced_no_non_verbal,democracy,Contracts_Expression,v2jupurge_lag1,0.4841447524534172,0.4613417619973243,-0.4200684856255877,1.3883579905324224,successful_with_cautions,True,MLE,0.2939813864598063,False,0.02612396764991759,0.007644502709278689,0.011141017660012631,0.04110691763982266
full2_reduced_no_non_verbal,democracy,Contracts_Expression,wdj_expression_lag1,0.7720764168918399,0.3545273440777728,0.0772155909647654,1.4669372428189145,successful_with_cautions,True,MLE,0.0294237101274787,True,0.012715338905231022,0.0010980739675990336,0.010563153476375792,0.014867524334086557
full2_reduced_no_non_verbal,democracy,Expands_Expression,court_independence_lag1,0.067541927401641,0.2899433705078428,-0.5007366363498839,0.6358204911531659,successful_with_cautions,True,MLE,0.8158012516261876,False,-0.043558019497024106,0.008009862476354823,-0.05925706147179838,-0.02785897752224986
full2_reduced_no_non_verbal,democracy,Expands_Expression,v2jupurge_lag1,-0.0943650715647289,0.268421632234404,-0.6204618034156164,0.4317316602861585,successful_with_cautions,True,MLE,0.7251717257351239,False,0.032738265347543316,0.007935356884101408,0.01718525165023277,0.04829127904485392
full2_reduced_no_non_verbal,democracy,Expands_Expression,wdj_expression_lag1,0.2588834778559971,0.2089808771737343,-0.1507115148621109,0.6684784705741051,successful_with_cautions,True,MLE,0.2154231771040288,False,0.017045330452587576,-0.001247168100394519,0.019489735012027887,0.01460092589314721
full2_reduced_no_speech_no_non_verbal,autocracy,Contracts_Expression,court_independence_lag1,0.1909036032734913,0.3656261834638716,-0.5257105481205314,0.907517754667514,successful_with_cautions,True,MLE,0.6015813354885364,False,0.03587707703387749,-0.0324789787347497,0.09953470560862909,-0.027780551540874332
full2_reduced_no_speech_no_non_verbal,autocracy,Contracts_Expression,v2jupurge_lag1,-0.0254141258017199,0.2274915339903946,-0.4712893392106629,0.4204610876072231,successful_with_cautions,True,MLE,0.911049702398094,False,0.013527634979812402,-0.0094517015956668,0.03205262969993933,-0.004997359740314289
full2_reduced_no_speech_no_non_verbal,autocracy,Contracts_Expression,wdj_expression_lag1,1.8466574352288072,0.9937909130873472,-0.1011369625855684,3.7944518330431833,successful_with_cautions,True,MLE,0.0631413093086099,False,-0.05767668470930398,0.008731588543635205,-0.0747902837826515,-0.040563085635956675
full2_reduced_no_speech_no_non_verbal,autocracy,Expands_Expression,court_independence_lag1,0.9517158675094936,0.3750175639150234,0.2166949486661,1.6867367863528873,successful_with_cautions,True,MLE,0.0111554863574427,True,-0.0020839594209338674,-0.02196416504525789,0.04096501301826522,-0.045132931860132786
full2_reduced_no_speech_no_non_verbal,autocracy,Expands_Expression,v2jupurge_lag1,-0.1561957459293967,0.1970146364132655,-0.5423373377266507,0.2299458458678572,successful_with_cautions,True,MLE,0.4278868374862418,False,0.0005811218087393155,0.0003351923237785992,-7.584307376118371e-05,0.0012380866912397037
full2_reduced_no_speech_no_non_verbal,autocracy,Expands_Expression,wdj_expression_lag1,0.909283085788436,1.0740409980276246,-1.1957985882651636,3.014364759842035,successful_with_cautions,True,MLE,0.39721812594769,False,-0.00827415848580848,-0.0066474519690158385,0.00475460796242233,-0.02130292493403907
full2_reduced_no_speech_no_non_verbal,democracy,Contracts_Expression,court_independence_lag1,-0.0202390788761348,0.5125371173452044,-1.0247933696127147,0.984315211860445,successful_with_cautions,True,MLE,0.96850130015696,False,-0.0348766173948482,0.004652314826298465,-0.043994986899134725,-0.025758247890561803
full2_reduced_no_speech_no_non_verbal,democracy,Contracts_Expression,v2jupurge_lag1,0.4683611705951869,0.4586897616960405,-0.4306542424063125,1.3673765835966862,successful_with_cautions,True,MLE,0.3072142359961102,False,0.010340385791687279,0.00499250240799487,0.0005552608792878111,0.020125510704086524
full2_reduced_no_speech_no_non_verbal,democracy,Contracts_Expression,wdj_expression_lag1,0.7409147308461254,0.3517724033751395,0.0514534894757556,1.430375972216495,successful_with_cautions,True,MLE,0.0351840966398557,True,-0.018446347140483543,-0.0016568667350342903,-0.015198948012634002,-0.02169374626833287
full2_reduced_no_speech_no_non_verbal,democracy,Expands_Expression,court_independence_lag1,0.0680527577585378,0.2894738195820555,-0.4993055030895363,0.635411018606612,successful_with_cautions,True,MLE,0.8141379215019269,False,-0.04304718914012731,0.007540311550567502,-0.05782592821145083,-0.02826845006880374
full2_reduced_no_speech_no_non_verbal,democracy,Expands_Expression,v2jupurge_lag1,-0.0845221548378051,0.2662761399387759,-0.6064137990601535,0.437369489384543,successful_with_cautions,True,MLE,0.7509227039478006,False,0.04258118207446711,0.0057898645884733035,0.03123325600569571,0.053929108143238424
full2_reduced_no_speech_no_non_verbal,democracy,Expands_Expression,wdj_expression_lag1,0.2720425210872081,0.2064738383372716,-0.1326387658035897,0.676723807978006,successful_with_cautions,True,MLE,0.1876496033158414,False,0.030204373683798608,-0.003754206936857213,0.0375624840705491,0.022846263297048086
